event_id;user_id;product_id;app_section;event_type;event_date;browse_duration_sec;session_depth;related_event_id;transaction_value;quantity
E0000001;U000000;I0067;shop;view;2026/01/10;119;4;;;
E0000002;U000000;I0222;home;view;2026/01/10;506;4;;;
E0000003;U000000;I0222;home;add_to_cart;2026/01/10;572;8;E0000002;;
E0000004;U000000;I0101;rewards;view;2026/02/16;80;8;;;
E0000005;U000000;I0027;home;view;2026/02/06;532;2;;;
E0000006;U000000;I0066;shop;view;2026/03/25;145;6;;;
E0000007;U000000;I0224;home;view;2026/03/25;47;1;;;
E0000008;U000000;I0224;home;wishlist;2026/03/25;223;8;E0000007;;
E0000009;U000000;I0106;home;view;2025/10/31;581;2;;;
E0000010;U000000;I0123;shop;view;2025/12/30;16;5;;;
E0000011;U000000;I0161;shop;view;2025/12/30;370;12;;;
E0000012;U000000;I0069;home;view;2025/10/12;120;1;;;
E0000013;U000000;I0187;shop;view;2025/12/02;455;2;;;
E0000014;U000000;I0187;shop;add_to_cart;2025/12/02;26;8;E0000013;;
E0000015;U000000;I0187;shop;purchase;2025/12/02;118;2;E0000014;35.74;1
E0000016;U000000;I0032;shop;view;2025/12/02;394;3;;;
E0000017;U000000;I0032;shop;add_to_cart;2025/12/02;261;9;E0000016;;
E0000018;U000000;I0032;shop;purchase;2025/12/02;280;8;E0000017;67.92;1
E0000019;U000000;I0018;shop;view;2025/10/07;41;2;;;
E0000020;U000000;I0090;rewards;view;2025/10/07;492;3;;;
E0000021;U000000;I0090;rewards;redeem_reward;2025/10/07;464;7;E0000020;;
E0000022;U000000;I0105;shop;view;2026/03/06;139;10;;;
E0000023;U000000;I0157;home;view;2026/03/06;483;6;;;
E0000024;U000000;I0157;home;add_to_cart;2026/03/06;595;8;E0000023;;
E0000025;U000000;I0141;rewards;view;2025/12/30;51;11;;;
E0000026;U000000;I0141;rewards;redeem_reward;2025/12/30;154;12;E0000025;;
E0000027;U000000;I0182;shop;view;2025/12/30;517;5;;;
E0000028;U000000;I0182;shop;add_to_cart;2025/12/30;370;10;E0000027;;
E0000029;U000000;I0054;home;view;2026/02/13;102;4;;;
E0000030;U000000;I0137;shop;view;2026/03/12;248;3;;;
E0000031;U000000;I0189;shop;view;2025/10/19;363;9;;;
E0000032;U000000;I0039;shop;view;2025/10/19;335;8;;;
E0000033;U000000;I0039;shop;add_to_cart;2025/10/19;520;6;E0000032;;
E0000034;U000000;I0102;shop;view;2025/11/30;469;7;;;
E0000035;U000000;I0102;shop;add_to_cart;2025/11/30;461;7;E0000034;;
E0000036;U000000;I0061;home;view;2025/12/17;263;12;;;
E0000037;U000000;I0061;home;add_to_cart;2025/12/17;590;9;E0000036;;
E0000038;U000000;I0061;home;purchase;2025/12/17;353;2;E0000037;892.75;1
E0000039;U000000;I0109;shop;view;2026/02/27;484;6;;;
E0000040;U000000;I0109;shop;add_to_cart;2026/02/27;443;12;E0000039;;
E0000041;U000000;I0018;shop;view;2026/02/02;173;11;;;
E0000042;U000000;I0008;shop;view;2026/02/02;414;8;;;
E0000043;U000000;I0108;home;view;2026/03/04;137;10;;;
E0000044;U000000;I0108;home;add_to_cart;2026/03/04;54;2;E0000043;;
E0000045;U000000;I0149;rewards;view;2026/03/04;554;11;;;
E0000046;U000000;I0149;rewards;add_to_cart;2026/03/04;20;11;E0000045;;
E0000047;U000000;I0149;rewards;redeem_reward;2026/03/04;335;1;E0000046;;
E0000048;U000000;I0111;home;view;2025/12/22;350;3;;;
E0000049;U000000;I0148;shop;view;2025/12/22;347;8;;;
E0000050;U000000;I0059;home;view;2026/01/11;325;1;;;
E0000051;U000000;I0059;home;add_to_cart;2026/01/11;430;10;E0000050;;
E0000052;U000000;I0059;home;purchase;2026/01/11;342;3;E0000051;892.80;1
E0000053;U000000;I0089;home;view;2026/01/11;97;6;;;
E0000054;U000000;I0089;home;add_to_cart;2026/01/11;375;7;E0000053;;
E0000055;U000000;I0089;home;purchase;2026/01/11;357;9;E0000054;26.15;1
E0000056;U000000;I0186;rewards;view;2026/02/28;494;1;;;
E0000057;U000000;I0192;shop;view;2025/12/19;547;5;;;
E0000058;U000000;I0023;home;view;2025/12/04;376;3;;;
E0000059;U000000;I0231;shop;view;2025/12/04;33;10;;;
E0000060;U000000;I0024;shop;view;2025/11/01;379;12;;;
E0000061;U000000;I0231;shop;view;2025/11/01;170;9;;;
E0000062;U000000;I0019;shop;view;2025/12/29;357;7;;;
E0000063;U000000;I0064;home;view;2025/11/24;416;11;;;
E0000064;U000000;I0064;home;wishlist;2025/11/24;364;1;E0000063;;
E0000065;U000000;I0221;rewards;view;2025/11/24;234;1;;;
E0000066;U000000;I0221;rewards;redeem_reward;2025/11/24;262;1;E0000065;;
E0000067;U000000;I0103;shop;view;2026/03/31;290;5;;;
E0000068;U000000;I0103;shop;add_to_cart;2026/03/31;515;4;E0000067;;
E0000069;U000000;I0181;shop;view;2026/03/31;278;3;;;
E0000070;U000000;I0100;shop;view;2025/12/12;332;11;;;
E0000071;U000000;I0181;rewards;view;2025/12/12;219;12;;;
E0000072;U000000;I0181;rewards;redeem_reward;2025/12/12;374;1;E0000071;;
E0000073;U000000;I0066;shop;view;2025/11/16;160;1;;;
E0000074;U000000;I0221;shop;view;2025/11/16;104;3;;;
E0000075;U000000;I0221;shop;add_to_cart;2025/11/16;480;11;E0000074;;
E0000076;U000000;I0221;shop;purchase;2025/11/16;411;2;E0000075;17.68;1
E0000077;U000000;I0146;shop;view;2025/12/26;38;10;;;
E0000078;U000000;I0111;home;view;2025/11/21;242;10;;;
E0000079;U000000;I0111;home;add_to_cart;2025/11/21;445;12;E0000078;;
E0000080;U000000;I0111;home;purchase;2025/11/21;112;12;E0000079;120.74;1
E0000081;U000000;I0021;home;view;2025/10/13;504;3;;;
E0000082;U000000;I0067;rewards;view;2026/01/18;120;9;;;
E0000083;U000000;I0067;rewards;add_to_cart;2026/01/18;367;8;E0000082;;
E0000084;U000000;I0067;rewards;purchase;2026/01/18;84;6;E0000083;415.18;1
E0000085;U000000;I0006;shop;view;2026/01/18;186;1;;;
E0000086;U000000;I0100;shop;view;2025/12/08;574;6;;;
E0000087;U000000;I0176;home;view;2025/12/08;469;9;;;
E0000088;U000000;I0176;home;add_to_cart;2025/12/08;293;9;E0000087;;
E0000089;U000000;I0176;home;wishlist;2025/12/08;343;12;E0000088;;
E0000090;U000000;I0141;rewards;view;2025/12/08;399;7;;;
E0000091;U000000;I0141;rewards;redeem_reward;2025/12/08;151;11;E0000090;;
E0000092;U000000;I0172;shop;view;2025/12/08;265;12;;;
E0000093;U000000;I0055;home;view;2026/01/05;39;12;;;
E0000094;U000000;I0055;home;add_to_cart;2026/01/05;55;7;E0000093;;
E0000095;U000000;I0055;home;purchase;2026/01/05;576;6;E0000094;739.48;1
E0000096;U000000;I0194;shop;view;2026/03/15;489;12;;;
E0000097;U000000;I0038;shop;view;2026/03/15;394;4;;;
E0000098;U000000;I0185;shop;view;2026/01/05;334;2;;;
E0000099;U000000;I0038;rewards;view;2026/01/05;273;8;;;
E0000100;U000000;I0119;rewards;view;2025/12/29;546;6;;;
E0000101;U000000;I0119;rewards;add_to_cart;2025/12/29;541;4;E0000100;;
E0000102;U000000;I0168;shop;view;2025/12/29;181;3;;;
E0000103;U000000;I0194;home;view;2026/01/26;443;2;;;
E0000104;U000000;I0194;home;add_to_cart;2026/01/26;424;3;E0000103;;
E0000105;U000000;I0039;shop;view;2026/01/26;540;9;;;
E0000106;U000000;I0104;shop;view;2026/01/24;119;8;;;
E0000107;U000000;I0104;shop;add_to_cart;2026/01/24;494;12;E0000106;;
E0000108;U000000;I0026;shop;view;2026/02/10;248;10;;;
E0000109;U000000;I0232;rewards;view;2026/02/10;210;1;;;
E0000110;U000000;I0232;rewards;add_to_cart;2026/02/10;589;5;E0000109;;
E0000111;U000000;I0232;rewards;redeem_reward;2026/02/10;64;10;E0000110;;
E0000112;U000000;I0020;shop;view;2025/12/18;453;2;;;
E0000113;U000000;I0020;shop;add_to_cart;2025/12/18;542;11;E0000112;;
E0000114;U000000;I0070;shop;view;2025/10/23;49;12;;;
E0000115;U000000;I0223;shop;view;2025/10/23;307;7;;;
E0000116;U000000;I0140;shop;view;2026/03/15;137;10;;;
E0000117;U000000;I0140;shop;add_to_cart;2026/03/15;201;12;E0000116;;
E0000118;U000000;I0055;shop;view;2026/01/04;461;7;;;
E0000119;U000000;I0055;shop;wishlist;2026/01/04;407;9;E0000118;;
E0000120;U000000;I0094;shop;view;2026/01/04;31;2;;;
E0000121;U000000;I0059;shop;view;2026/02/22;71;8;;;
E0000122;U000000;I0094;shop;view;2026/02/22;14;11;;;
E0000123;U000000;I0094;shop;add_to_cart;2026/02/22;242;12;E0000122;;
E0000124;U000000;I0094;shop;purchase;2026/02/22;210;7;E0000123;20.44;1
E0000125;U000000;I0068;rewards;view;2025/10/11;97;4;;;
E0000126;U000000;I0068;rewards;add_to_cart;2025/10/11;83;10;E0000125;;
E0000127;U000000;I0019;rewards;view;2025/10/27;348;8;;;
E0000128;U000000;I0019;rewards;redeem_reward;2025/10/27;61;9;E0000127;;
E0000129;U000000;I0099;shop;view;2025/10/27;421;1;;;
E0000130;U000000;I0187;rewards;view;2025/11/07;537;5;;;
E0000131;U000000;I0029;shop;view;2025/11/07;310;9;;;
E0000132;U000001;I0068;shop;view;2026/01/16;451;9;;;
E0000133;U000001;I0068;shop;add_to_cart;2026/01/16;268;5;E0000132;;
E0000134;U000001;I0108;shop;view;2025/11/03;149;6;;;
E0000135;U000001;I0153;shop;view;2025/11/03;57;12;;;
E0000136;U000001;I0130;rewards;view;2025/10/03;454;5;;;
E0000137;U000001;I0130;rewards;wishlist;2025/10/03;210;12;E0000136;;
E0000138;U000001;I0130;rewards;redeem_reward;2025/10/03;219;10;E0000137;;
E0000139;U000001;I0121;shop;view;2025/10/03;213;4;;;
E0000140;U000001;I0026;home;view;2025/11/16;78;10;;;
E0000141;U000001;I0026;home;add_to_cart;2025/11/16;514;3;E0000140;;
E0000142;U000001;I0026;home;purchase;2025/11/16;19;12;E0000141;186.86;1
E0000143;U000001;I0096;shop;view;2025/11/16;306;4;;;
E0000144;U000001;I0075;shop;view;2025/11/10;211;2;;;
E0000145;U000001;I0001;shop;view;2025/11/10;458;11;;;
E0000146;U000001;I0001;shop;add_to_cart;2025/11/10;439;3;E0000145;;
E0000147;U000001;I0018;shop;view;2026/03/28;331;12;;;
E0000148;U000001;I0018;shop;add_to_cart;2026/03/28;579;12;E0000147;;
E0000149;U000001;I0090;shop;view;2026/03/28;224;3;;;
E0000150;U000001;I0184;shop;view;2025/11/29;233;11;;;
E0000151;U000001;I0036;home;view;2025/11/29;193;7;;;
E0000152;U000001;I0036;home;add_to_cart;2025/11/29;346;11;E0000151;;
E0000153;U000001;I0141;home;view;2025/10/30;541;9;;;
E0000154;U000001;I0173;shop;view;2025/10/30;513;2;;;
E0000155;U000001;I0173;shop;wishlist;2025/10/30;210;8;E0000154;;
E0000156;U000001;I0108;home;view;2025/12/17;237;10;;;
E0000157;U000001;I0108;home;add_to_cart;2025/12/17;312;1;E0000156;;
E0000158;U000001;I0052;shop;view;2026/03/03;312;1;;;
E0000159;U000001;I0052;shop;add_to_cart;2026/03/03;181;6;E0000158;;
E0000160;U000001;I0093;shop;view;2026/03/03;377;3;;;
E0000161;U000001;I0027;rewards;view;2025/12/16;170;10;;;
E0000162;U000001;I0027;rewards;redeem_reward;2025/12/16;407;8;E0000161;;
E0000163;U000001;I0025;home;view;2025/10/09;430;10;;;
E0000164;U000001;I0093;home;view;2025/10/09;172;6;;;
E0000165;U000001;I0021;home;view;2026/03/19;496;5;;;
E0000166;U000001;I0019;home;view;2025/12/06;559;2;;;
E0000167;U000001;I0019;home;add_to_cart;2025/12/06;337;8;E0000166;;
E0000168;U000001;I0019;home;purchase;2025/12/06;256;3;E0000167;82.03;1
E0000169;U000001;I0234;rewards;view;2025/12/06;295;7;;;
E0000170;U000001;I0234;rewards;add_to_cart;2025/12/06;573;4;E0000169;;
E0000171;U000001;I0234;rewards;purchase;2025/12/06;135;4;E0000170;6.48;1
E0000172;U000001;I0113;home;view;2026/02/14;589;4;;;
E0000173;U000001;I0113;home;add_to_cart;2026/02/14;239;2;E0000172;;
E0000174;U000001;I0113;home;purchase;2026/02/14;180;3;E0000173;330.39;1
E0000175;U000001;I0113;home;wishlist;2026/02/14;275;1;E0000174;;
E0000176;U000001;I0166;shop;view;2026/02/14;588;2;;;
E0000177;U000001;I0019;shop;view;2026/03/19;68;4;;;
E0000178;U000001;I0017;home;view;2026/03/03;183;5;;;
E0000179;U000001;I0017;home;add_to_cart;2026/03/03;355;2;E0000178;;
E0000180;U000001;I0014;rewards;view;2026/03/03;426;7;;;
E0000181;U000001;I0014;rewards;wishlist;2026/03/03;38;2;E0000180;;
E0000182;U000001;I0110;shop;view;2025/11/07;148;4;;;
E0000183;U000001;I0110;shop;add_to_cart;2025/11/07;207;4;E0000182;;
E0000184;U000001;I0110;shop;purchase;2025/11/07;344;12;E0000183;333.17;1
E0000185;U000001;I0023;home;view;2025/10/01;75;10;;;
E0000186;U000001;I0194;home;view;2025/10/17;99;11;;;
E0000187;U000001;I0039;shop;view;2025/10/17;509;11;;;
E0000188;U000001;I0123;shop;view;2026/02/05;173;7;;;
E0000189;U000001;I0166;rewards;view;2026/02/05;123;2;;;
E0000190;U000001;I0166;rewards;add_to_cart;2026/02/05;263;4;E0000189;;
E0000191;U000001;I0108;shop;view;2025/11/20;56;7;;;
E0000192;U000001;I0194;shop;view;2026/01/10;94;4;;;
E0000193;U000001;I0189;rewards;view;2026/03/22;312;8;;;
E0000194;U000001;I0189;rewards;redeem_reward;2026/03/22;21;2;E0000193;;
E0000195;U000001;I0068;shop;view;2026/01/16;90;6;;;
E0000196;U000001;I0068;shop;add_to_cart;2026/01/16;408;8;E0000195;;
E0000197;U000001;I0068;shop;purchase;2026/01/16;38;5;E0000196;629.77;1
E0000198;U000001;I0222;home;view;2026/01/16;457;7;;;
E0000199;U000001;I0185;shop;view;2026/02/15;193;7;;;
E0000200;U000001;I0185;shop;wishlist;2026/02/15;282;6;E0000199;;
E0000201;U000001;I0021;rewards;view;2026/01/01;331;9;;;
E0000202;U000001;I0021;rewards;redeem_reward;2026/01/01;198;3;E0000201;;
E0000203;U000001;I0233;rewards;view;2026/01/01;256;8;;;
E0000204;U000001;I0233;rewards;add_to_cart;2026/01/01;583;11;E0000203;;
E0000205;U000001;I0233;rewards;purchase;2026/01/01;261;12;E0000204;7.15;1
E0000206;U000001;I0233;rewards;redeem_reward;2026/01/01;365;11;E0000205;;
E0000207;U000001;I0024;shop;view;2026/02/19;264;11;;;
E0000208;U000001;I0024;shop;add_to_cart;2026/02/19;431;2;E0000207;;
E0000209;U000001;I0024;shop;purchase;2026/02/19;531;10;E0000208;218.94;1
E0000210;U000001;I0128;shop;view;2026/01/22;389;9;;;
E0000211;U000001;I0128;shop;add_to_cart;2026/01/22;66;11;E0000210;;
E0000212;U000001;I0119;shop;view;2026/01/22;63;11;;;
E0000213;U000001;I0020;rewards;view;2026/02/20;40;6;;;
E0000214;U000001;I0015;shop;view;2026/02/20;282;3;;;
E0000215;U000001;I0015;shop;add_to_cart;2026/02/20;197;10;E0000214;;
E0000216;U000001;I0015;shop;purchase;2026/02/20;595;9;E0000215;62.94;1
E0000217;U000001;I0025;shop;view;2026/01/09;562;1;;;
E0000218;U000001;I0094;rewards;view;2026/01/09;394;8;;;
E0000219;U000001;I0116;shop;view;2026/01/01;54;9;;;
E0000220;U000001;I0116;shop;add_to_cart;2026/01/01;360;3;E0000219;;
E0000221;U000001;I0116;shop;purchase;2026/01/01;210;9;E0000220;181.63;1
E0000222;U000001;I0024;shop;view;2025/11/11;309;7;;;
E0000223;U000001;I0093;shop;view;2025/11/11;491;4;;;
E0000224;U000001;I0093;shop;add_to_cart;2025/11/11;333;8;E0000223;;
E0000225;U000001;I0141;shop;view;2025/10/28;488;5;;;
E0000226;U000001;I0141;shop;add_to_cart;2025/10/28;120;4;E0000225;;
E0000227;U000001;I0058;shop;view;2026/01/24;160;5;;;
E0000228;U000001;I0096;shop;view;2026/01/24;426;2;;;
E0000229;U000001;I0106;rewards;view;2026/01/09;465;1;;;
E0000230;U000001;I0106;rewards;redeem_reward;2026/01/09;47;9;E0000229;;
E0000231;U000001;I0183;rewards;view;2026/01/09;254;2;;;
E0000232;U000001;I0183;rewards;add_to_cart;2026/01/09;566;2;E0000231;;
E0000233;U000001;I0183;rewards;redeem_reward;2026/01/09;427;12;E0000232;;
E0000234;U000001;I0018;home;view;2025/12/18;354;7;;;
E0000235;U000001;I0012;shop;view;2025/12/18;195;12;;;
E0000236;U000001;I0022;shop;view;2026/02/14;72;7;;;
E0000237;U000001;I0022;shop;add_to_cart;2026/02/14;73;9;E0000236;;
E0000238;U000001;I0022;shop;purchase;2026/02/14;8;10;E0000237;97.13;1
E0000239;U000001;I0190;shop;view;2025/11/30;140;3;;;
E0000240;U000001;I0103;rewards;view;2026/03/21;395;5;;;
E0000241;U000001;I0103;rewards;add_to_cart;2026/03/21;139;11;E0000240;;
E0000242;U000001;I0103;rewards;purchase;2026/03/21;398;10;E0000241;73.03;1
E0000243;U000001;I0103;rewards;redeem_reward;2026/03/21;286;12;E0000242;;
E0000244;U000002;I0056;rewards;view;2026/03/04;587;2;;;
E0000245;U000002;I0056;rewards;add_to_cart;2026/03/04;373;1;E0000244;;
E0000246;U000002;I0056;rewards;redeem_reward;2026/03/04;534;2;E0000245;;
E0000247;U000002;I0023;shop;view;2025/12/23;461;10;;;
E0000248;U000002;I0001;home;view;2025/12/23;500;4;;;
E0000249;U000002;I0105;rewards;view;2026/03/11;218;5;;;
E0000250;U000002;I0055;shop;view;2026/02/15;439;6;;;
E0000251;U000002;I0055;shop;add_to_cart;2026/02/15;69;11;E0000250;;
E0000252;U000002;I0055;shop;purchase;2026/02/15;285;12;E0000251;739.48;1
E0000253;U000002;I0022;rewards;view;2026/02/27;61;6;;;
E0000254;U000002;I0010;shop;view;2026/02/27;141;7;;;
E0000255;U000002;I0010;shop;add_to_cart;2026/02/27;469;11;E0000254;;
E0000256;U000002;I0010;shop;purchase;2026/02/27;470;4;E0000255;29.77;1
E0000257;U000002;I0130;shop;view;2026/03/07;533;1;;;
E0000258;U000002;I0130;shop;add_to_cart;2026/03/07;454;4;E0000257;;
E0000259;U000002;I0123;shop;view;2026/03/07;308;12;;;
E0000260;U000002;I0017;shop;view;2026/03/06;555;5;;;
E0000261;U000002;I0017;shop;add_to_cart;2026/03/06;576;6;E0000260;;
E0000262;U000002;I0017;shop;wishlist;2026/03/06;172;10;E0000261;;
E0000263;U000002;I0188;home;view;2025/12/20;368;7;;;
E0000264;U000002;I0188;home;add_to_cart;2025/12/20;35;12;E0000263;;
E0000265;U000002;I0188;home;purchase;2025/12/20;470;2;E0000264;15.55;1
E0000266;U000002;I0129;shop;view;2025/10/28;350;6;;;
E0000267;U000002;I0072;rewards;view;2025/11/02;26;4;;;
E0000268;U000002;I0072;rewards;add_to_cart;2025/11/02;289;9;E0000267;;
E0000269;U000002;I0072;rewards;redeem_reward;2025/11/02;452;12;E0000268;;
E0000270;U000002;I0118;shop;view;2026/01/07;549;7;;;
E0000271;U000002;I0118;shop;add_to_cart;2026/01/07;33;1;E0000270;;
E0000272;U000002;I0118;shop;purchase;2026/01/07;93;8;E0000271;268.81;1
E0000273;U000002;I0160;shop;view;2026/01/07;77;6;;;
E0000274;U000002;I0131;shop;view;2026/03/09;12;4;;;
E0000275;U000002;I0101;home;view;2025/12/30;209;8;;;
E0000276;U000002;I0155;rewards;view;2025/12/30;455;2;;;
E0000277;U000002;I0054;shop;view;2025/10/14;250;12;;;
E0000278;U000002;I0191;rewards;view;2026/01/29;69;12;;;
E0000279;U000002;I0191;rewards;add_to_cart;2026/01/29;249;4;E0000278;;
E0000280;U000002;I0191;rewards;purchase;2026/01/29;10;7;E0000279;146.04;1
E0000281;U000002;I0063;home;view;2025/11/27;209;1;;;
E0000282;U000002;I0063;home;add_to_cart;2025/11/27;43;8;E0000281;;
E0000283;U000002;I0019;home;view;2026/01/11;428;5;;;
E0000284;U000002;I0088;shop;view;2026/01/11;111;12;;;
E0000285;U000002;I0024;shop;view;2025/11/17;527;7;;;
E0000286;U000002;I0000;home;view;2025/11/17;92;9;;;
E0000287;U000002;I0072;home;view;2026/03/08;302;8;;;
E0000288;U000003;I0187;home;view;2025/10/02;473;4;;;
E0000289;U000003;I0187;home;add_to_cart;2025/10/02;130;12;E0000288;;
E0000290;U000003;I0185;rewards;view;2025/11/23;101;2;;;
E0000291;U000003;I0185;rewards;redeem_reward;2025/11/23;249;2;E0000290;;
E0000292;U000003;I0020;shop;view;2026/01/03;347;4;;;
E0000293;U000003;I0020;shop;add_to_cart;2026/01/03;12;2;E0000292;;
E0000294;U000003;I0020;shop;purchase;2026/01/03;81;1;E0000293;346.14;1
E0000295;U000003;I0003;rewards;view;2026/01/03;593;11;;;
E0000296;U000003;I0003;rewards;add_to_cart;2026/01/03;220;12;E0000295;;
E0000297;U000003;I0027;home;view;2025/10/06;446;1;;;
E0000298;U000003;I0023;shop;view;2026/03/08;312;6;;;
E0000299;U000003;I0018;shop;view;2025/12/23;489;10;;;
E0000300;U000003;I0018;shop;add_to_cart;2025/12/23;338;5;E0000299;;
E0000301;U000003;I0018;shop;purchase;2025/12/23;260;1;E0000300;522.28;1
E0000302;U000003;I0094;rewards;view;2025/12/23;341;1;;;
E0000303;U000003;I0094;rewards;add_to_cart;2025/12/23;249;6;E0000302;;
E0000304;U000003;I0094;rewards;purchase;2025/12/23;86;9;E0000303;20.44;1
E0000305;U000003;I0021;shop;view;2025/10/27;555;2;;;
E0000306;U000003;I0233;shop;view;2025/10/27;556;4;;;
E0000307;U000003;I0233;shop;add_to_cart;2025/10/27;422;9;E0000306;;
E0000308;U000003;I0233;shop;wishlist;2025/10/27;96;11;E0000307;;
E0000309;U000003;I0100;shop;view;2025/11/25;185;10;;;
E0000310;U000003;I0155;rewards;view;2025/11/25;405;4;;;
E0000311;U000003;I0125;shop;view;2025/12/05;150;11;;;
E0000312;U000003;I0022;shop;view;2026/03/03;553;1;;;
E0000313;U000003;I0022;shop;add_to_cart;2026/03/03;80;6;E0000312;;
E0000314;U000003;I0022;shop;purchase;2026/03/03;81;3;E0000313;97.13;1
E0000315;U000003;I0003;shop;view;2026/03/03;285;8;;;
E0000316;U000003;I0022;shop;view;2025/10/26;102;8;;;
E0000317;U000003;I0232;shop;view;2025/10/26;236;2;;;
E0000318;U000003;I0232;shop;wishlist;2025/10/26;218;6;E0000317;;
E0000319;U000003;I0184;shop;view;2025/12/25;324;11;;;
E0000320;U000003;I0184;shop;add_to_cart;2025/12/25;274;3;E0000319;;
E0000321;U000003;I0184;shop;purchase;2025/12/25;51;3;E0000320;47.80;1
E0000322;U000003;I0035;home;view;2025/12/25;265;11;;;
E0000323;U000003;I0035;home;wishlist;2025/12/25;96;10;E0000322;;
E0000324;U000003;I0056;home;view;2025/11/27;368;6;;;
E0000325;U000003;I0056;home;add_to_cart;2025/11/27;560;12;E0000324;;
E0000326;U000003;I0090;shop;view;2025/11/27;384;6;;;
E0000327;U000003;I0019;shop;view;2026/02/11;35;4;;;
E0000328;U000003;I0019;shop;add_to_cart;2026/02/11;203;4;E0000327;;
E0000329;U000003;I0143;shop;view;2026/01/02;391;6;;;
E0000330;U000003;I0143;shop;wishlist;2026/01/02;245;5;E0000329;;
E0000331;U000003;I0172;shop;view;2026/01/02;475;9;;;
E0000332;U000003;I0113;shop;view;2026/02/03;241;7;;;
E0000333;U000003;I0167;home;view;2026/02/03;374;8;;;
E0000334;U000003;I0167;home;add_to_cart;2026/02/03;485;4;E0000333;;
E0000335;U000003;I0167;home;purchase;2026/02/03;351;9;E0000334;10.65;1
E0000336;U000003;I0167;home;wishlist;2026/02/03;63;2;E0000335;;
E0000337;U000003;I0067;rewards;view;2025/11/26;390;2;;;
E0000338;U000003;I0001;shop;view;2025/11/26;179;9;;;
E0000339;U000003;I0131;shop;view;2025/11/24;139;2;;;
E0000340;U000003;I0119;shop;view;2025/11/24;374;2;;;
E0000341;U000003;I0119;shop;add_to_cart;2025/11/24;127;12;E0000340;;
E0000342;U000003;I0119;shop;purchase;2025/11/24;491;8;E0000341;371.94;1
E0000343;U000003;I0110;rewards;view;2025/11/16;37;9;;;
E0000344;U000003;I0182;shop;view;2025/11/16;147;11;;;
E0000345;U000003;I0129;home;view;2025/11/07;191;12;;;
E0000346;U000003;I0115;home;view;2025/11/07;88;8;;;
E0000347;U000003;I0102;shop;view;2025/10/10;209;2;;;
E0000348;U000003;I0102;shop;add_to_cart;2025/10/10;416;1;E0000347;;
E0000349;U000003;I0158;shop;view;2025/10/10;243;2;;;
E0000350;U000003;I0158;shop;add_to_cart;2025/10/10;493;6;E0000349;;
E0000351;U000003;I0158;shop;purchase;2025/10/10;528;12;E0000350;34.71;1
E0000352;U000003;I0073;shop;view;2026/03/22;322;8;;;
E0000353;U000003;I0073;shop;add_to_cart;2026/03/22;282;4;E0000352;;
E0000354;U000003;I0129;shop;view;2025/10/09;387;3;;;
E0000355;U000003;I0129;shop;wishlist;2025/10/09;249;1;E0000354;;
E0000356;U000003;I0114;rewards;view;2025/10/09;566;12;;;
E0000357;U000003;I0144;home;view;2025/11/05;145;9;;;
E0000358;U000003;I0144;home;add_to_cart;2025/11/05;143;10;E0000357;;
E0000359;U000003;I0177;home;view;2025/11/05;87;10;;;
E0000360;U000003;I0177;home;add_to_cart;2025/11/05;468;7;E0000359;;
E0000361;U000003;I0177;home;purchase;2025/11/05;264;10;E0000360;150.00;1
E0000362;U000003;I0195;shop;view;2025/11/27;102;1;;;
E0000363;U000003;I0140;home;view;2025/10/27;146;7;;;
E0000364;U000003;I0140;home;add_to_cart;2025/10/27;80;9;E0000363;;
E0000365;U000003;I0146;rewards;view;2025/12/16;548;10;;;
E0000366;U000003;I0192;shop;view;2026/01/03;264;10;;;
E0000367;U000003;I0140;shop;view;2025/11/16;268;11;;;
E0000368;U000003;I0025;shop;view;2026/03/29;14;8;;;
E0000369;U000003;I0025;shop;add_to_cart;2026/03/29;491;6;E0000368;;
E0000370;U000003;I0186;shop;view;2026/03/31;243;7;;;
E0000371;U000003;I0022;shop;view;2025/11/23;373;7;;;
E0000372;U000003;I0015;shop;view;2025/11/23;225;5;;;
E0000373;U000003;I0015;shop;add_to_cart;2025/11/23;120;1;E0000372;;
E0000374;U000003;I0015;shop;purchase;2025/11/23;527;3;E0000373;62.94;1
E0000375;U000003;I0137;shop;view;2026/03/07;595;9;;;
E0000376;U000003;I0177;shop;view;2026/03/07;184;8;;;
E0000377;U000003;I0114;shop;view;2025/10/05;304;9;;;
E0000378;U000003;I0195;rewards;view;2025/11/22;313;11;;;
E0000379;U000003;I0109;shop;view;2025/11/11;51;4;;;
E0000380;U000003;I0027;rewards;view;2026/03/02;182;2;;;
E0000381;U000003;I0027;rewards;add_to_cart;2026/03/02;259;1;E0000380;;
E0000382;U000003;I0027;rewards;wishlist;2026/03/02;182;4;E0000381;;
E0000383;U000003;I0027;rewards;redeem_reward;2026/03/02;183;5;E0000382;;
E0000384;U000003;I0099;shop;view;2026/03/02;95;4;;;
E0000385;U000003;I0099;shop;add_to_cart;2026/03/02;157;8;E0000384;;
E0000386;U000003;I0099;shop;purchase;2026/03/02;348;2;E0000385;15.49;1
E0000387;U000003;I0070;shop;view;2025/12/29;90;5;;;
E0000388;U000003;I0005;shop;view;2025/12/29;274;3;;;
E0000389;U000003;I0005;shop;add_to_cart;2025/12/29;341;6;E0000388;;
E0000390;U000003;I0005;shop;purchase;2025/12/29;518;8;E0000389;124.72;1
E0000391;U000003;I0024;home;view;2025/11/18;437;7;;;
E0000392;U000003;I0101;shop;view;2025/10/05;200;12;;;
E0000393;U000003;I0101;shop;add_to_cart;2025/10/05;468;8;E0000392;;
E0000394;U000003;I0101;shop;purchase;2025/10/05;241;10;E0000393;540.49;1
E0000395;U000003;I0173;shop;view;2025/10/05;202;10;;;
E0000396;U000004;I0020;rewards;view;2026/03/12;36;4;;;
E0000397;U000004;I0000;shop;view;2026/03/12;470;10;;;
E0000398;U000004;I0104;shop;view;2025/11/17;479;6;;;
E0000399;U000004;I0104;shop;add_to_cart;2025/11/17;322;7;E0000398;;
E0000400;U000004;I0104;shop;purchase;2025/11/17;328;9;E0000399;57.49;1
E0000401;U000004;I0104;shop;wishlist;2025/11/17;318;1;E0000400;;
E0000402;U000004;I0157;shop;view;2025/11/17;531;4;;;
E0000403;U000004;I0157;shop;add_to_cart;2025/11/17;159;3;E0000402;;
E0000404;U000004;I0157;shop;purchase;2025/11/17;256;8;E0000403;51.54;1
E0000405;U000004;I0157;shop;wishlist;2025/11/17;35;4;E0000404;;
E0000406;U000004;I0135;rewards;view;2025/10/31;323;2;;;
E0000407;U000004;I0022;shop;view;2026/03/18;530;4;;;
E0000408;U000004;I0014;shop;view;2026/03/18;433;12;;;
E0000409;U000004;I0135;shop;view;2026/02/14;471;2;;;
E0000410;U000004;I0122;shop;view;2026/02/14;575;3;;;
E0000411;U000004;I0122;shop;add_to_cart;2026/02/14;69;8;E0000410;;
E0000412;U000004;I0122;shop;purchase;2026/02/14;40;5;E0000411;211.34;1
E0000413;U000004;I0194;shop;view;2025/10/18;408;12;;;
E0000414;U000004;I0026;shop;view;2025/10/14;328;3;;;
E0000415;U000004;I0013;shop;view;2025/10/14;441;12;;;
E0000416;U000004;I0013;shop;add_to_cart;2025/10/14;351;6;E0000415;;
E0000417;U000004;I0024;home;view;2025/12/02;400;8;;;
E0000418;U000004;I0024;home;add_to_cart;2025/12/02;236;3;E0000417;;
E0000419;U000004;I0024;home;purchase;2025/12/02;300;8;E0000418;218.94;1
E0000420;U000004;I0012;shop;view;2025/12/02;203;8;;;
E0000421;U000004;I0019;home;view;2026/02/09;157;10;;;
E0000422;U000004;I0019;home;add_to_cart;2026/02/09;333;6;E0000421;;
E0000423;U000004;I0005;shop;view;2026/02/09;62;1;;;
E0000424;U000004;I0104;rewards;view;2026/02/25;238;6;;;
E0000425;U000004;I0104;rewards;add_to_cart;2026/02/25;277;6;E0000424;;
E0000426;U000004;I0104;rewards;purchase;2026/02/25;313;6;E0000425;57.49;1
E0000427;U000004;I0104;rewards;wishlist;2026/02/25;366;7;E0000426;;
E0000428;U000004;I0154;shop;view;2026/02/25;425;11;;;
E0000429;U000004;I0154;shop;add_to_cart;2026/02/25;585;4;E0000428;;
E0000430;U000004;I0154;shop;purchase;2026/02/25;58;12;E0000429;180.00;1
E0000431;U000004;I0020;rewards;view;2025/11/08;141;4;;;
E0000432;U000004;I0064;shop;view;2025/12/26;332;3;;;
E0000433;U000004;I0112;rewards;view;2026/03/23;477;12;;;
E0000434;U000004;I0163;shop;view;2026/03/23;126;6;;;
E0000435;U000004;I0163;shop;wishlist;2026/03/23;31;1;E0000434;;
E0000436;U000004;I0101;shop;view;2026/01/03;478;11;;;
E0000437;U000004;I0154;shop;view;2026/01/03;322;11;;;
E0000438;U000004;I0189;shop;view;2026/02/25;113;10;;;
E0000439;U000004;I0037;rewards;view;2026/02/25;237;4;;;
E0000440;U000004;I0037;rewards;add_to_cart;2026/02/25;218;6;E0000439;;
E0000441;U000004;I0037;rewards;purchase;2026/02/25;560;6;E0000440;95.42;1
E0000442;U000004;I0037;rewards;redeem_reward;2026/02/25;132;11;E0000441;;
E0000443;U000004;I0061;shop;view;2025/10/09;99;3;;;
E0000444;U000004;I0061;shop;add_to_cart;2025/10/09;541;5;E0000443;;
E0000445;U000004;I0061;shop;purchase;2025/10/09;532;12;E0000444;892.75;1
E0000446;U000004;I0093;home;view;2025/10/09;64;4;;;
E0000447;U000004;I0093;home;add_to_cart;2025/10/09;380;12;E0000446;;
E0000448;U000004;I0147;home;view;2025/11/10;314;6;;;
E0000449;U000004;I0180;shop;view;2025/11/10;16;11;;;
E0000450;U000004;I0024;shop;view;2026/03/04;569;2;;;
E0000451;U000004;I0024;shop;add_to_cart;2026/03/04;587;6;E0000450;;
E0000452;U000004;I0016;rewards;view;2025/10/15;225;9;;;
E0000453;U000004;I0095;shop;view;2025/10/15;453;1;;;
E0000454;U000004;I0140;rewards;view;2025/11/04;484;1;;;
E0000455;U000004;I0140;rewards;add_to_cart;2025/11/04;99;1;E0000454;;
E0000456;U000004;I0127;rewards;view;2025/11/12;184;4;;;
E0000457;U000004;I0127;rewards;add_to_cart;2025/11/12;117;12;E0000456;;
E0000458;U000004;I0127;rewards;redeem_reward;2025/11/12;478;12;E0000457;;
E0000459;U000004;I0058;rewards;view;2026/03/31;93;2;;;
E0000460;U000004;I0058;rewards;add_to_cart;2026/03/31;577;11;E0000459;;
E0000461;U000004;I0058;rewards;purchase;2026/03/31;430;3;E0000460;1083.03;1
E0000462;U000004;I0093;shop;view;2026/03/31;561;6;;;
E0000463;U000004;I0093;shop;add_to_cart;2026/03/31;423;12;E0000462;;
E0000464;U000004;I0093;shop;purchase;2026/03/31;256;4;E0000463;14.24;1
E0000465;U000004;I0105;rewards;view;2025/11/11;461;2;;;
E0000466;U000004;I0017;rewards;view;2025/11/19;502;8;;;
E0000467;U000004;I0017;rewards;add_to_cart;2025/11/19;288;8;E0000466;;
E0000468;U000004;I0072;shop;view;2025/11/20;365;12;;;
E0000469;U000004;I0012;home;view;2025/11/20;440;6;;;
E0000470;U000004;I0130;shop;view;2026/03/30;566;1;;;
E0000471;U000004;I0026;shop;view;2026/01/31;165;9;;;
E0000472;U000004;I0098;home;view;2026/01/31;379;11;;;
E0000473;U000004;I0146;shop;view;2025/12/23;567;9;;;
E0000474;U000004;I0146;shop;add_to_cart;2025/12/23;417;11;E0000473;;
E0000475;U000005;I0100;rewards;view;2025/10/30;377;9;;;
E0000476;U000005;I0100;rewards;add_to_cart;2025/10/30;25;6;E0000475;;
E0000477;U000005;I0180;rewards;view;2025/10/30;124;6;;;
E0000478;U000005;I0109;shop;view;2026/01/08;73;6;;;
E0000479;U000005;I0109;shop;add_to_cart;2026/01/08;556;1;E0000478;;
E0000480;U000005;I0109;shop;purchase;2026/01/08;287;6;E0000479;770.00;1
E0000481;U000005;I0111;shop;view;2026/02/04;65;12;;;
E0000482;U000005;I0111;shop;add_to_cart;2026/02/04;148;3;E0000481;;
E0000483;U000005;I0111;shop;purchase;2026/02/04;323;4;E0000482;120.74;1
E0000484;U000005;I0175;home;view;2026/02/04;114;3;;;
E0000485;U000005;I0065;shop;view;2026/02/19;513;12;;;
E0000486;U000005;I0147;shop;view;2026/01/17;44;2;;;
E0000487;U000005;I0172;shop;view;2026/01/17;177;2;;;
E0000488;U000005;I0172;shop;add_to_cart;2026/01/17;479;3;E0000487;;
E0000489;U000005;I0172;shop;purchase;2026/01/17;114;3;E0000488;87.22;1
E0000490;U000005;I0172;shop;wishlist;2026/01/17;207;10;E0000489;;
E0000491;U000005;I0127;shop;view;2026/03/22;338;7;;;
E0000492;U000005;I0127;shop;add_to_cart;2026/03/22;423;5;E0000491;;
E0000493;U000005;I0127;shop;purchase;2026/03/22;461;4;E0000492;126.57;1
E0000494;U000005;I0075;shop;view;2025/10/07;364;11;;;
E0000495;U000005;I0075;shop;add_to_cart;2025/10/07;65;8;E0000494;;
E0000496;U000005;I0075;shop;purchase;2025/10/07;547;10;E0000495;209.65;1
E0000497;U000005;I0192;rewards;view;2025/10/09;350;11;;;
E0000498;U000005;I0192;rewards;add_to_cart;2025/10/09;410;9;E0000497;;
E0000499;U000005;I0192;rewards;purchase;2025/10/09;156;1;E0000498;348.36;1
E0000500;U000005;I0192;rewards;redeem_reward;2025/10/09;579;9;E0000499;;
E0000501;U000005;I0022;shop;view;2026/02/05;532;1;;;
E0000502;U000005;I0022;shop;wishlist;2026/02/05;375;7;E0000501;;
E0000503;U000005;I0231;rewards;view;2026/02/05;496;10;;;
E0000504;U000005;I0231;rewards;redeem_reward;2026/02/05;170;6;E0000503;;
E0000505;U000005;I0139;rewards;view;2025/11/18;330;11;;;
E0000506;U000005;I0180;shop;view;2025/11/18;592;9;;;
E0000507;U000005;I0065;shop;view;2025/12/10;157;7;;;
E0000508;U000005;I0020;rewards;view;2026/02/24;141;2;;;
E0000509;U000005;I0020;rewards;redeem_reward;2026/02/24;390;5;E0000508;;
E0000510;U000005;I0003;rewards;view;2026/02/24;267;2;;;
E0000511;U000005;I0113;home;view;2026/01/23;224;2;;;
E0000512;U000005;I0189;shop;view;2025/12/06;544;7;;;
E0000513;U000005;I0037;shop;view;2025/12/06;415;11;;;
E0000514;U000005;I0112;shop;view;2026/01/30;558;12;;;
E0000515;U000005;I0118;shop;view;2025/11/03;460;8;;;
E0000516;U000005;I0118;shop;add_to_cart;2025/11/03;31;2;E0000515;;
E0000517;U000005;I0161;home;view;2025/11/03;87;12;;;
E0000518;U000005;I0161;home;add_to_cart;2025/11/03;302;6;E0000517;;
E0000519;U000005;I0062;home;view;2025/11/17;271;6;;;
E0000520;U000005;I0019;shop;view;2025/11/11;270;1;;;
E0000521;U000005;I0109;shop;view;2025/11/11;397;9;;;
E0000522;U000005;I0058;shop;view;2026/01/22;397;4;;;
E0000523;U000005;I0098;shop;view;2026/01/22;205;5;;;
E0000524;U000005;I0024;shop;view;2026/02/11;145;8;;;
E0000525;U000005;I0073;shop;view;2026/02/04;341;3;;;
E0000526;U000005;I0073;shop;add_to_cart;2026/02/04;356;2;E0000525;;
E0000527;U000005;I0073;shop;purchase;2026/02/04;381;7;E0000526;533.72;1
E0000528;U000005;I0020;shop;view;2025/11/05;326;1;;;
E0000529;U000005;I0010;shop;view;2025/11/05;471;11;;;
E0000530;U000005;I0134;shop;view;2026/02/22;207;9;;;
E0000531;U000005;I0187;rewards;view;2026/03/21;70;7;;;
E0000532;U000005;I0187;rewards;add_to_cart;2026/03/21;15;4;E0000531;;
E0000533;U000005;I0036;home;view;2026/03/21;125;4;;;
E0000534;U000005;I0036;home;add_to_cart;2026/03/21;118;11;E0000533;;
E0000535;U000005;I0110;rewards;view;2025/10/26;441;2;;;
E0000536;U000005;I0110;rewards;wishlist;2025/10/26;292;6;E0000535;;
E0000537;U000005;I0110;rewards;redeem_reward;2025/10/26;587;12;E0000536;;
E0000538;U000006;I0075;rewards;view;2026/01/15;188;4;;;
E0000539;U000006;I0003;shop;view;2026/01/15;532;6;;;
E0000540;U000006;I0195;home;view;2026/01/07;439;2;;;
E0000541;U000006;I0195;home;add_to_cart;2026/01/07;281;9;E0000540;;
E0000542;U000006;I0195;home;purchase;2026/01/07;156;7;E0000541;258.74;1
E0000543;U000006;I0033;home;view;2026/01/07;442;10;;;
E0000544;U000006;I0069;shop;view;2026/03/17;383;5;;;
E0000545;U000006;I0004;shop;view;2026/03/17;132;3;;;
E0000546;U000006;I0004;shop;add_to_cart;2026/03/17;321;9;E0000545;;
E0000547;U000006;I0004;shop;purchase;2026/03/17;585;10;E0000546;119.76;1
E0000548;U000006;I0023;rewards;view;2026/02/21;148;4;;;
E0000549;U000006;I0023;rewards;redeem_reward;2026/02/21;10;4;E0000548;;
E0000550;U000006;I0011;shop;view;2026/02/21;401;7;;;
E0000551;U000006;I0127;home;view;2026/01/30;43;10;;;
E0000552;U000006;I0017;shop;view;2025/11/20;85;7;;;
E0000553;U000006;I0232;home;view;2025/11/20;255;11;;;
E0000554;U000006;I0021;home;view;2025/11/14;174;10;;;
E0000555;U000006;I0230;shop;view;2025/11/14;165;11;;;
E0000556;U000006;I0230;shop;add_to_cart;2025/11/14;64;5;E0000555;;
E0000557;U000006;I0230;shop;purchase;2025/11/14;524;1;E0000556;3.41;1
E0000558;U000006;I0135;shop;view;2025/10/13;219;7;;;
E0000559;U000006;I0116;shop;view;2025/10/13;8;12;;;
E0000560;U000006;I0116;shop;add_to_cart;2025/10/13;233;11;E0000559;;
E0000561;U000006;I0116;shop;purchase;2025/10/13;412;2;E0000560;181.63;1
E0000562;U000006;I0110;shop;view;2026/01/13;277;11;;;
E0000563;U000006;I0158;shop;view;2026/01/13;446;2;;;
E0000564;U000006;I0158;shop;add_to_cart;2026/01/13;164;2;E0000563;;
E0000565;U000006;I0020;home;view;2025/10/15;264;4;;;
E0000566;U000006;I0003;shop;view;2025/10/15;69;10;;;
E0000567;U000006;I0071;shop;view;2025/11/02;194;10;;;
E0000568;U000006;I0071;shop;add_to_cart;2025/11/02;51;12;E0000567;;
E0000569;U000006;I0071;shop;purchase;2025/11/02;81;2;E0000568;481.20;1
E0000570;U000006;I0222;shop;view;2025/11/02;279;6;;;
E0000571;U000006;I0222;shop;add_to_cart;2025/11/02;179;12;E0000570;;
E0000572;U000006;I0222;shop;purchase;2025/11/02;380;7;E0000571;7.50;1
E0000573;U000006;I0119;shop;view;2025/12/10;561;12;;;
E0000574;U000006;I0119;shop;add_to_cart;2025/12/10;446;4;E0000573;;
E0000575;U000006;I0119;shop;purchase;2025/12/10;164;11;E0000574;371.94;1
E0000576;U000006;I0164;home;view;2025/12/10;231;1;;;
E0000577;U000006;I0164;home;add_to_cart;2025/12/10;161;1;E0000576;;
E0000578;U000006;I0164;home;purchase;2025/12/10;367;2;E0000577;23.20;1
E0000579;U000006;I0111;rewards;view;2026/03/01;584;9;;;
E0000580;U000006;I0175;shop;view;2026/03/01;350;3;;;
E0000581;U000006;I0133;shop;view;2025/12/30;136;9;;;
E0000582;U000006;I0112;shop;view;2025/12/30;49;9;;;
E0000583;U000006;I0110;shop;view;2025/12/10;259;12;;;
E0000584;U000006;I0180;rewards;view;2025/12/10;37;5;;;
E0000585;U000007;I0131;shop;view;2026/03/24;93;6;;;
E0000586;U000007;I0123;shop;view;2026/03/24;447;11;;;
E0000587;U000007;I0117;home;view;2026/03/23;374;7;;;
E0000588;U000007;I0117;home;add_to_cart;2026/03/23;38;7;E0000587;;
E0000589;U000007;I0117;home;wishlist;2026/03/23;542;11;E0000588;;
E0000590;U000007;I0164;shop;view;2026/03/23;195;8;;;
E0000591;U000007;I0164;shop;add_to_cart;2026/03/23;109;6;E0000590;;
E0000592;U000007;I0100;shop;view;2025/12/09;454;5;;;
E0000593;U000007;I0146;shop;view;2025/11/09;67;11;;;
E0000594;U000007;I0175;shop;view;2025/11/09;60;7;;;
E0000595;U000007;I0175;shop;add_to_cart;2025/11/09;439;4;E0000594;;
E0000596;U000007;I0175;shop;purchase;2025/11/09;160;6;E0000595;64.38;1
E0000597;U000007;I0068;shop;view;2025/10/31;266;1;;;
E0000598;U000007;I0012;shop;view;2025/10/31;385;2;;;
E0000599;U000007;I0012;shop;add_to_cart;2025/10/31;333;6;E0000598;;
E0000600;U000007;I0027;shop;view;2026/03/23;591;10;;;
E0000601;U000007;I0027;shop;add_to_cart;2026/03/23;242;5;E0000600;;
E0000602;U000007;I0230;shop;view;2026/03/23;251;4;;;
E0000603;U000007;I0069;home;view;2026/02/28;97;9;;;
E0000604;U000007;I0069;home;add_to_cart;2026/02/28;476;2;E0000603;;
E0000605;U000007;I0069;home;purchase;2026/02/28;248;4;E0000604;524.01;1
E0000606;U000007;I0069;home;view;2025/12/19;414;4;;;
E0000607;U000007;I0193;shop;view;2026/01/17;568;5;;;
E0000608;U000007;I0193;shop;wishlist;2026/01/17;280;8;E0000607;;
E0000609;U000007;I0039;shop;view;2026/01/17;394;8;;;
E0000610;U000007;I0039;shop;wishlist;2026/01/17;238;10;E0000609;;
E0000611;U000007;I0059;rewards;view;2025/11/14;271;12;;;
E0000612;U000007;I0067;home;view;2025/10/24;193;6;;;
E0000613;U000007;I0067;home;add_to_cart;2025/10/24;9;7;E0000612;;
E0000614;U000007;I0067;home;purchase;2025/10/24;425;9;E0000613;415.18;1
E0000615;U000007;I0223;shop;view;2025/10/24;382;12;;;
E0000616;U000007;I0023;home;view;2025/10/26;219;4;;;
E0000617;U000007;I0233;shop;view;2025/10/26;577;10;;;
E0000618;U000007;I0109;shop;view;2025/12/12;549;11;;;
E0000619;U000007;I0125;shop;view;2025/11/05;374;4;;;
E0000620;U000007;I0125;shop;add_to_cart;2025/11/05;416;1;E0000619;;
E0000621;U000007;I0125;shop;purchase;2025/11/05;170;11;E0000620;149.94;1
E0000622;U000007;I0125;shop;wishlist;2025/11/05;207;11;E0000621;;
E0000623;U000007;I0120;shop;view;2025/11/05;181;12;;;
E0000624;U000007;I0069;home;view;2025/11/12;333;11;;;
E0000625;U000007;I0069;home;add_to_cart;2025/11/12;416;11;E0000624;;
E0000626;U000007;I0069;home;purchase;2025/11/12;48;8;E0000625;524.01;1
E0000627;U000007;I0072;shop;view;2026/01/29;195;5;;;
E0000628;U000007;I0072;shop;add_to_cart;2026/01/29;518;3;E0000627;;
E0000629;U000007;I0072;shop;purchase;2026/01/29;180;11;E0000628;796.22;1
E0000630;U000007;I0072;shop;view;2025/12/20;118;3;;;
E0000631;U000007;I0008;shop;view;2025/12/20;590;4;;;
E0000632;U000007;I0008;shop;add_to_cart;2025/12/20;458;12;E0000631;;
E0000633;U000007;I0129;shop;view;2026/02/23;65;11;;;
E0000634;U000007;I0113;home;view;2026/02/23;529;12;;;
E0000635;U000007;I0113;home;wishlist;2026/02/23;156;5;E0000634;;
E0000636;U000007;I0024;home;view;2025/11/15;455;2;;;
E0000637;U000007;I0024;home;add_to_cart;2025/11/15;469;9;E0000636;;
E0000638;U000007;I0024;home;purchase;2025/11/15;249;3;E0000637;218.94;1
E0000639;U000007;I0105;rewards;view;2025/12/20;78;1;;;
E0000640;U000007;I0105;rewards;add_to_cart;2025/12/20;128;1;E0000639;;
E0000641;U000007;I0105;rewards;purchase;2025/12/20;168;12;E0000640;151.43;1
E0000642;U000007;I0105;rewards;redeem_reward;2025/12/20;304;11;E0000641;;
E0000643;U000007;I0101;shop;view;2025/12/16;292;9;;;
E0000644;U000007;I0019;shop;view;2025/10/16;570;8;;;
E0000645;U000007;I0019;shop;add_to_cart;2025/10/16;151;7;E0000644;;
E0000646;U000007;I0019;shop;purchase;2025/10/16;560;8;E0000645;82.03;1
E0000647;U000007;I0139;shop;view;2026/01/25;527;4;;;
E0000648;U000007;I0139;shop;add_to_cart;2026/01/25;141;12;E0000647;;
E0000649;U000007;I0101;shop;view;2026/01/10;477;9;;;
E0000650;U000007;I0177;rewards;view;2026/01/10;370;7;;;
E0000651;U000007;I0111;shop;view;2025/11/10;440;3;;;
E0000652;U000007;I0111;shop;add_to_cart;2025/11/10;488;9;E0000651;;
E0000653;U000007;I0111;shop;purchase;2025/11/10;219;4;E0000652;120.74;1
E0000654;U000007;I0158;shop;view;2025/11/10;101;5;;;
E0000655;U000007;I0107;shop;view;2025/12/29;227;6;;;
E0000656;U000007;I0140;shop;view;2025/10/01;570;10;;;
E0000657;U000007;I0063;shop;view;2026/03/10;450;8;;;
E0000658;U000007;I0063;shop;add_to_cart;2026/03/10;452;11;E0000657;;
E0000659;U000007;I0113;shop;view;2026/01/20;157;6;;;
E0000660;U000007;I0163;shop;view;2026/01/20;192;12;;;
E0000661;U000007;I0061;rewards;view;2025/11/18;106;1;;;
E0000662;U000007;I0061;rewards;add_to_cart;2025/11/18;209;8;E0000661;;
E0000663;U000007;I0088;rewards;view;2025/11/18;318;11;;;
E0000664;U000007;I0088;rewards;add_to_cart;2025/11/18;238;10;E0000663;;
E0000665;U000007;I0088;rewards;purchase;2025/11/18;181;11;E0000664;11.71;1
E0000666;U000007;I0125;shop;view;2026/01/04;568;12;;;
E0000667;U000007;I0113;home;view;2026/01/04;56;4;;;
E0000668;U000007;I0104;home;view;2025/11/22;5;5;;;
E0000669;U000007;I0104;home;add_to_cart;2025/11/22;477;4;E0000668;;
E0000670;U000007;I0153;shop;view;2025/11/22;121;4;;;
E0000671;U000007;I0017;shop;view;2025/10/30;235;4;;;
E0000672;U000007;I0093;home;view;2025/10/30;551;7;;;
E0000673;U000007;I0093;home;add_to_cart;2025/10/30;234;5;E0000672;;
E0000674;U000007;I0144;shop;view;2025/10/19;548;8;;;
E0000675;U000007;I0106;shop;view;2025/11/15;477;10;;;
E0000676;U000007;I0101;home;view;2026/02/20;446;1;;;
E0000677;U000007;I0148;shop;view;2026/02/20;202;8;;;
E0000678;U000007;I0026;shop;view;2025/12/16;7;11;;;
E0000679;U000007;I0026;shop;add_to_cart;2025/12/16;308;1;E0000678;;
E0000680;U000007;I0026;shop;purchase;2025/12/16;396;8;E0000679;186.86;1
E0000681;U000007;I0232;rewards;view;2025/12/16;85;5;;;
E0000682;U000007;I0232;rewards;redeem_reward;2025/12/16;49;5;E0000681;;
E0000683;U000007;I0102;home;view;2026/02/17;311;1;;;
E0000684;U000007;I0102;home;add_to_cart;2026/02/17;382;12;E0000683;;
E0000685;U000007;I0102;home;purchase;2026/02/17;188;10;E0000684;293.82;1
E0000686;U000007;I0142;home;view;2026/03/12;503;8;;;
E0000687;U000007;I0142;home;add_to_cart;2026/03/12;397;2;E0000686;;
E0000688;U000007;I0142;home;purchase;2026/03/12;450;4;E0000687;60.58;1
E0000689;U000007;I0178;shop;view;2026/03/12;392;7;;;
E0000690;U000007;I0178;shop;add_to_cart;2026/03/12;536;9;E0000689;;
E0000691;U000007;I0110;shop;view;2025/10/29;162;8;;;
E0000692;U000007;I0110;shop;add_to_cart;2025/10/29;404;10;E0000691;;
E0000693;U000007;I0108;shop;view;2026/01/01;248;2;;;
E0000694;U000007;I0180;home;view;2026/01/01;460;11;;;
E0000695;U000007;I0180;home;wishlist;2026/01/01;315;10;E0000694;;
E0000696;U000007;I0065;home;view;2026/03/31;24;7;;;
E0000697;U000007;I0125;home;view;2025/11/02;88;2;;;
E0000698;U000007;I0125;home;add_to_cart;2025/11/02;571;4;E0000697;;
E0000699;U000007;I0125;home;purchase;2025/11/02;535;2;E0000698;149.94;1
E0000700;U000007;I0022;shop;view;2025/12/14;53;10;;;
E0000701;U000007;I0022;shop;add_to_cart;2025/12/14;104;9;E0000700;;
E0000702;U000007;I0184;home;view;2026/01/13;225;10;;;
E0000703;U000007;I0184;home;add_to_cart;2026/01/13;289;11;E0000702;;
E0000704;U000007;I0184;home;purchase;2026/01/13;513;5;E0000703;47.80;1
E0000705;U000007;I0184;home;wishlist;2026/01/13;196;10;E0000704;;
E0000706;U000007;I0034;home;view;2026/01/13;311;9;;;
E0000707;U000007;I0034;home;add_to_cart;2026/01/13;286;11;E0000706;;
E0000708;U000008;I0072;shop;view;2025/10/22;329;9;;;
E0000709;U000008;I0072;shop;add_to_cart;2025/10/22;520;5;E0000708;;
E0000710;U000008;I0009;shop;view;2025/10/22;530;5;;;
E0000711;U000008;I0009;shop;add_to_cart;2025/10/22;251;7;E0000710;;
E0000712;U000008;I0073;shop;view;2025/12/05;136;9;;;
E0000713;U000008;I0073;shop;add_to_cart;2025/12/05;20;2;E0000712;;
E0000714;U000008;I0073;shop;purchase;2025/12/05;268;12;E0000713;533.72;1
E0000715;U000008;I0025;shop;view;2026/01/01;103;5;;;
E0000716;U000008;I0230;shop;view;2026/01/01;434;1;;;
E0000717;U000008;I0106;shop;view;2026/01/09;297;7;;;
E0000718;U000008;I0158;rewards;view;2026/01/09;149;9;;;
E0000719;U000008;I0158;rewards;redeem_reward;2026/01/09;350;9;E0000718;;
E0000720;U000008;I0067;home;view;2025/10/10;373;5;;;
E0000721;U000008;I0073;shop;view;2026/01/30;193;9;;;
E0000722;U000008;I0221;shop;view;2026/01/30;547;4;;;
E0000723;U000008;I0221;shop;add_to_cart;2026/01/30;494;6;E0000722;;
E0000724;U000008;I0221;shop;purchase;2026/01/30;109;9;E0000723;17.68;1
E0000725;U000008;I0019;shop;view;2025/11/06;89;5;;;
E0000726;U000008;I0106;shop;view;2026/01/10;389;1;;;
E0000727;U000008;I0106;shop;wishlist;2026/01/10;101;4;E0000726;;
E0000728;U000008;I0145;home;view;2025/12/04;521;2;;;
E0000729;U000008;I0175;shop;view;2025/12/04;386;10;;;
E0000730;U000008;I0175;shop;add_to_cart;2025/12/04;37;2;E0000729;;
E0000731;U000008;I0061;shop;view;2025/10/06;163;9;;;
E0000732;U000008;I0066;shop;view;2025/12/08;348;10;;;
E0000733;U000008;I0066;shop;add_to_cart;2025/12/08;449;4;E0000732;;
E0000734;U000008;I0066;shop;purchase;2025/12/08;301;10;E0000733;1190.00;1
E0000735;U000008;I0222;home;view;2025/12/08;109;1;;;
E0000736;U000008;I0134;shop;view;2025/12/05;541;8;;;
E0000737;U000008;I0073;shop;view;2026/01/27;184;2;;;
E0000738;U000008;I0221;shop;view;2026/01/27;347;4;;;
E0000739;U000008;I0221;shop;add_to_cart;2026/01/27;346;12;E0000738;;
E0000740;U000008;I0074;shop;view;2026/02/01;461;2;;;
E0000741;U000008;I0074;shop;wishlist;2026/02/01;73;8;E0000740;;
E0000742;U000008;I0027;shop;view;2025/10/05;242;3;;;
E0000743;U000008;I0021;shop;view;2026/02/28;63;11;;;
E0000744;U000008;I0096;home;view;2026/02/28;446;4;;;
E0000745;U000008;I0096;home;add_to_cart;2026/02/28;231;6;E0000744;;
E0000746;U000008;I0016;shop;view;2025/10/07;509;6;;;
E0000747;U000008;I0089;rewards;view;2025/10/07;272;7;;;
E0000748;U000008;I0060;shop;view;2025/10/17;109;8;;;
E0000749;U000008;I0060;shop;add_to_cart;2025/10/17;447;9;E0000748;;
E0000750;U000008;I0060;shop;purchase;2025/10/17;30;2;E0000749;1315.95;1
E0000751;U000008;I0099;rewards;view;2025/10/17;316;1;;;
E0000752;U000008;I0056;home;view;2026/01/16;258;6;;;
E0000753;U000008;I0056;rewards;view;2026/01/28;585;7;;;
E0000754;U000008;I0097;home;view;2026/01/28;599;3;;;
E0000755;U000008;I0060;home;view;2026/01/31;19;3;;;
E0000756;U000008;I0093;home;view;2026/01/31;173;5;;;
E0000757;U000008;I0111;rewards;view;2026/01/06;150;2;;;
E0000758;U000008;I0106;shop;view;2026/01/21;576;5;;;
E0000759;U000008;I0106;shop;add_to_cart;2026/01/21;384;1;E0000758;;
E0000760;U000008;I0106;shop;purchase;2026/01/21;545;5;E0000759;126.07;1
E0000761;U000008;I0155;home;view;2026/01/21;5;7;;;
E0000762;U000008;I0065;shop;view;2026/03/24;142;5;;;
E0000763;U000008;I0065;shop;add_to_cart;2026/03/24;559;12;E0000762;;
E0000764;U000008;I0023;rewards;view;2026/02/26;128;4;;;
E0000765;U000008;I0016;home;view;2025/12/18;104;3;;;
E0000766;U000008;I0233;rewards;view;2025/12/18;137;3;;;
E0000767;U000008;I0233;rewards;redeem_reward;2025/12/18;326;12;E0000766;;
E0000768;U000008;I0194;rewards;view;2026/01/09;192;3;;;
E0000769;U000008;I0055;home;view;2026/01/04;318;1;;;
E0000770;U000008;I0104;shop;view;2025/12/22;458;2;;;
E0000771;U000008;I0173;shop;view;2025/12/22;217;2;;;
E0000772;U000008;I0022;home;view;2025/10/24;58;7;;;
E0000773;U000008;I0022;home;add_to_cart;2025/10/24;465;2;E0000772;;
E0000774;U000008;I0022;home;purchase;2025/10/24;36;7;E0000773;97.13;1
E0000775;U000008;I0130;shop;view;2025/11/21;135;7;;;
E0000776;U000008;I0113;shop;view;2025/11/21;125;4;;;
E0000777;U000008;I0139;shop;view;2025/12/23;96;2;;;
E0000778;U000008;I0139;shop;add_to_cart;2025/12/23;465;2;E0000777;;
E0000779;U000008;I0181;shop;view;2025/12/23;269;7;;;
E0000780;U000008;I0026;shop;view;2025/11/29;11;8;;;
E0000781;U000008;I0012;shop;view;2025/11/29;91;7;;;
E0000782;U000008;I0192;shop;view;2025/11/09;484;5;;;
E0000783;U000008;I0192;shop;add_to_cart;2025/11/09;494;10;E0000782;;
E0000784;U000008;I0037;shop;view;2025/11/09;517;1;;;
E0000785;U000008;I0037;shop;add_to_cart;2025/11/09;428;12;E0000784;;
E0000786;U000008;I0037;shop;purchase;2025/11/09;30;5;E0000785;95.42;1
E0000787;U000008;I0067;shop;view;2026/02/05;425;12;;;
E0000788;U000008;I0006;home;view;2026/02/05;231;5;;;
E0000789;U000008;I0006;home;add_to_cart;2026/02/05;389;4;E0000788;;
E0000790;U000008;I0006;home;purchase;2026/02/05;429;6;E0000789;26.18;1
E0000791;U000008;I0059;shop;view;2026/03/19;75;5;;;
E0000792;U000008;I0071;shop;view;2025/10/30;180;4;;;
E0000793;U000008;I0190;shop;view;2026/03/01;510;12;;;
E0000794;U000008;I0190;shop;add_to_cart;2026/03/01;461;1;E0000793;;
E0000795;U000008;I0035;rewards;view;2026/03/01;62;6;;;
E0000796;U000008;I0103;shop;view;2025/10/21;555;7;;;
E0000797;U000008;I0065;shop;view;2025/10/20;394;3;;;
E0000798;U000008;I0009;shop;view;2025/10/20;443;4;;;
E0000799;U000008;I0009;shop;add_to_cart;2025/10/20;132;1;E0000798;;
E0000800;U000008;I0009;shop;purchase;2025/10/20;85;8;E0000799;60.38;1
E0000801;U000008;I0130;shop;view;2025/10/09;278;3;;;
E0000802;U000008;I0071;shop;view;2025/11/16;407;9;;;
E0000803;U000008;I0220;shop;view;2025/11/16;285;9;;;
E0000804;U000008;I0220;shop;add_to_cart;2025/11/16;246;11;E0000803;;
E0000805;U000008;I0019;rewards;view;2026/02/20;446;11;;;
E0000806;U000008;I0019;rewards;wishlist;2026/02/20;385;5;E0000805;;
E0000807;U000008;I0015;shop;view;2026/02/20;218;12;;;
E0000808;U000008;I0191;rewards;view;2025/12/29;89;1;;;
E0000809;U000008;I0063;shop;view;2025/10/08;514;4;;;
E0000810;U000008;I0139;shop;view;2026/03/16;228;6;;;
E0000811;U000008;I0068;shop;view;2025/10/01;215;5;;;
E0000812;U000008;I0075;shop;view;2026/02/03;27;2;;;
E0000813;U000008;I0103;rewards;view;2025/12/29;387;10;;;
E0000814;U000008;I0103;rewards;add_to_cart;2025/12/29;156;2;E0000813;;
E0000815;U000008;I0103;rewards;purchase;2025/12/29;315;5;E0000814;73.03;1
E0000816;U000008;I0103;rewards;redeem_reward;2025/12/29;532;7;E0000815;;
E0000817;U000008;I0104;rewards;view;2026/03/14;18;4;;;
E0000818;U000008;I0104;rewards;add_to_cart;2026/03/14;343;4;E0000817;;
E0000819;U000008;I0128;shop;view;2025/11/20;321;5;;;
E0000820;U000008;I0128;shop;add_to_cart;2025/11/20;18;9;E0000819;;
E0000821;U000008;I0128;shop;purchase;2025/11/20;283;3;E0000820;651.92;1
E0000822;U000008;I0105;shop;view;2026/01/02;261;2;;;
E0000823;U000008;I0105;shop;add_to_cart;2026/01/02;597;8;E0000822;;
E0000824;U000008;I0105;shop;purchase;2026/01/02;515;5;E0000823;151.43;1
E0000825;U000008;I0153;rewards;view;2026/01/02;435;10;;;
E0000826;U000008;I0153;rewards;redeem_reward;2026/01/02;273;9;E0000825;;
E0000827;U000008;I0018;shop;view;2026/01/30;105;4;;;
E0000828;U000008;I0231;shop;view;2026/01/30;248;3;;;
E0000829;U000008;I0231;shop;add_to_cart;2026/01/30;553;11;E0000828;;
E0000830;U000008;I0231;shop;purchase;2026/01/30;511;6;E0000829;15.03;1
E0000831;U000008;I0067;shop;view;2026/01/04;197;1;;;
E0000832;U000008;I0116;shop;view;2025/12/27;545;3;;;
E0000833;U000008;I0116;shop;add_to_cart;2025/12/27;103;9;E0000832;;
E0000834;U000008;I0116;shop;purchase;2025/12/27;157;7;E0000833;181.63;1
E0000835;U000008;I0162;shop;view;2025/12/27;486;2;;;
E0000836;U000008;I0162;shop;add_to_cart;2025/12/27;495;6;E0000835;;
E0000837;U000008;I0141;home;view;2025/11/23;210;4;;;
E0000838;U000009;I0071;shop;view;2025/10/31;158;2;;;
E0000839;U000009;I0105;shop;view;2026/02/21;558;1;;;
E0000840;U000009;I0107;shop;view;2026/03/10;563;1;;;
E0000841;U000009;I0107;shop;add_to_cart;2026/03/10;197;8;E0000840;;
E0000842;U000009;I0174;home;view;2026/03/10;600;7;;;
E0000843;U000009;I0174;home;add_to_cart;2026/03/10;197;12;E0000842;;
E0000844;U000009;I0027;home;view;2026/03/21;504;8;;;
E0000845;U000009;I0027;home;wishlist;2026/03/21;264;5;E0000844;;
E0000846;U000009;I0000;shop;view;2026/03/21;47;5;;;
E0000847;U000009;I0027;shop;view;2026/01/27;281;3;;;
E0000848;U000009;I0027;shop;add_to_cart;2026/01/27;503;7;E0000847;;
E0000849;U000009;I0027;shop;wishlist;2026/01/27;375;1;E0000848;;
E0000850;U000009;I0144;home;view;2026/01/16;48;7;;;
E0000851;U000009;I0119;shop;view;2025/11/04;139;9;;;
E0000852;U000009;I0119;shop;add_to_cart;2025/11/04;435;5;E0000851;;
E0000853;U000009;I0119;shop;purchase;2025/11/04;277;2;E0000852;371.94;1
E0000854;U000009;I0163;home;view;2025/11/04;588;2;;;
E0000855;U000009;I0072;shop;view;2026/02/14;241;6;;;
E0000856;U000009;I0072;shop;add_to_cart;2026/02/14;238;2;E0000855;;
E0000857;U000009;I0072;shop;purchase;2026/02/14;53;7;E0000856;796.22;1
E0000858;U000009;I0005;home;view;2026/02/14;221;7;;;
E0000859;U000009;I0005;home;add_to_cart;2026/02/14;313;12;E0000858;;
E0000860;U000009;I0005;home;purchase;2026/02/14;216;3;E0000859;124.72;1
E0000861;U000009;I0071;shop;view;2026/03/24;218;6;;;
E0000862;U000009;I0071;shop;add_to_cart;2026/03/24;126;12;E0000861;;
E0000863;U000009;I0071;shop;purchase;2026/03/24;220;8;E0000862;481.20;1
E0000864;U000009;I0027;shop;view;2025/10/31;533;10;;;
E0000865;U000009;I0074;home;view;2025/11/07;510;10;;;
E0000866;U000009;I0141;shop;view;2026/02/24;250;9;;;
E0000867;U000009;I0141;shop;wishlist;2026/02/24;536;6;E0000866;;
E0000868;U000009;I0180;shop;view;2026/02/24;309;10;;;
E0000869;U000009;I0180;shop;add_to_cart;2026/02/24;97;8;E0000868;;
E0000870;U000009;I0180;shop;purchase;2026/02/24;22;6;E0000869;13.62;1
E0000871;U000009;I0119;shop;view;2025/10/30;249;10;;;
E0000872;U000009;I0160;shop;view;2025/10/30;297;8;;;
E0000873;U000009;I0187;shop;view;2025/12/22;485;8;;;
E0000874;U000009;I0141;home;view;2025/10/30;475;3;;;
E0000875;U000009;I0141;home;add_to_cart;2025/10/30;66;7;E0000874;;
E0000876;U000009;I0183;shop;view;2025/10/30;598;8;;;
E0000877;U000009;I0183;shop;add_to_cart;2025/10/30;138;2;E0000876;;
E0000878;U000009;I0183;shop;purchase;2025/10/30;13;7;E0000877;11.04;1
E0000879;U000009;I0147;home;view;2025/12/03;227;10;;;
E0000880;U000009;I0177;home;view;2025/12/03;191;12;;;
E0000881;U000009;I0123;home;view;2026/02/10;118;5;;;
E0000882;U000009;I0123;home;add_to_cart;2026/02/10;425;10;E0000881;;
E0000883;U000009;I0162;rewards;view;2026/02/10;578;4;;;
E0000884;U000009;I0162;rewards;add_to_cart;2026/02/10;180;5;E0000883;;
E0000885;U000009;I0162;rewards;wishlist;2026/02/10;553;10;E0000884;;
E0000886;U000009;I0162;rewards;redeem_reward;2026/02/10;157;9;E0000885;;
E0000887;U000009;I0110;shop;view;2025/12/05;305;5;;;
E0000888;U000009;I0121;shop;view;2026/01/21;223;12;;;
E0000889;U000009;I0165;shop;view;2026/01/21;418;8;;;
E0000890;U000009;I0136;shop;view;2025/11/09;185;9;;;
E0000891;U000009;I0128;shop;view;2026/03/24;476;9;;;
E0000892;U000009;I0128;shop;add_to_cart;2026/03/24;544;10;E0000891;;
E0000893;U000009;I0128;shop;purchase;2026/03/24;216;3;E0000892;651.92;1
E0000894;U000009;I0114;shop;view;2026/03/24;276;1;;;
E0000895;U000009;I0186;home;view;2026/03/31;116;5;;;
E0000896;U000009;I0067;shop;view;2026/02/05;60;12;;;
E0000897;U000009;I0003;rewards;view;2026/02/05;545;2;;;
E0000898;U000009;I0003;rewards;add_to_cart;2026/02/05;445;4;E0000897;;
E0000899;U000009;I0003;rewards;purchase;2026/02/05;252;8;E0000898;156.41;1
E0000900;U000009;I0003;rewards;redeem_reward;2026/02/05;562;6;E0000899;;
E0000901;U000009;I0068;shop;view;2025/10/12;412;11;;;
E0000902;U000009;I0125;shop;view;2026/02/19;336;5;;;
E0000903;U000009;I0116;shop;view;2026/02/19;49;2;;;
E0000904;U000009;I0054;shop;view;2026/01/06;173;11;;;
E0000905;U000009;I0054;shop;add_to_cart;2026/01/06;533;9;E0000904;;
E0000906;U000009;I0092;shop;view;2026/01/06;571;3;;;
E0000907;U000009;I0024;shop;view;2025/12/01;434;10;;;
E0000908;U000009;I0024;shop;add_to_cart;2025/12/01;484;3;E0000907;;
E0000909;U000009;I0024;shop;purchase;2025/12/01;47;6;E0000908;218.94;1
E0000910;U000009;I0089;home;view;2025/12/01;31;10;;;
E0000911;U000009;I0020;home;view;2025/11/17;423;11;;;
E0000912;U000009;I0090;rewards;view;2025/11/17;173;8;;;
E0000913;U000009;I0090;rewards;redeem_reward;2025/11/17;417;3;E0000912;;
E0000914;U000009;I0024;shop;view;2025/12/17;94;9;;;
E0000915;U000009;I0232;rewards;view;2025/12/17;553;9;;;
E0000916;U000009;I0193;shop;view;2026/02/24;341;6;;;
E0000917;U000009;I0137;shop;view;2025/10/05;271;6;;;
E0000918;U000009;I0172;shop;view;2025/10/05;132;6;;;
E0000919;U000009;I0131;shop;view;2025/12/27;316;6;;;
E0000920;U000009;I0131;shop;wishlist;2025/12/27;530;2;E0000919;;
E0000921;U000009;I0117;rewards;view;2025/12/20;573;10;;;
E0000922;U000009;I0125;shop;view;2026/01/24;445;1;;;
E0000923;U000009;I0112;rewards;view;2026/01/24;575;9;;;
E0000924;U000009;I0112;rewards;add_to_cart;2026/01/24;97;3;E0000923;;
E0000925;U000009;I0112;rewards;redeem_reward;2026/01/24;260;2;E0000924;;
E0000926;U000009;I0191;rewards;view;2025/11/05;57;4;;;
E0000927;U000009;I0018;shop;view;2025/11/30;165;9;;;
E0000928;U000009;I0119;shop;view;2026/02/25;242;11;;;
E0000929;U000009;I0119;shop;add_to_cart;2026/02/25;328;5;E0000928;;
E0000930;U000009;I0119;shop;purchase;2026/02/25;577;12;E0000929;371.94;1
E0000931;U000009;I0167;home;view;2026/02/25;466;3;;;
E0000932;U000009;I0060;shop;view;2026/03/03;506;9;;;
E0000933;U000009;I0060;shop;wishlist;2026/03/03;568;3;E0000932;;
E0000934;U000009;I0022;shop;view;2025/12/26;510;1;;;
E0000935;U000009;I0022;shop;wishlist;2025/12/26;131;8;E0000934;;
E0000936;U000009;I0089;home;view;2025/12/26;272;11;;;
E0000937;U000009;I0072;rewards;view;2026/03/15;557;6;;;
E0000938;U000009;I0223;shop;view;2026/03/15;131;9;;;
E0000939;U000009;I0223;shop;wishlist;2026/03/15;358;12;E0000938;;
E0000940;U000009;I0026;shop;view;2026/02/16;232;6;;;
E0000941;U000009;I0230;shop;view;2026/02/16;545;7;;;
E0000942;U000009;I0230;shop;add_to_cart;2026/02/16;312;11;E0000941;;
E0000943;U000009;I0230;shop;wishlist;2026/02/16;579;7;E0000942;;
E0000944;U000009;I0061;shop;view;2025/12/16;297;7;;;
E0000945;U000009;I0025;shop;view;2025/10/25;33;12;;;
E0000946;U000009;I0025;shop;add_to_cart;2025/10/25;505;3;E0000945;;
E0000947;U000009;I0091;shop;view;2025/10/25;118;6;;;
E0000948;U000009;I0021;shop;view;2026/02/26;351;6;;;
E0000949;U000009;I0099;shop;view;2026/02/26;28;10;;;
E0000950;U000009;I0027;shop;view;2026/01/27;111;1;;;
E0000951;U000009;I0011;shop;view;2026/01/27;344;5;;;
E0000952;U000009;I0072;shop;view;2025/10/07;79;10;;;
E0000953;U000009;I0012;rewards;view;2025/10/07;431;1;;;
E0000954;U000009;I0012;rewards;add_to_cart;2025/10/07;307;5;E0000953;;
E0000955;U000009;I0012;rewards;redeem_reward;2025/10/07;21;6;E0000954;;
E0000956;U000009;I0024;rewards;view;2026/02/26;78;9;;;
E0000957;U000009;I0099;shop;view;2026/02/26;84;12;;;
E0000958;U000009;I0099;shop;add_to_cart;2026/02/26;474;8;E0000957;;
E0000959;U000009;I0108;shop;view;2025/11/15;490;11;;;
E0000960;U000009;I0109;shop;view;2026/01/13;560;9;;;
E0000961;U000009;I0109;shop;add_to_cart;2026/01/13;593;1;E0000960;;
E0000962;U000009;I0109;shop;purchase;2026/01/13;154;8;E0000961;770.00;1
E0000963;U000010;I0025;shop;view;2026/01/13;99;12;;;
E0000964;U000010;I0025;shop;wishlist;2026/01/13;562;3;E0000963;;
E0000965;U000010;I0231;shop;view;2026/01/13;183;12;;;
E0000966;U000010;I0021;shop;view;2025/10/07;247;4;;;
E0000967;U000010;I0021;shop;add_to_cart;2025/10/07;113;8;E0000966;;
E0000968;U000010;I0021;shop;purchase;2025/10/07;219;2;E0000967;113.49;1
E0000969;U000010;I0187;shop;view;2026/03/27;120;6;;;
E0000970;U000010;I0187;shop;add_to_cart;2026/03/27;450;6;E0000969;;
E0000971;U000010;I0187;shop;purchase;2026/03/27;491;3;E0000970;35.74;1
E0000972;U000010;I0034;shop;view;2026/03/27;463;3;;;
E0000973;U000010;I0065;shop;view;2025/10/26;80;12;;;
E0000974;U000010;I0102;home;view;2026/03/21;488;8;;;
E0000975;U000010;I0142;shop;view;2026/03/25;568;2;;;
E0000976;U000010;I0142;shop;add_to_cart;2026/03/25;575;3;E0000975;;
E0000977;U000010;I0177;shop;view;2026/03/25;247;4;;;
E0000978;U000010;I0177;shop;add_to_cart;2026/03/25;461;12;E0000977;;
E0000979;U000010;I0142;rewards;view;2026/02/06;358;6;;;
E0000980;U000010;I0142;rewards;redeem_reward;2026/02/06;71;2;E0000979;;
E0000981;U000010;I0111;shop;view;2025/10/31;484;1;;;
E0000982;U000010;I0178;home;view;2025/10/31;197;1;;;
E0000983;U000010;I0069;shop;view;2026/03/11;202;9;;;
E0000984;U000010;I0069;shop;add_to_cart;2026/03/11;274;4;E0000983;;
E0000985;U000010;I0000;shop;view;2026/03/11;517;1;;;
E0000986;U000010;I0025;home;view;2026/03/20;541;7;;;
E0000987;U000010;I0025;home;add_to_cart;2026/03/20;453;6;E0000986;;
E0000988;U000010;I0025;home;purchase;2026/03/20;21;11;E0000987;765.00;1
E0000989;U000010;I0099;rewards;view;2026/03/20;480;6;;;
E0000990;U000010;I0099;rewards;redeem_reward;2026/03/20;589;5;E0000989;;
E0000991;U000010;I0069;shop;view;2026/01/28;79;8;;;
E0000992;U000010;I0069;shop;add_to_cart;2026/01/28;9;9;E0000991;;
E0000993;U000010;I0069;shop;purchase;2026/01/28;432;2;E0000992;524.01;1
E0000994;U000010;I0015;home;view;2026/01/28;18;7;;;
E0000995;U000010;I0024;shop;view;2026/02/14;337;10;;;
E0000996;U000010;I0022;rewards;view;2026/03/26;13;2;;;
E0000997;U000010;I0021;shop;view;2025/11/29;359;7;;;
E0000998;U000010;I0231;rewards;view;2025/11/29;537;1;;;
E0000999;U000010;I0103;shop;view;2025/12/26;321;1;;;
E0001000;U000010;I0130;rewards;view;2026/01/08;559;2;;;
E0001001;U000010;I0130;rewards;redeem_reward;2026/01/08;502;1;E0001000;;
E0001002;U000010;I0121;home;view;2025/10/23;546;4;;;
E0001003;U000010;I0121;home;add_to_cart;2025/10/23;583;7;E0001002;;
E0001004;U000010;I0138;shop;view;2025/12/01;181;8;;;
E0001005;U000010;I0176;rewards;view;2025/12/01;237;8;;;
E0001006;U000010;I0176;rewards;redeem_reward;2025/12/01;313;10;E0001005;;
E0001007;U000010;I0192;shop;view;2026/03/13;560;12;;;
E0001008;U000010;I0019;shop;view;2025/10/19;169;1;;;
E0001009;U000010;I0234;shop;view;2025/10/19;500;1;;;
E0001010;U000010;I0105;shop;view;2026/03/25;336;3;;;
E0001011;U000010;I0172;rewards;view;2026/03/25;7;11;;;
E0001012;U000010;I0107;shop;view;2025/10/21;144;2;;;
E0001013;U000010;I0065;home;view;2026/01/25;199;11;;;
E0001014;U000010;I0065;home;add_to_cart;2026/01/25;392;9;E0001013;;
E0001015;U000010;I0025;shop;view;2026/03/18;180;8;;;
E0001016;U000010;I0025;shop;add_to_cart;2026/03/18;359;2;E0001015;;
E0001017;U000010;I0025;shop;purchase;2026/03/18;210;10;E0001016;765.00;1
E0001018;U000010;I0012;shop;view;2026/03/18;592;2;;;
E0001019;U000010;I0190;shop;view;2026/01/15;193;3;;;
E0001020;U000010;I0190;shop;add_to_cart;2026/01/15;144;5;E0001019;;
E0001021;U000010;I0190;shop;purchase;2026/01/15;158;11;E0001020;54.17;1
E0001022;U000010;I0038;shop;view;2026/01/15;219;8;;;
E0001023;U000010;I0066;shop;view;2025/11/13;331;11;;;
E0001024;U000010;I0002;shop;view;2025/11/13;23;1;;;
E0001025;U000010;I0002;shop;add_to_cart;2025/11/13;101;10;E0001024;;
E0001026;U000010;I0002;shop;purchase;2025/11/13;584;10;E0001025;118.07;1
E0001027;U000010;I0019;rewards;view;2025/10/27;410;10;;;
E0001028;U000010;I0019;rewards;redeem_reward;2025/10/27;438;9;E0001027;;
E0001029;U000010;I0074;rewards;view;2026/03/27;50;5;;;
E0001030;U000010;I0106;shop;view;2025/11/25;485;4;;;
E0001031;U000010;I0159;home;view;2025/11/25;279;12;;;
E0001032;U000010;I0104;shop;view;2026/01/20;514;6;;;
E0001033;U000010;I0104;shop;wishlist;2026/01/20;517;1;E0001032;;
E0001034;U000010;I0188;shop;view;2026/01/29;77;3;;;
E0001035;U000010;I0188;shop;add_to_cart;2026/01/29;454;8;E0001034;;
E0001036;U000010;I0188;shop;purchase;2026/01/29;361;8;E0001035;15.55;1
E0001037;U000010;I0036;shop;view;2026/01/29;141;8;;;
E0001038;U000010;I0021;shop;view;2026/03/10;333;12;;;
E0001039;U000010;I0021;shop;add_to_cart;2026/03/10;427;8;E0001038;;
E0001040;U000010;I0021;shop;purchase;2026/03/10;10;3;E0001039;113.49;1
E0001041;U000010;I0019;shop;view;2025/11/22;582;8;;;
E0001042;U000010;I0019;shop;add_to_cart;2025/11/22;594;9;E0001041;;
E0001043;U000010;I0019;shop;view;2026/03/14;151;9;;;
E0001044;U000010;I0063;shop;view;2026/02/22;295;7;;;
E0001045;U000010;I0096;shop;view;2026/02/22;243;4;;;
E0001046;U000010;I0096;shop;add_to_cart;2026/02/22;501;5;E0001045;;
E0001047;U000010;I0024;home;view;2026/02/02;81;7;;;
E0001048;U000011;I0113;home;view;2025/12/05;487;2;;;
E0001049;U000011;I0066;shop;view;2026/01/03;211;10;;;
E0001050;U000011;I0066;shop;add_to_cart;2026/01/03;514;10;E0001049;;
E0001051;U000011;I0066;shop;purchase;2026/01/03;159;4;E0001050;1190.00;1
E0001052;U000011;I0223;shop;view;2026/01/03;274;12;;;
E0001053;U000011;I0121;shop;view;2025/11/30;56;5;;;
E0001054;U000011;I0170;shop;view;2025/11/30;529;10;;;
E0001055;U000011;I0066;shop;view;2025/11/04;321;5;;;
E0001056;U000011;I0220;shop;view;2025/11/04;402;5;;;
E0001057;U000011;I0220;shop;wishlist;2025/11/04;465;3;E0001056;;
E0001058;U000011;I0108;shop;view;2025/10/30;112;6;;;
E0001059;U000011;I0179;shop;view;2025/10/30;195;3;;;
E0001060;U000011;I0109;shop;view;2026/01/12;438;3;;;
E0001061;U000011;I0109;shop;add_to_cart;2026/01/12;233;12;E0001060;;
E0001062;U000011;I0109;shop;purchase;2026/01/12;112;4;E0001061;770.00;1
E0001063;U000011;I0175;home;view;2026/01/12;402;9;;;
E0001064;U000011;I0175;home;add_to_cart;2026/01/12;368;2;E0001063;;
E0001065;U000011;I0120;shop;view;2026/03/28;598;12;;;
E0001066;U000011;I0167;shop;view;2026/03/28;93;2;;;
E0001067;U000011;I0167;shop;add_to_cart;2026/03/28;414;2;E0001066;;
E0001068;U000011;I0167;shop;purchase;2026/03/28;350;1;E0001067;10.65;1
E0001069;U000011;I0108;home;view;2025/12/07;132;11;;;
E0001070;U000011;I0065;shop;view;2025/12/02;142;10;;;
E0001071;U000011;I0065;shop;add_to_cart;2025/12/02;15;1;E0001070;;
E0001072;U000011;I0020;shop;view;2025/11/14;349;4;;;
E0001073;U000011;I0000;shop;view;2025/11/14;524;9;;;
E0001074;U000011;I0018;home;view;2025/10/30;261;12;;;
E0001075;U000011;I0018;home;add_to_cart;2025/10/30;392;9;E0001074;;
E0001076;U000011;I0018;home;purchase;2025/10/30;413;6;E0001075;522.28;1
E0001077;U000011;I0095;home;view;2025/10/30;584;8;;;
E0001078;U000011;I0023;rewards;view;2026/01/03;58;10;;;
E0001079;U000011;I0135;shop;view;2026/02/27;326;9;;;
E0001080;U000011;I0135;shop;add_to_cart;2026/02/27;515;8;E0001079;;
E0001081;U000011;I0135;shop;purchase;2026/02/27;99;5;E0001080;950.00;1
E0001082;U000011;I0113;shop;view;2026/02/27;233;7;;;
E0001083;U000011;I0113;shop;add_to_cart;2026/02/27;516;4;E0001082;;
E0001084;U000011;I0113;shop;purchase;2026/02/27;369;6;E0001083;330.39;1
E0001085;U000011;I0113;shop;wishlist;2026/02/27;264;3;E0001084;;
E0001086;U000011;I0103;shop;view;2026/03/23;30;1;;;
E0001087;U000011;I0103;shop;add_to_cart;2026/03/23;312;6;E0001086;;
E0001088;U000011;I0103;shop;purchase;2026/03/23;457;5;E0001087;73.03;1
E0001089;U000011;I0189;shop;view;2025/12/16;110;2;;;
E0001090;U000011;I0031;rewards;view;2025/12/16;591;8;;;
E0001091;U000011;I0031;rewards;add_to_cart;2025/12/16;501;9;E0001090;;
E0001092;U000011;I0031;rewards;wishlist;2025/12/16;436;8;E0001091;;
E0001093;U000011;I0016;shop;view;2026/02/10;407;1;;;
E0001094;U000011;I0016;shop;add_to_cart;2026/02/10;334;6;E0001093;;
E0001095;U000011;I0016;shop;purchase;2026/02/10;207;2;E0001094;85.70;1
E0001096;U000011;I0097;home;view;2026/02/10;260;3;;;
E0001097;U000011;I0027;shop;view;2026/01/09;517;1;;;
E0001098;U000011;I0001;shop;view;2026/01/09;155;1;;;
E0001099;U000011;I0125;rewards;view;2025/11/01;94;5;;;
E0001100;U000011;I0066;shop;view;2026/01/14;12;2;;;
E0001101;U000011;I0220;rewards;view;2026/01/14;112;10;;;
E0001102;U000011;I0057;shop;view;2025/12/23;226;3;;;
E0001103;U000011;I0089;home;view;2025/12/23;392;6;;;
E0001104;U000011;I0066;rewards;view;2025/10/21;266;11;;;
E0001105;U000011;I0222;shop;view;2025/10/21;435;5;;;
E0001106;U000011;I0114;shop;view;2026/02/16;73;5;;;
E0001107;U000011;I0167;home;view;2026/02/16;317;2;;;
E0001108;U000011;I0167;home;add_to_cart;2026/02/16;92;2;E0001107;;
E0001109;U000011;I0069;home;view;2025/11/08;443;8;;;
E0001110;U000011;I0186;home;view;2025/11/23;322;5;;;
E0001111;U000011;I0029;rewards;view;2025/11/23;136;7;;;
E0001112;U000011;I0069;shop;view;2026/03/17;78;11;;;
E0001113;U000011;I0069;shop;add_to_cart;2026/03/17;383;3;E0001112;;
E0001114;U000011;I0069;shop;purchase;2026/03/17;505;4;E0001113;524.01;1
E0001115;U000011;I0009;shop;view;2026/03/17;278;5;;;
E0001116;U000011;I0070;shop;view;2025/11/27;590;11;;;
E0001117;U000011;I0070;shop;wishlist;2025/11/27;277;8;E0001116;;
E0001118;U000011;I0013;rewards;view;2025/11/27;79;11;;;
E0001119;U000011;I0013;rewards;redeem_reward;2025/11/27;154;9;E0001118;;
E0001120;U000011;I0019;home;view;2026/02/05;352;5;;;
E0001121;U000011;I0019;home;add_to_cart;2026/02/05;531;4;E0001120;;
E0001122;U000011;I0017;rewards;view;2025/10/26;377;5;;;
E0001123;U000011;I0001;rewards;view;2025/10/26;223;7;;;
E0001124;U000011;I0001;rewards;wishlist;2025/10/26;440;5;E0001123;;
E0001125;U000011;I0057;rewards;view;2026/01/03;600;2;;;
E0001126;U000011;I0057;rewards;add_to_cart;2026/01/03;509;2;E0001125;;
E0001127;U000011;I0057;rewards;wishlist;2026/01/03;197;12;E0001126;;
E0001128;U000011;I0093;rewards;view;2026/01/03;217;1;;;
E0001129;U000011;I0093;rewards;redeem_reward;2026/01/03;331;9;E0001128;;
E0001130;U000011;I0069;shop;view;2026/02/10;565;8;;;
E0001131;U000011;I0005;shop;view;2026/02/10;209;5;;;
E0001132;U000011;I0005;shop;add_to_cart;2026/02/10;497;9;E0001131;;
E0001133;U000011;I0005;shop;purchase;2026/02/10;65;1;E0001132;124.72;1
E0001134;U000011;I0017;rewards;view;2026/01/27;75;9;;;
E0001135;U000011;I0017;rewards;redeem_reward;2026/01/27;220;11;E0001134;;
E0001136;U000011;I0095;rewards;view;2026/01/27;543;12;;;
E0001137;U000011;I0095;rewards;redeem_reward;2026/01/27;495;3;E0001136;;
E0001138;U000011;I0101;shop;view;2025/11/07;145;12;;;
E0001139;U000011;I0101;shop;wishlist;2025/11/07;51;11;E0001138;;
E0001140;U000011;I0156;shop;view;2025/11/07;116;8;;;
E0001141;U000011;I0144;shop;view;2026/01/16;140;9;;;
E0001142;U000011;I0144;shop;add_to_cart;2026/01/16;364;4;E0001141;;
E0001143;U000011;I0144;shop;purchase;2026/01/16;360;1;E0001142;49.82;1
E0001144;U000011;I0177;shop;view;2026/01/16;448;4;;;
E0001145;U000011;I0177;shop;add_to_cart;2026/01/16;330;9;E0001144;;
E0001146;U000011;I0074;shop;view;2025/10/31;303;4;;;
E0001147;U000011;I0014;rewards;view;2025/10/31;444;7;;;
E0001148;U000011;I0018;shop;view;2025/12/15;354;4;;;
E0001149;U000011;I0018;shop;add_to_cart;2025/12/15;244;4;E0001148;;
E0001150;U000011;I0005;shop;view;2025/12/15;597;5;;;
E0001151;U000011;I0005;shop;add_to_cart;2025/12/15;90;2;E0001150;;
E0001152;U000011;I0005;shop;purchase;2025/12/15;510;7;E0001151;124.72;1
E0001153;U000011;I0063;home;view;2026/03/18;387;2;;;
E0001154;U000011;I0098;home;view;2026/03/18;387;5;;;
E0001155;U000011;I0098;home;add_to_cart;2026/03/18;385;9;E0001154;;
E0001156;U000011;I0098;home;purchase;2026/03/18;263;1;E0001155;40.12;1
E0001157;U000011;I0108;shop;view;2025/11/02;471;3;;;
E0001158;U000011;I0154;home;view;2025/11/02;388;5;;;
E0001159;U000011;I0058;shop;view;2025/12/08;566;8;;;
E0001160;U000011;I0106;rewards;view;2025/11/21;288;1;;;
E0001161;U000011;I0173;shop;view;2025/11/21;338;1;;;
E0001162;U000011;I0024;shop;view;2025/11/09;203;1;;;
E0001163;U000011;I0007;shop;view;2025/11/09;89;12;;;
E0001164;U000011;I0007;shop;wishlist;2025/11/09;560;8;E0001163;;
E0001165;U000011;I0129;shop;view;2025/10/29;522;9;;;
E0001166;U000011;I0129;shop;wishlist;2025/10/29;49;7;E0001165;;
E0001167;U000011;I0123;rewards;view;2025/10/29;392;10;;;
E0001168;U000011;I0123;rewards;wishlist;2025/10/29;60;9;E0001167;;
E0001169;U000011;I0186;shop;view;2025/11/21;403;1;;;
E0001170;U000011;I0030;shop;view;2025/11/21;579;11;;;
E0001171;U000011;I0142;shop;view;2026/02/11;224;8;;;
E0001172;U000011;I0173;shop;view;2026/02/11;599;8;;;
E0001173;U000011;I0173;shop;add_to_cart;2026/02/11;229;1;E0001172;;
E0001174;U000011;I0173;shop;purchase;2026/02/11;471;3;E0001173;50.46;1
E0001175;U000011;I0137;shop;view;2026/03/26;49;7;;;
E0001176;U000011;I0177;rewards;view;2026/03/26;272;8;;;
E0001177;U000011;I0021;rewards;view;2025/10/31;470;7;;;
E0001178;U000011;I0108;rewards;view;2026/01/19;480;10;;;
E0001179;U000011;I0108;rewards;wishlist;2026/01/19;104;9;E0001178;;
E0001180;U000011;I0108;rewards;redeem_reward;2026/01/19;135;2;E0001179;;
E0001181;U000011;I0018;shop;view;2026/03/01;425;10;;;
E0001182;U000011;I0088;rewards;view;2026/03/01;431;8;;;
E0001183;U000011;I0088;rewards;redeem_reward;2026/03/01;196;7;E0001182;;
E0001184;U000012;I0119;home;view;2025/10/29;104;10;;;
E0001185;U000012;I0027;rewards;view;2026/02/12;496;3;;;
E0001186;U000012;I0027;rewards;add_to_cart;2026/02/12;485;3;E0001185;;
E0001187;U000012;I0006;shop;view;2026/02/12;252;8;;;
E0001188;U000012;I0143;shop;view;2025/12/17;499;7;;;
E0001189;U000012;I0143;shop;add_to_cart;2025/12/17;486;6;E0001188;;
E0001190;U000012;I0143;shop;purchase;2025/12/17;510;1;E0001189;180.42;1
E0001191;U000012;I0108;shop;view;2025/12/29;70;2;;;
E0001192;U000012;I0151;shop;view;2025/12/29;534;3;;;
E0001193;U000012;I0151;shop;add_to_cart;2025/12/29;47;11;E0001192;;
E0001194;U000012;I0151;shop;purchase;2025/12/29;283;9;E0001193;57.18;1
E0001195;U000012;I0127;shop;view;2025/11/14;118;2;;;
E0001196;U000012;I0193;home;view;2026/02/11;568;12;;;
E0001197;U000012;I0037;shop;view;2026/02/11;192;7;;;
E0001198;U000012;I0018;home;view;2025/10/22;483;9;;;
E0001199;U000012;I0018;home;wishlist;2025/10/22;578;12;E0001198;;
E0001200;U000012;I0025;shop;view;2026/02/13;160;3;;;
E0001201;U000012;I0025;shop;add_to_cart;2026/02/13;494;3;E0001200;;
E0001202;U000012;I0025;shop;wishlist;2026/02/13;16;6;E0001201;;
E0001203;U000012;I0099;shop;view;2026/02/13;137;4;;;
E0001204;U000012;I0016;shop;view;2025/10/09;131;4;;;
E0001205;U000012;I0016;shop;add_to_cart;2025/10/09;371;6;E0001204;;
E0001206;U000012;I0021;shop;view;2026/02/07;528;2;;;
E0001207;U000012;I0005;shop;view;2026/02/07;583;11;;;
E0001208;U000012;I0069;home;view;2025/11/10;29;6;;;
E0001209;U000012;I0069;home;add_to_cart;2025/11/10;74;6;E0001208;;
E0001210;U000012;I0011;home;view;2025/11/10;365;11;;;
E0001211;U000012;I0109;rewards;view;2026/03/28;21;3;;;
E0001212;U000012;I0109;rewards;add_to_cart;2026/03/28;563;5;E0001211;;
E0001213;U000012;I0119;rewards;view;2025/10/22;527;3;;;
E0001214;U000012;I0119;rewards;redeem_reward;2025/10/22;270;10;E0001213;;
E0001215;U000012;I0171;shop;view;2025/10/22;482;10;;;
E0001216;U000012;I0128;shop;view;2025/10/01;120;12;;;
E0001217;U000012;I0128;shop;wishlist;2025/10/01;536;8;E0001216;;
E0001218;U000012;I0072;rewards;view;2026/03/21;138;5;;;
E0001219;U000012;I0072;rewards;wishlist;2026/03/21;275;12;E0001218;;
E0001220;U000012;I0017;shop;view;2026/01/11;204;8;;;
E0001221;U000012;I0017;shop;add_to_cart;2026/01/11;408;6;E0001220;;
E0001222;U000012;I0062;shop;view;2025/11/12;556;4;;;
E0001223;U000012;I0105;shop;view;2026/02/04;591;3;;;
E0001224;U000012;I0191;shop;view;2026/02/10;483;1;;;
E0001225;U000012;I0029;shop;view;2026/02/10;38;5;;;
E0001226;U000012;I0029;shop;add_to_cart;2026/02/10;426;3;E0001225;;
E0001227;U000012;I0105;rewards;view;2026/02/09;15;2;;;
E0001228;U000012;I0022;home;view;2025/10/02;577;11;;;
E0001229;U000012;I0022;home;add_to_cart;2025/10/02;201;12;E0001228;;
E0001230;U000012;I0022;home;purchase;2025/10/02;330;9;E0001229;97.13;1
E0001231;U000012;I0025;shop;view;2025/10/11;135;6;;;
E0001232;U000012;I0114;home;view;2026/01/21;19;9;;;
E0001233;U000012;I0114;home;add_to_cart;2026/01/21;50;2;E0001232;;
E0001234;U000012;I0075;shop;view;2026/03/20;328;9;;;
E0001235;U000012;I0075;shop;add_to_cart;2026/03/20;594;1;E0001234;;
E0001236;U000012;I0224;rewards;view;2026/03/20;322;11;;;
E0001237;U000012;I0224;rewards;redeem_reward;2026/03/20;436;6;E0001236;;
E0001238;U000012;I0194;rewards;view;2026/03/26;382;12;;;
E0001239;U000012;I0194;rewards;redeem_reward;2026/03/26;369;11;E0001238;;
E0001240;U000012;I0029;home;view;2026/03/26;411;6;;;
E0001241;U000012;I0073;shop;view;2025/11/03;193;11;;;
E0001242;U000012;I0073;shop;add_to_cart;2025/11/03;120;9;E0001241;;
E0001243;U000012;I0220;shop;view;2025/11/03;553;6;;;
E0001244;U000012;I0220;shop;add_to_cart;2025/11/03;299;5;E0001243;;
E0001245;U000012;I0220;shop;purchase;2025/11/03;516;2;E0001244;25.00;1
E0001246;U000013;I0109;shop;view;2026/02/06;163;2;;;
E0001247;U000013;I0066;home;view;2025/12/24;48;10;;;
E0001248;U000013;I0068;home;view;2025/11/30;52;2;;;
E0001249;U000013;I0135;home;view;2025/11/26;154;11;;;
E0001250;U000013;I0116;shop;view;2025/11/26;222;7;;;
E0001251;U000013;I0116;shop;add_to_cart;2025/11/26;181;1;E0001250;;
E0001252;U000013;I0132;shop;view;2026/03/08;569;9;;;
E0001253;U000013;I0103;shop;view;2025/12/11;158;4;;;
E0001254;U000013;I0103;shop;add_to_cart;2025/12/11;546;9;E0001253;;
E0001255;U000013;I0103;shop;purchase;2025/12/11;598;1;E0001254;73.03;1
E0001256;U000013;I0179;rewards;view;2025/12/11;13;1;;;
E0001257;U000013;I0179;rewards;redeem_reward;2025/12/11;443;2;E0001256;;
E0001258;U000013;I0116;shop;view;2025/12/06;479;4;;;
E0001259;U000013;I0116;shop;add_to_cart;2025/12/06;323;6;E0001258;;
E0001260;U000013;I0168;rewards;view;2025/12/06;389;9;;;
E0001261;U000013;I0023;rewards;view;2025/12/21;429;7;;;
E0001262;U000013;I0069;shop;view;2026/01/01;353;3;;;
E0001263;U000013;I0069;shop;add_to_cart;2026/01/01;492;8;E0001262;;
E0001264;U000013;I0069;shop;purchase;2026/01/01;139;12;E0001263;524.01;1
E0001265;U000013;I0013;shop;view;2026/01/01;340;5;;;
E0001266;U000013;I0013;shop;add_to_cart;2026/01/01;29;4;E0001265;;
E0001267;U000013;I0115;shop;view;2025/12/15;25;9;;;
E0001268;U000013;I0115;shop;add_to_cart;2025/12/15;240;1;E0001267;;
E0001269;U000013;I0115;shop;purchase;2025/12/15;88;5;E0001268;69.85;1
E0001270;U000013;I0138;rewards;view;2026/03/12;166;3;;;
E0001271;U000013;I0138;rewards;wishlist;2026/03/12;260;4;E0001270;;
E0001272;U000013;I0027;home;view;2025/10/11;43;2;;;
E0001273;U000013;I0027;home;add_to_cart;2025/10/11;297;3;E0001272;;
E0001274;U000013;I0017;shop;view;2025/11/10;6;9;;;
E0001275;U000013;I0100;home;view;2025/12/26;208;7;;;
E0001276;U000013;I0111;home;view;2026/03/26;44;10;;;
E0001277;U000013;I0111;home;add_to_cart;2026/03/26;482;12;E0001276;;
E0001278;U000013;I0111;home;purchase;2026/03/26;268;3;E0001277;120.74;1
E0001279;U000013;I0180;home;view;2026/03/26;375;12;;;
E0001280;U000013;I0180;home;add_to_cart;2026/03/26;468;1;E0001279;;
E0001281;U000013;I0180;home;wishlist;2026/03/26;172;10;E0001280;;
E0001282;U000013;I0130;rewards;view;2026/02/10;197;9;;;
E0001283;U000013;I0119;shop;view;2026/02/10;35;4;;;
E0001284;U000013;I0119;shop;add_to_cart;2026/02/10;324;12;E0001283;;
E0001285;U000013;I0108;shop;view;2026/03/23;105;7;;;
E0001286;U000013;I0108;shop;add_to_cart;2026/03/23;468;3;E0001285;;
E0001287;U000013;I0108;shop;purchase;2026/03/23;514;11;E0001286;199.46;1
E0001288;U000013;I0149;shop;view;2026/03/23;192;7;;;
E0001289;U000013;I0149;shop;wishlist;2026/03/23;316;11;E0001288;;
E0001290;U000013;I0025;shop;view;2026/02/19;590;10;;;
E0001291;U000013;I0020;rewards;view;2025/11/18;415;2;;;
E0001292;U000013;I0020;rewards;add_to_cart;2025/11/18;310;1;E0001291;;
E0001293;U000013;I0017;shop;view;2026/03/10;83;9;;;
E0001294;U000013;I0097;home;view;2026/03/10;563;6;;;
E0001295;U000013;I0066;shop;view;2025/11/23;364;9;;;
E0001296;U000013;I0026;home;view;2026/01/06;123;3;;;
E0001297;U000013;I0026;home;add_to_cart;2026/01/06;196;2;E0001296;;
E0001298;U000013;I0026;home;purchase;2026/01/06;311;10;E0001297;186.86;1
E0001299;U000013;I0026;home;wishlist;2026/01/06;543;6;E0001298;;
E0001300;U000013;I0234;shop;view;2026/01/06;203;7;;;
E0001301;U000013;I0234;shop;add_to_cart;2026/01/06;46;2;E0001300;;
E0001302;U000013;I0234;shop;purchase;2026/01/06;598;8;E0001301;6.48;1
E0001303;U000013;I0112;rewards;view;2026/01/04;32;7;;;
E0001304;U000013;I0112;rewards;add_to_cart;2026/01/04;119;4;E0001303;;
E0001305;U000013;I0112;rewards;wishlist;2026/01/04;557;9;E0001304;;
E0001306;U000013;I0133;shop;view;2025/12/04;544;9;;;
E0001307;U000013;I0133;shop;add_to_cart;2025/12/04;392;1;E0001306;;
E0001308;U000013;I0058;shop;view;2026/01/09;523;10;;;
E0001309;U000013;I0092;shop;view;2026/01/09;209;4;;;
E0001310;U000013;I0055;shop;view;2025/11/29;126;1;;;
E0001311;U000013;I0055;shop;add_to_cart;2025/11/29;98;2;E0001310;;
E0001312;U000013;I0093;rewards;view;2025/11/29;34;1;;;
E0001313;U000013;I0093;rewards;wishlist;2025/11/29;198;11;E0001312;;
E0001314;U000013;I0186;home;view;2025/12/23;541;11;;;
E0001315;U000013;I0186;home;add_to_cart;2025/12/23;433;3;E0001314;;
E0001316;U000013;I0186;home;purchase;2025/12/23;586;6;E0001315;383.25;1
E0001317;U000013;I0105;shop;view;2025/12/04;132;4;;;
E0001318;U000013;I0149;rewards;view;2025/12/04;375;9;;;
E0001319;U000013;I0149;rewards;add_to_cart;2025/12/04;500;10;E0001318;;
E0001320;U000013;I0112;rewards;view;2026/01/23;415;11;;;
E0001321;U000013;I0165;shop;view;2026/01/23;544;6;;;
E0001322;U000013;I0144;rewards;view;2026/02/13;347;7;;;
E0001323;U000014;I0127;shop;view;2026/03/27;97;3;;;
E0001324;U000014;I0118;shop;view;2026/03/27;268;4;;;
E0001325;U000014;I0057;home;view;2025/11/25;112;8;;;
E0001326;U000014;I0094;shop;view;2025/11/25;540;8;;;
E0001327;U000014;I0094;shop;add_to_cart;2025/11/25;348;4;E0001326;;
E0001328;U000014;I0094;shop;purchase;2025/11/25;353;12;E0001327;20.44;1
E0001329;U000014;I0023;shop;view;2025/11/28;125;7;;;
E0001330;U000014;I0101;shop;view;2025/10/04;420;9;;;
E0001331;U000014;I0069;rewards;view;2025/10/19;451;4;;;
E0001332;U000014;I0222;shop;view;2025/10/19;277;6;;;
E0001333;U000014;I0124;shop;view;2026/03/03;339;2;;;
E0001334;U000014;I0124;shop;add_to_cart;2026/03/03;205;11;E0001333;;
E0001335;U000014;I0124;shop;purchase;2026/03/03;590;4;E0001334;180.45;1
E0001336;U000014;I0018;home;view;2026/02/01;593;10;;;
E0001337;U000014;I0090;home;view;2026/02/01;488;1;;;
E0001338;U000014;I0090;home;add_to_cart;2026/02/01;160;8;E0001337;;
E0001339;U000014;I0090;home;wishlist;2026/02/01;216;12;E0001338;;
E0001340;U000014;I0107;rewards;view;2025/11/18;56;6;;;
E0001341;U000014;I0107;rewards;redeem_reward;2025/11/18;9;1;E0001340;;
E0001342;U000014;I0179;home;view;2025/11/18;446;1;;;
E0001343;U000014;I0179;home;add_to_cart;2025/11/18;66;11;E0001342;;
E0001344;U000014;I0179;home;purchase;2025/11/18;263;4;E0001343;148.01;1
E0001345;U000014;I0057;shop;view;2026/03/02;70;9;;;
E0001346;U000014;I0057;shop;add_to_cart;2026/03/02;66;11;E0001345;;
E0001347;U000014;I0057;shop;purchase;2026/03/02;529;10;E0001346;357.80;1
E0001348;U000014;I0091;home;view;2026/03/02;85;10;;;
E0001349;U000014;I0113;home;view;2025/12/14;273;6;;;
E0001350;U000014;I0165;rewards;view;2025/12/14;265;8;;;
E0001351;U000014;I0117;home;view;2026/01/19;225;4;;;
E0001352;U000014;I0160;shop;view;2026/01/19;342;8;;;
E0001353;U000014;I0027;shop;view;2026/03/31;285;11;;;
E0001354;U000014;I0012;rewards;view;2026/03/31;576;12;;;
E0001355;U000014;I0012;rewards;add_to_cart;2026/03/31;100;7;E0001354;;
E0001356;U000014;I0012;rewards;purchase;2026/03/31;463;1;E0001355;32.65;1
E0001357;U000014;I0012;rewards;redeem_reward;2026/03/31;149;3;E0001356;;
E0001358;U000014;I0024;shop;view;2025/12/03;8;8;;;
E0001359;U000014;I0024;shop;add_to_cart;2025/12/03;42;8;E0001358;;
E0001360;U000014;I0060;rewards;view;2025/10/18;151;11;;;
E0001361;U000014;I0060;rewards;add_to_cart;2025/10/18;448;2;E0001360;;
E0001362;U000014;I0090;home;view;2025/10/18;405;1;;;
E0001363;U000014;I0090;home;add_to_cart;2025/10/18;541;4;E0001362;;
E0001364;U000014;I0195;rewards;view;2025/10/15;330;7;;;
E0001365;U000014;I0195;rewards;add_to_cart;2025/10/15;312;11;E0001364;;
E0001366;U000014;I0195;rewards;purchase;2025/10/15;20;6;E0001365;258.74;1
E0001367;U000014;I0030;rewards;view;2025/10/15;297;7;;;
E0001368;U000014;I0138;shop;view;2026/03/07;160;7;;;
E0001369;U000014;I0025;home;view;2025/12/08;475;6;;;
E0001370;U000014;I0025;home;add_to_cart;2025/12/08;34;2;E0001369;;
E0001371;U000014;I0091;shop;view;2025/12/08;238;8;;;
E0001372;U000014;I0021;shop;view;2025/12/09;90;7;;;
E0001373;U000014;I0188;shop;view;2026/03/30;240;8;;;
E0001374;U000014;I0038;rewards;view;2026/03/30;470;12;;;
E0001375;U000014;I0038;rewards;add_to_cart;2026/03/30;514;6;E0001374;;
E0001376;U000014;I0038;rewards;purchase;2026/03/30;118;4;E0001375;378.00;1
E0001377;U000014;I0069;home;view;2026/03/27;294;8;;;
E0001378;U000014;I0069;home;add_to_cart;2026/03/27;305;2;E0001377;;
E0001379;U000014;I0224;home;view;2026/03/27;409;3;;;
E0001380;U000014;I0132;shop;view;2025/11/27;545;2;;;
E0001381;U000014;I0122;home;view;2025/11/27;500;3;;;
E0001382;U000014;I0122;home;add_to_cart;2025/11/27;150;7;E0001381;;
E0001383;U000014;I0122;home;purchase;2025/11/27;242;6;E0001382;211.34;1
E0001384;U000014;I0065;shop;view;2026/03/31;488;10;;;
E0001385;U000014;I0018;shop;view;2025/10/06;47;2;;;
E0001386;U000014;I0018;shop;add_to_cart;2025/10/06;307;1;E0001385;;
E0001387;U000014;I0018;shop;purchase;2025/10/06;115;12;E0001386;522.28;1
E0001388;U000014;I0104;home;view;2025/12/22;379;10;;;
E0001389;U000014;I0177;shop;view;2025/12/22;378;4;;;
E0001390;U000014;I0107;shop;view;2026/01/18;485;4;;;
E0001391;U000014;I0027;shop;view;2026/01/11;149;12;;;
E0001392;U000014;I0012;shop;view;2026/01/11;368;1;;;
E0001393;U000014;I0012;shop;add_to_cart;2026/01/11;164;1;E0001392;;
E0001394;U000014;I0012;shop;purchase;2026/01/11;319;8;E0001393;32.65;1
E0001395;U000014;I0100;shop;view;2025/10/05;586;12;;;
E0001396;U000014;I0070;shop;view;2026/02/21;495;6;;;
E0001397;U000014;I0070;shop;add_to_cart;2026/02/21;220;7;E0001396;;
E0001398;U000014;I0223;home;view;2026/02/21;114;7;;;
E0001399;U000014;I0133;home;view;2026/01/19;535;2;;;
E0001400;U000014;I0063;shop;view;2025/11/24;436;10;;;
E0001401;U000014;I0018;shop;view;2025/11/19;377;8;;;
E0001402;U000014;I0074;shop;view;2026/01/18;186;4;;;
E0001403;U000014;I0025;shop;view;2026/01/06;383;8;;;
E0001404;U000014;I0025;shop;add_to_cart;2026/01/06;112;5;E0001403;;
E0001405;U000014;I0100;rewards;view;2025/10/02;400;8;;;
E0001406;U000014;I0100;rewards;add_to_cart;2025/10/02;404;7;E0001405;;
E0001407;U000014;I0100;rewards;purchase;2025/10/02;462;12;E0001406;331.29;1
E0001408;U000014;I0151;shop;view;2025/10/02;355;3;;;
E0001409;U000014;I0136;shop;view;2025/11/22;577;9;;;
E0001410;U000014;I0186;shop;view;2026/02/20;261;2;;;
E0001411;U000014;I0036;rewards;view;2026/02/20;8;6;;;
E0001412;U000014;I0036;rewards;redeem_reward;2026/02/20;594;5;E0001411;;
E0001413;U000014;I0021;shop;view;2025/10/13;199;12;;;
E0001414;U000014;I0233;shop;view;2025/10/13;569;12;;;
E0001415;U000014;I0233;shop;add_to_cart;2025/10/13;598;7;E0001414;;
E0001416;U000014;I0233;shop;purchase;2025/10/13;566;11;E0001415;7.15;1
E0001417;U000014;I0142;rewards;view;2025/10/03;423;10;;;
E0001418;U000014;I0142;rewards;redeem_reward;2025/10/03;184;1;E0001417;;
E0001419;U000014;I0181;shop;view;2025/10/03;139;8;;;
E0001420;U000014;I0101;home;view;2025/12/19;329;9;;;
E0001421;U000014;I0158;shop;view;2025/12/19;82;11;;;
E0001422;U000014;I0158;shop;wishlist;2025/12/19;329;6;E0001421;;
E0001423;U000014;I0184;shop;view;2026/02/14;142;1;;;
E0001424;U000014;I0033;shop;view;2026/02/14;105;3;;;
E0001425;U000014;I0033;shop;add_to_cart;2026/02/14;417;7;E0001424;;
E0001426;U000014;I0033;shop;purchase;2026/02/14;62;2;E0001425;396.10;1
E0001427;U000014;I0134;shop;view;2025/10/09;513;7;;;
E0001428;U000014;I0108;shop;view;2026/01/12;416;4;;;
E0001429;U000014;I0108;shop;add_to_cart;2026/01/12;89;6;E0001428;;
E0001430;U000014;I0115;shop;view;2025/11/18;254;2;;;
E0001431;U000014;I0115;shop;add_to_cart;2025/11/18;503;11;E0001430;;
E0001432;U000014;I0115;shop;purchase;2025/11/18;197;4;E0001431;69.85;1
E0001433;U000014;I0187;shop;view;2026/03/12;341;5;;;
E0001434;U000014;I0187;shop;add_to_cart;2026/03/12;408;8;E0001433;;
E0001435;U000014;I0122;shop;view;2025/11/21;205;12;;;
E0001436;U000014;I0122;shop;add_to_cart;2025/11/21;313;9;E0001435;;
E0001437;U000014;I0122;shop;purchase;2025/11/21;504;10;E0001436;211.34;1
E0001438;U000014;I0024;shop;view;2025/11/18;274;8;;;
E0001439;U000014;I0100;shop;view;2025/12/12;84;9;;;
E0001440;U000014;I0026;shop;view;2025/10/31;109;10;;;
E0001441;U000014;I0133;home;view;2025/11/22;109;11;;;
E0001442;U000014;I0116;shop;view;2025/11/22;21;4;;;
E0001443;U000014;I0101;home;view;2026/01/23;224;10;;;
E0001444;U000014;I0117;shop;view;2026/03/01;33;2;;;
E0001445;U000014;I0162;shop;view;2026/03/01;353;8;;;
E0001446;U000014;I0068;shop;view;2025/10/04;159;7;;;
E0001447;U000014;I0068;shop;add_to_cart;2025/10/04;175;8;E0001446;;
E0001448;U000014;I0068;shop;purchase;2025/10/04;172;2;E0001447;629.77;1
E0001449;U000014;I0068;shop;wishlist;2025/10/04;531;6;E0001448;;
E0001450;U000014;I0053;shop;view;2025/10/19;499;3;;;
E0001451;U000014;I0057;shop;view;2026/02/19;140;7;;;
E0001452;U000014;I0057;shop;add_to_cart;2026/02/19;56;5;E0001451;;
E0001453;U000014;I0057;shop;purchase;2026/02/19;106;1;E0001452;357.80;1
E0001454;U000015;I0102;shop;view;2026/02/09;240;12;;;
E0001455;U000015;I0102;shop;add_to_cart;2026/02/09;91;7;E0001454;;
E0001456;U000015;I0156;home;view;2026/02/09;151;7;;;
E0001457;U000015;I0074;shop;view;2025/12/09;60;5;;;
E0001458;U000015;I0074;shop;add_to_cart;2025/12/09;377;7;E0001457;;
E0001459;U000015;I0074;shop;purchase;2025/12/09;125;6;E0001458;250.44;1
E0001460;U000015;I0070;rewards;view;2025/12/12;28;12;;;
E0001461;U000015;I0137;shop;view;2025/11/14;113;6;;;
E0001462;U000015;I0137;shop;add_to_cart;2025/11/14;395;7;E0001461;;
E0001463;U000015;I0137;shop;purchase;2025/11/14;221;12;E0001462;260.00;1
E0001464;U000015;I0178;home;view;2025/11/14;574;6;;;
E0001465;U000015;I0178;home;add_to_cart;2025/11/14;337;1;E0001464;;
E0001466;U000015;I0016;shop;view;2026/03/20;133;9;;;
E0001467;U000015;I0099;home;view;2026/03/20;98;5;;;
E0001468;U000015;I0099;home;add_to_cart;2026/03/20;290;7;E0001467;;
E0001469;U000015;I0064;shop;view;2026/03/02;494;10;;;
E0001470;U000015;I0222;shop;view;2026/03/02;49;4;;;
E0001471;U000015;I0018;shop;view;2026/03/16;413;12;;;
E0001472;U000015;I0018;shop;add_to_cart;2026/03/16;84;8;E0001471;;
E0001473;U000015;I0018;shop;purchase;2026/03/16;522;9;E0001472;522.28;1
E0001474;U000015;I0018;shop;wishlist;2026/03/16;123;11;E0001473;;
E0001475;U000015;I0097;home;view;2026/03/16;124;12;;;
E0001476;U000015;I0191;home;view;2026/01/01;299;8;;;
E0001477;U000015;I0191;home;add_to_cart;2026/01/01;553;7;E0001476;;
E0001478;U000015;I0191;home;purchase;2026/01/01;90;9;E0001477;146.04;1
E0001479;U000015;I0033;shop;view;2026/01/01;175;11;;;
E0001480;U000015;I0072;home;view;2025/11/06;451;12;;;
E0001481;U000015;I0072;home;add_to_cart;2025/11/06;114;3;E0001480;;
E0001482;U000015;I0072;home;wishlist;2025/11/06;545;11;E0001481;;
E0001483;U000015;I0221;shop;view;2025/11/06;405;10;;;
E0001484;U000015;I0025;shop;view;2026/03/08;59;10;;;
E0001485;U000015;I0233;rewards;view;2026/03/08;113;10;;;
E0001486;U000015;I0233;rewards;redeem_reward;2026/03/08;470;12;E0001485;;
E0001487;U000015;I0100;shop;view;2026/01/12;334;4;;;
E0001488;U000015;I0100;shop;add_to_cart;2026/01/12;330;3;E0001487;;
E0001489;U000015;I0100;shop;purchase;2026/01/12;83;5;E0001488;331.29;1
E0001490;U000015;I0177;shop;view;2026/01/12;523;4;;;
E0001491;U000015;I0133;shop;view;2026/02/23;406;1;;;
E0001492;U000015;I0056;shop;view;2025/10/15;315;2;;;
E0001493;U000015;I0056;shop;add_to_cart;2025/10/15;18;6;E0001492;;
E0001494;U000015;I0021;shop;view;2026/01/03;477;5;;;
E0001495;U000015;I0005;shop;view;2026/01/03;30;6;;;
E0001496;U000015;I0005;shop;add_to_cart;2026/01/03;477;2;E0001495;;
E0001497;U000015;I0070;shop;view;2025/10/25;480;7;;;
E0001498;U000015;I0018;rewards;view;2026/03/29;277;12;;;
E0001499;U000015;I0133;home;view;2026/03/22;384;5;;;
E0001500;U000015;I0070;shop;view;2025/12/24;538;3;;;
E0001501;U000015;I0016;rewards;view;2025/11/15;563;11;;;
E0001502;U000015;I0230;shop;view;2025/11/15;168;9;;;
E0001503;U000015;I0230;shop;add_to_cart;2025/11/15;372;3;E0001502;;
E0001504;U000015;I0230;shop;wishlist;2025/11/15;115;10;E0001503;;
E0001505;U000015;I0023;home;view;2026/01/05;413;6;;;
E0001506;U000015;I0233;shop;view;2026/01/05;541;9;;;
E0001507;U000015;I0233;shop;add_to_cart;2026/01/05;321;2;E0001506;;
E0001508;U000015;I0109;home;view;2026/03/02;420;12;;;
E0001509;U000015;I0073;home;view;2026/01/22;314;4;;;
E0001510;U000015;I0221;home;view;2026/01/22;17;4;;;
E0001511;U000015;I0136;shop;view;2025/11/25;267;8;;;
E0001512;U000015;I0136;shop;add_to_cart;2025/11/25;418;3;E0001511;;
E0001513;U000015;I0136;shop;purchase;2025/11/25;431;10;E0001512;22.66;1
E0001514;U000015;I0117;shop;view;2025/11/16;444;5;;;
E0001515;U000015;I0171;rewards;view;2025/11/16;53;4;;;
E0001516;U000015;I0171;rewards;add_to_cart;2025/11/16;401;8;E0001515;;
E0001517;U000015;I0066;shop;view;2025/10/10;102;9;;;
E0001518;U000015;I0066;shop;add_to_cart;2025/10/10;563;4;E0001517;;
E0001519;U000015;I0066;shop;purchase;2025/10/10;424;11;E0001518;1190.00;1
E0001520;U000015;I0006;shop;view;2025/10/10;80;10;;;
E0001521;U000015;I0189;rewards;view;2025/12/29;169;7;;;
E0001522;U000015;I0033;shop;view;2025/12/29;342;8;;;
E0001523;U000015;I0114;shop;view;2025/10/19;496;7;;;
E0001524;U000015;I0114;shop;add_to_cart;2025/10/19;428;11;E0001523;;
E0001525;U000015;I0161;shop;view;2025/10/19;453;8;;;
E0001526;U000015;I0067;home;view;2026/01/22;551;9;;;
E0001527;U000015;I0073;rewards;view;2025/10/01;111;10;;;
E0001528;U000015;I0073;rewards;wishlist;2025/10/01;282;9;E0001527;;
E0001529;U000015;I0073;rewards;redeem_reward;2025/10/01;395;12;E0001528;;
E0001530;U000015;I0014;shop;view;2025/10/01;87;1;;;
E0001531;U000015;I0136;shop;view;2025/10/28;357;2;;;
E0001532;U000015;I0136;shop;add_to_cart;2025/10/28;110;10;E0001531;;
E0001533;U000015;I0136;shop;purchase;2025/10/28;100;10;E0001532;22.66;1
E0001534;U000015;I0107;shop;view;2026/02/16;496;5;;;
E0001535;U000015;I0173;shop;view;2026/02/16;449;7;;;
E0001536;U000016;I0018;home;view;2025/10/11;338;5;;;
E0001537;U000016;I0018;home;add_to_cart;2025/10/11;47;9;E0001536;;
E0001538;U000016;I0130;shop;view;2025/12/28;458;6;;;
E0001539;U000016;I0024;shop;view;2026/01/28;444;9;;;
E0001540;U000016;I0233;shop;view;2026/01/28;526;3;;;
E0001541;U000016;I0060;home;view;2026/01/05;233;10;;;
E0001542;U000016;I0094;rewards;view;2026/01/05;51;5;;;
E0001543;U000016;I0094;rewards;add_to_cart;2026/01/05;449;4;E0001542;;
E0001544;U000016;I0094;rewards;purchase;2026/01/05;544;12;E0001543;20.44;1
E0001545;U000016;I0134;home;view;2026/01/03;398;6;;;
E0001546;U000016;I0022;rewards;view;2026/01/13;359;10;;;
E0001547;U000016;I0022;rewards;wishlist;2026/01/13;482;7;E0001546;;
E0001548;U000016;I0020;shop;view;2025/10/06;418;7;;;
E0001549;U000016;I0230;home;view;2025/10/06;493;8;;;
E0001550;U000016;I0230;home;add_to_cart;2025/10/06;457;5;E0001549;;
E0001551;U000016;I0230;home;purchase;2025/10/06;35;2;E0001550;3.41;1
E0001552;U000016;I0112;shop;view;2025/10/01;592;9;;;
E0001553;U000016;I0112;shop;add_to_cart;2025/10/01;232;12;E0001552;;
E0001554;U000016;I0170;shop;view;2025/10/01;100;5;;;
E0001555;U000016;I0115;shop;view;2025/10/27;292;5;;;
E0001556;U000016;I0171;shop;view;2025/10/27;30;11;;;
E0001557;U000016;I0062;rewards;view;2025/10/14;82;6;;;
E0001558;U000016;I0062;rewards;redeem_reward;2025/10/14;339;8;E0001557;;
E0001559;U000016;I0074;home;view;2026/03/02;15;3;;;
E0001560;U000016;I0223;shop;view;2026/03/02;522;8;;;
E0001561;U000016;I0186;home;view;2026/02/14;48;9;;;
E0001562;U000016;I0032;home;view;2026/02/14;344;3;;;
E0001563;U000016;I0032;home;wishlist;2026/02/14;561;7;E0001562;;
E0001564;U000016;I0019;shop;view;2026/03/29;124;8;;;
E0001565;U000016;I0230;shop;view;2026/03/29;231;3;;;
E0001566;U000016;I0107;shop;view;2025/11/01;74;3;;;
E0001567;U000016;I0107;shop;add_to_cart;2025/11/01;231;1;E0001566;;
E0001568;U000016;I0018;shop;view;2026/02/27;399;11;;;
E0001569;U000016;I0064;shop;view;2025/12/02;529;2;;;
E0001570;U000016;I0014;shop;view;2025/12/02;148;12;;;
E0001571;U000016;I0102;shop;view;2026/02/17;298;5;;;
E0001572;U000016;I0102;shop;add_to_cart;2026/02/17;449;4;E0001571;;
E0001573;U000016;I0102;shop;purchase;2026/02/17;218;5;E0001572;293.82;1
E0001574;U000016;I0178;shop;view;2026/02/17;525;7;;;
E0001575;U000016;I0178;shop;add_to_cart;2026/02/17;371;8;E0001574;;
E0001576;U000016;I0105;shop;view;2025/12/22;455;9;;;
E0001577;U000016;I0105;shop;add_to_cart;2025/12/22;565;9;E0001576;;
E0001578;U000016;I0105;shop;purchase;2025/12/22;256;11;E0001577;151.43;1
E0001579;U000016;I0105;shop;wishlist;2025/12/22;272;9;E0001578;;
E0001580;U000016;I0142;shop;view;2025/12/01;194;9;;;
E0001581;U000016;I0179;home;view;2025/12/01;163;9;;;
E0001582;U000016;I0138;shop;view;2026/02/10;114;5;;;
E0001583;U000016;I0180;rewards;view;2026/02/10;371;7;;;
E0001584;U000016;I0180;rewards;add_to_cart;2026/02/10;346;12;E0001583;;
E0001585;U000016;I0180;rewards;purchase;2026/02/10;575;7;E0001584;13.62;1
E0001586;U000016;I0180;rewards;redeem_reward;2026/02/10;591;10;E0001585;;
E0001587;U000016;I0117;shop;view;2026/01/08;474;8;;;
E0001588;U000016;I0168;shop;view;2026/01/08;572;3;;;
E0001589;U000016;I0168;shop;add_to_cart;2026/01/08;585;12;E0001588;;
E0001590;U000016;I0168;shop;wishlist;2026/01/08;552;1;E0001589;;
E0001591;U000016;I0117;shop;view;2026/01/23;449;6;;;
E0001592;U000016;I0163;shop;view;2026/01/23;29;12;;;
E0001593;U000016;I0132;shop;view;2026/02/09;471;10;;;
E0001594;U000016;I0122;rewards;view;2026/02/09;253;4;;;
E0001595;U000016;I0104;shop;view;2026/03/18;38;1;;;
E0001596;U000016;I0104;shop;view;2026/02/12;523;3;;;
E0001597;U000016;I0146;shop;view;2025/10/18;381;12;;;
E0001598;U000016;I0181;shop;view;2025/10/18;312;4;;;
E0001599;U000016;I0181;shop;add_to_cart;2025/10/18;250;3;E0001598;;
E0001600;U000016;I0181;shop;purchase;2025/10/18;18;9;E0001599;17.34;1
E0001601;U000016;I0074;shop;view;2025/11/10;392;2;;;
E0001602;U000016;I0074;shop;add_to_cart;2025/11/10;573;11;E0001601;;
E0001603;U000016;I0189;shop;view;2025/11/25;540;6;;;
E0001604;U000016;I0189;shop;add_to_cart;2025/11/25;508;4;E0001603;;
E0001605;U000016;I0189;shop;purchase;2025/11/25;549;4;E0001604;293.35;1
E0001606;U000016;I0020;shop;view;2026/02/03;446;10;;;
E0001607;U000016;I0020;shop;add_to_cart;2026/02/03;223;7;E0001606;;
E0001608;U000016;I0020;shop;purchase;2026/02/03;418;5;E0001607;346.14;1
E0001609;U000016;I0233;shop;view;2026/02/03;109;6;;;
E0001610;U000016;I0130;shop;view;2025/12/15;77;7;;;
E0001611;U000016;I0115;shop;view;2025/12/10;563;9;;;
E0001612;U000016;I0115;shop;add_to_cart;2025/12/10;383;4;E0001611;;
E0001613;U000016;I0115;shop;purchase;2025/12/10;32;4;E0001612;69.85;1
E0001614;U000016;I0064;shop;view;2026/03/05;179;9;;;
E0001615;U000016;I0013;shop;view;2026/03/05;332;12;;;
E0001616;U000016;I0013;shop;add_to_cart;2026/03/05;473;6;E0001615;;
E0001617;U000016;I0013;shop;purchase;2026/03/05;35;10;E0001616;109.74;1
E0001618;U000016;I0022;shop;view;2026/01/03;161;1;;;
E0001619;U000016;I0022;shop;add_to_cart;2026/01/03;162;6;E0001618;;
E0001620;U000016;I0022;shop;purchase;2026/01/03;239;4;E0001619;97.13;1
E0001621;U000016;I0018;home;view;2026/02/21;566;7;;;
E0001622;U000016;I0018;home;add_to_cart;2026/02/21;436;12;E0001621;;
E0001623;U000016;I0233;shop;view;2026/02/21;226;5;;;
E0001624;U000016;I0233;shop;add_to_cart;2026/02/21;289;1;E0001623;;
E0001625;U000016;I0233;shop;purchase;2026/02/21;148;7;E0001624;7.15;1
E0001626;U000016;I0024;home;view;2025/12/19;111;4;;;
E0001627;U000016;I0233;shop;view;2025/12/19;62;8;;;
E0001628;U000016;I0131;rewards;view;2026/01/16;577;7;;;
E0001629;U000016;I0131;rewards;redeem_reward;2026/01/16;282;8;E0001628;;
E0001630;U000016;I0101;shop;view;2026/03/15;481;10;;;
E0001631;U000016;I0017;rewards;view;2025/12/18;156;12;;;
E0001632;U000016;I0017;rewards;redeem_reward;2025/12/18;564;8;E0001631;;
E0001633;U000016;I0057;rewards;view;2026/03/10;598;10;;;
E0001634;U000016;I0057;rewards;redeem_reward;2026/03/10;408;5;E0001633;;
E0001635;U000016;I0096;shop;view;2026/03/10;497;2;;;
E0001636;U000016;I0120;shop;view;2026/01/16;441;10;;;
E0001637;U000016;I0120;shop;wishlist;2026/01/16;558;7;E0001636;;
E0001638;U000016;I0111;rewards;view;2026/02/07;144;6;;;
E0001639;U000016;I0111;rewards;add_to_cart;2026/02/07;538;9;E0001638;;
E0001640;U000016;I0151;shop;view;2026/02/07;393;10;;;
E0001641;U000016;I0151;shop;add_to_cart;2026/02/07;188;4;E0001640;;
E0001642;U000016;I0151;shop;purchase;2026/02/07;52;6;E0001641;57.18;1
E0001643;U000016;I0073;shop;view;2025/12/29;598;12;;;
E0001644;U000016;I0059;shop;view;2026/02/23;457;12;;;
E0001645;U000016;I0059;shop;wishlist;2026/02/23;20;6;E0001644;;
E0001646;U000016;I0098;home;view;2026/02/23;568;1;;;
E0001647;U000016;I0098;home;add_to_cart;2026/02/23;6;2;E0001646;;
E0001648;U000016;I0098;home;purchase;2026/02/23;51;6;E0001647;40.12;1
E0001649;U000016;I0103;shop;view;2026/02/07;484;2;;;
E0001650;U000016;I0103;shop;wishlist;2026/02/07;11;1;E0001649;;
E0001651;U000016;I0181;shop;view;2026/02/07;364;4;;;
E0001652;U000016;I0061;shop;view;2025/10/30;592;6;;;
E0001653;U000016;I0094;shop;view;2025/10/30;285;10;;;
E0001654;U000016;I0101;rewards;view;2025/12/06;465;5;;;
E0001655;U000016;I0172;shop;view;2025/12/06;538;6;;;
E0001656;U000016;I0194;shop;view;2025/12/14;192;2;;;
E0001657;U000016;I0194;shop;add_to_cart;2025/12/14;274;12;E0001656;;
E0001658;U000016;I0103;shop;view;2026/02/24;569;1;;;
E0001659;U000016;I0150;rewards;view;2026/02/24;20;9;;;
E0001660;U000016;I0150;rewards;redeem_reward;2026/02/24;488;4;E0001659;;
E0001661;U000016;I0064;shop;view;2026/01/26;428;2;;;
E0001662;U000016;I0023;rewards;view;2026/03/24;402;12;;;
E0001663;U000016;I0023;rewards;add_to_cart;2026/03/24;103;9;E0001662;;
E0001664;U000016;I0023;rewards;redeem_reward;2026/03/24;222;10;E0001663;;
E0001665;U000016;I0232;shop;view;2026/03/24;154;10;;;
E0001666;U000016;I0141;shop;view;2025/12/26;398;2;;;
E0001667;U000016;I0115;rewards;view;2026/01/17;293;5;;;
E0001668;U000016;I0115;rewards;add_to_cart;2026/01/17;309;2;E0001667;;
E0001669;U000016;I0115;rewards;purchase;2026/01/17;385;9;E0001668;69.85;1
E0001670;U000016;I0115;rewards;redeem_reward;2026/01/17;431;8;E0001669;;
E0001671;U000016;I0168;rewards;view;2026/01/17;540;11;;;
E0001672;U000016;I0168;rewards;wishlist;2026/01/17;529;10;E0001671;;
E0001673;U000016;I0127;shop;view;2025/10/25;46;9;;;
E0001674;U000016;I0127;shop;add_to_cart;2025/10/25;430;2;E0001673;;
E0001675;U000016;I0127;shop;purchase;2025/10/25;591;2;E0001674;126.57;1
E0001676;U000016;I0115;rewards;view;2025/10/25;317;11;;;
E0001677;U000016;I0056;shop;view;2025/10/31;234;6;;;
E0001678;U000016;I0017;shop;view;2026/03/20;425;5;;;
E0001679;U000017;I0127;shop;view;2026/03/24;225;6;;;
E0001680;U000017;I0127;shop;add_to_cart;2026/03/24;10;9;E0001679;;
E0001681;U000017;I0102;home;view;2026/03/09;428;7;;;
E0001682;U000017;I0102;home;add_to_cart;2026/03/09;575;2;E0001681;;
E0001683;U000017;I0025;rewards;view;2025/10/15;7;5;;;
E0001684;U000017;I0025;rewards;add_to_cart;2025/10/15;299;1;E0001683;;
E0001685;U000017;I0025;rewards;purchase;2025/10/15;428;10;E0001684;765.00;1
E0001686;U000017;I0062;shop;view;2025/12/27;262;8;;;
E0001687;U000017;I0193;shop;view;2026/02/19;509;11;;;
E0001688;U000017;I0037;shop;view;2026/02/19;511;11;;;
E0001689;U000017;I0104;shop;view;2026/02/19;181;7;;;
E0001690;U000017;I0024;rewards;view;2025/12/05;204;4;;;
E0001691;U000017;I0024;rewards;add_to_cart;2025/12/05;63;1;E0001690;;
E0001692;U000017;I0024;rewards;purchase;2025/12/05;179;8;E0001691;218.94;1
E0001693;U000017;I0016;rewards;view;2026/03/22;524;10;;;
E0001694;U000017;I0016;rewards;add_to_cart;2026/03/22;366;12;E0001693;;
E0001695;U000017;I0016;rewards;purchase;2026/03/22;589;8;E0001694;85.70;1
E0001696;U000017;I0016;rewards;redeem_reward;2026/03/22;270;6;E0001695;;
E0001697;U000017;I0090;rewards;view;2026/03/22;92;6;;;
E0001698;U000017;I0090;rewards;redeem_reward;2026/03/22;288;4;E0001697;;
E0001699;U000017;I0118;shop;view;2026/01/16;29;2;;;
E0001700;U000017;I0111;shop;view;2026/01/08;409;8;;;
E0001701;U000017;I0111;shop;add_to_cart;2026/01/08;356;1;E0001700;;
E0001702;U000017;I0111;shop;purchase;2026/01/08;48;3;E0001701;120.74;1
E0001703;U000017;I0064;shop;view;2026/01/05;554;9;;;
E0001704;U000017;I0001;shop;view;2026/01/05;431;10;;;
E0001705;U000017;I0001;shop;add_to_cart;2026/01/05;227;6;E0001704;;
E0001706;U000017;I0026;shop;view;2025/11/10;152;1;;;
E0001707;U000017;I0026;shop;add_to_cart;2025/11/10;129;4;E0001706;;
E0001708;U000017;I0118;rewards;view;2025/10/29;452;9;;;
E0001709;U000017;I0118;rewards;add_to_cart;2025/10/29;577;8;E0001708;;
E0001710;U000017;I0070;home;view;2026/03/19;295;9;;;
E0001711;U000017;I0011;shop;view;2026/03/19;75;2;;;
E0001712;U000017;I0011;shop;add_to_cart;2026/03/19;305;9;E0001711;;
E0001713;U000017;I0134;shop;view;2026/02/07;377;4;;;
E0001714;U000017;I0117;shop;view;2026/02/07;252;3;;;
E0001715;U000017;I0101;shop;view;2026/01/18;504;2;;;
E0001716;U000017;I0027;rewards;view;2025/11/28;564;8;;;
E0001717;U000017;I0105;shop;view;2026/02/24;313;7;;;
E0001718;U000017;I0105;shop;add_to_cart;2026/02/24;534;3;E0001717;;
E0001719;U000017;I0105;shop;purchase;2026/02/24;491;12;E0001718;151.43;1
E0001720;U000017;I0177;shop;view;2026/02/24;468;10;;;
E0001721;U000017;I0177;shop;wishlist;2026/02/24;105;10;E0001720;;
E0001722;U000017;I0022;shop;view;2025/12/24;371;5;;;
E0001723;U000017;I0022;shop;add_to_cart;2025/12/24;440;12;E0001722;;
E0001724;U000017;I0005;rewards;view;2025/12/24;470;12;;;
E0001725;U000017;I0073;shop;view;2026/01/27;534;2;;;
E0001726;U000017;I0073;shop;add_to_cart;2026/01/27;298;11;E0001725;;
E0001727;U000017;I0073;shop;purchase;2026/01/27;547;9;E0001726;533.72;1
E0001728;U000017;I0012;shop;view;2026/01/27;240;1;;;
E0001729;U000017;I0116;home;view;2025/12/11;29;7;;;
E0001730;U000017;I0162;home;view;2025/12/11;24;5;;;
E0001731;U000017;I0026;shop;view;2025/12/20;562;9;;;
E0001732;U000017;I0065;rewards;view;2025/12/30;109;4;;;
E0001733;U000017;I0065;rewards;add_to_cart;2025/12/30;479;11;E0001732;;
E0001734;U000017;I0065;rewards;purchase;2025/12/30;224;11;E0001733;1079.31;1
E0001735;U000017;I0223;shop;view;2025/12/30;407;11;;;
E0001736;U000017;I0139;shop;view;2026/02/27;112;10;;;
E0001737;U000017;I0178;shop;view;2026/02/27;417;11;;;
E0001738;U000017;I0178;shop;add_to_cart;2026/02/27;450;12;E0001737;;
E0001739;U000017;I0127;shop;view;2026/01/26;229;11;;;
E0001740;U000017;I0065;shop;view;2025/10/28;270;11;;;
E0001741;U000017;I0022;rewards;view;2026/03/07;146;10;;;
E0001742;U000017;I0022;rewards;add_to_cart;2026/03/07;422;8;E0001741;;
E0001743;U000017;I0022;rewards;purchase;2026/03/07;379;7;E0001742;97.13;1
E0001744;U000017;I0010;shop;view;2026/03/07;452;7;;;
E0001745;U000017;I0059;shop;view;2026/01/23;542;11;;;
E0001746;U000017;I0059;shop;add_to_cart;2026/01/23;531;9;E0001745;;
E0001747;U000017;I0095;shop;view;2026/01/23;224;4;;;
E0001748;U000017;I0024;shop;view;2026/02/23;256;4;;;
E0001749;U000017;I0020;shop;view;2025/12/27;139;9;;;
E0001750;U000017;I0117;shop;view;2026/03/10;117;6;;;
E0001751;U000017;I0161;home;view;2026/03/10;407;12;;;
E0001752;U000017;I0101;shop;view;2025/10/14;236;3;;;
E0001753;U000017;I0183;home;view;2025/10/14;325;4;;;
E0001754;U000017;I0127;shop;view;2025/12/17;579;1;;;
E0001755;U000017;I0122;rewards;view;2025/12/17;459;6;;;
E0001756;U000017;I0122;rewards;add_to_cart;2025/12/17;162;11;E0001755;;
E0001757;U000017;I0122;rewards;purchase;2025/12/17;36;1;E0001756;211.34;1
E0001758;U000017;I0144;home;view;2026/03/13;356;6;;;
E0001759;U000017;I0054;home;view;2025/10/01;78;11;;;
E0001760;U000017;I0054;home;add_to_cart;2025/10/01;453;7;E0001759;;
E0001761;U000017;I0054;home;purchase;2025/10/01;233;1;E0001760;1219.09;1
E0001762;U000017;I0108;shop;view;2026/02/25;287;3;;;
E0001763;U000017;I0108;shop;add_to_cart;2026/02/25;301;5;E0001762;;
E0001764;U000017;I0108;shop;purchase;2026/02/25;466;10;E0001763;199.46;1
E0001765;U000017;I0194;rewards;view;2026/01/24;430;3;;;
E0001766;U000017;I0194;rewards;add_to_cart;2026/01/24;48;9;E0001765;;
E0001767;U000017;I0194;rewards;purchase;2026/01/24;195;5;E0001766;243.64;1
E0001768;U000017;I0194;rewards;wishlist;2026/01/24;61;3;E0001767;;
E0001769;U000017;I0194;rewards;redeem_reward;2026/01/24;92;4;E0001768;;
E0001770;U000017;I0029;shop;view;2026/01/24;302;5;;;
E0001771;U000017;I0073;shop;view;2025/12/22;5;4;;;
E0001772;U000017;I0073;shop;add_to_cart;2025/12/22;398;9;E0001771;;
E0001773;U000017;I0073;shop;purchase;2025/12/22;272;4;E0001772;533.72;1
E0001774;U000017;I0014;home;view;2025/12/22;131;10;;;
E0001775;U000017;I0014;home;add_to_cart;2025/12/22;130;8;E0001774;;
E0001776;U000017;I0068;rewards;view;2026/01/19;401;6;;;
E0001777;U000017;I0004;rewards;view;2026/01/19;322;4;;;
E0001778;U000017;I0004;rewards;redeem_reward;2026/01/19;463;11;E0001777;;
E0001779;U000017;I0019;home;view;2025/10/26;60;1;;;
E0001780;U000017;I0097;shop;view;2025/10/26;441;10;;;
E0001781;U000017;I0097;shop;add_to_cart;2025/10/26;180;2;E0001780;;
E0001782;U000017;I0075;rewards;view;2025/12/21;526;1;;;
E0001783;U000017;I0025;home;view;2025/10/23;132;10;;;
E0001784;U000017;I0025;home;add_to_cart;2025/10/23;582;5;E0001783;;
E0001785;U000017;I0095;home;view;2025/10/23;419;10;;;
E0001786;U000018;I0139;shop;view;2026/03/23;444;6;;;
E0001787;U000018;I0139;shop;add_to_cart;2026/03/23;58;12;E0001786;;
E0001788;U000018;I0139;shop;purchase;2026/03/23;157;8;E0001787;49.41;1
E0001789;U000018;I0117;home;view;2025/11/27;376;1;;;
E0001790;U000018;I0117;home;add_to_cart;2025/11/27;155;3;E0001789;;
E0001791;U000018;I0117;home;purchase;2025/11/27;354;11;E0001790;26.78;1
E0001792;U000018;I0164;shop;view;2025/11/27;256;4;;;
E0001793;U000018;I0164;shop;add_to_cart;2025/11/27;240;12;E0001792;;
E0001794;U000018;I0164;shop;purchase;2025/11/27;429;4;E0001793;23.20;1
E0001795;U000018;I0027;rewards;view;2026/01/18;385;4;;;
E0001796;U000018;I0027;rewards;add_to_cart;2026/01/18;268;9;E0001795;;
E0001797;U000018;I0068;shop;view;2025/11/29;13;2;;;
E0001798;U000018;I0001;shop;view;2025/11/29;595;8;;;
E0001799;U000018;I0057;shop;view;2025/11/17;81;2;;;
E0001800;U000018;I0108;rewards;view;2025/11/03;574;8;;;
E0001801;U000018;I0066;shop;view;2025/12/18;127;6;;;
E0001802;U000018;I0122;shop;view;2026/01/27;247;8;;;
E0001803;U000018;I0170;home;view;2026/01/27;506;4;;;
E0001804;U000018;I0170;home;add_to_cart;2026/01/27;409;7;E0001803;;
E0001805;U000018;I0170;home;purchase;2026/01/27;230;3;E0001804;28.28;1
E0001806;U000018;I0026;shop;view;2025/12/03;5;6;;;
E0001807;U000018;I0059;shop;view;2025/11/08;343;4;;;
E0001808;U000018;I0094;shop;view;2025/11/08;542;3;;;
E0001809;U000018;I0094;shop;add_to_cart;2025/11/08;362;8;E0001808;;
E0001810;U000018;I0094;shop;purchase;2025/11/08;518;5;E0001809;20.44;1
E0001811;U000018;I0024;shop;view;2025/12/25;392;10;;;
E0001812;U000018;I0024;shop;add_to_cart;2025/12/25;137;10;E0001811;;
E0001813;U000018;I0024;shop;purchase;2025/12/25;513;2;E0001812;218.94;1
E0001814;U000018;I0002;shop;view;2025/12/25;426;3;;;
E0001815;U000018;I0127;shop;view;2025/12/11;465;4;;;
E0001816;U000018;I0127;shop;add_to_cart;2025/12/11;72;6;E0001815;;
E0001817;U000018;I0017;home;view;2025/12/28;497;6;;;
E0001818;U000018;I0026;shop;view;2026/02/01;291;9;;;
E0001819;U000018;I0026;shop;add_to_cart;2026/02/01;406;3;E0001818;;
E0001820;U000018;I0026;shop;purchase;2026/02/01;198;2;E0001819;186.86;1
E0001821;U000018;I0026;shop;wishlist;2026/02/01;512;12;E0001820;;
E0001822;U000018;I0231;shop;view;2026/02/01;599;9;;;
E0001823;U000018;I0231;shop;add_to_cart;2026/02/01;344;3;E0001822;;
E0001824;U000018;I0024;shop;view;2026/03/18;133;10;;;
E0001825;U000018;I0090;home;view;2026/03/18;23;5;;;
E0001826;U000018;I0090;home;wishlist;2026/03/18;40;12;E0001825;;
E0001827;U000018;I0184;home;view;2025/10/29;400;1;;;
E0001828;U000018;I0031;shop;view;2025/10/29;276;3;;;
E0001829;U000018;I0031;shop;add_to_cart;2025/10/29;89;4;E0001828;;
E0001830;U000018;I0191;shop;view;2025/11/23;370;4;;;
E0001831;U000018;I0037;shop;view;2025/11/23;28;9;;;
E0001832;U000018;I0136;shop;view;2025/10/30;286;7;;;
E0001833;U000018;I0172;shop;view;2025/10/30;585;12;;;
E0001834;U000018;I0073;shop;view;2025/10/04;458;4;;;
E0001835;U000018;I0109;shop;view;2026/02/01;398;11;;;
E0001836;U000018;I0180;shop;view;2026/02/01;339;2;;;
E0001837;U000018;I0180;shop;add_to_cart;2026/02/01;65;11;E0001836;;
E0001838;U000018;I0069;shop;view;2025/11/19;315;1;;;
E0001839;U000018;I0069;shop;wishlist;2025/11/19;250;12;E0001838;;
E0001840;U000018;I0019;shop;view;2026/01/31;600;5;;;
E0001841;U000018;I0110;shop;view;2026/01/19;570;11;;;
E0001842;U000018;I0148;shop;view;2026/01/19;66;9;;;
E0001843;U000018;I0115;home;view;2026/01/22;362;3;;;
E0001844;U000018;I0161;shop;view;2026/01/22;54;3;;;
E0001845;U000018;I0161;shop;add_to_cart;2026/01/22;142;12;E0001844;;
E0001846;U000018;I0161;shop;purchase;2026/01/22;577;5;E0001845;44.99;1
E0001847;U000018;I0026;shop;view;2025/12/04;148;9;;;
E0001848;U000018;I0234;rewards;view;2025/12/04;45;6;;;
E0001849;U000018;I0234;rewards;redeem_reward;2025/12/04;578;5;E0001848;;
E0001850;U000018;I0075;shop;view;2025/10/09;407;12;;;
E0001851;U000018;I0075;shop;add_to_cart;2025/10/09;446;4;E0001850;;
E0001852;U000018;I0075;shop;wishlist;2025/10/09;508;2;E0001851;;
E0001853;U000018;I0195;rewards;view;2025/10/09;45;1;;;
E0001854;U000018;I0195;rewards;add_to_cart;2025/10/09;223;7;E0001853;;
E0001855;U000018;I0035;home;view;2025/10/09;137;10;;;
E0001856;U000018;I0023;home;view;2026/02/17;168;4;;;
E0001857;U000018;I0129;home;view;2026/02/01;267;1;;;
E0001858;U000018;I0129;home;add_to_cart;2026/02/01;145;5;E0001857;;
E0001859;U000018;I0138;shop;view;2026/03/04;99;4;;;
E0001860;U000018;I0073;rewards;view;2025/10/02;455;8;;;
E0001861;U000018;I0073;rewards;redeem_reward;2025/10/02;313;11;E0001860;;
E0001862;U000018;I0025;shop;view;2025/11/26;149;11;;;
E0001863;U000018;I0017;shop;view;2025/10/31;549;3;;;
E0001864;U000018;I0132;home;view;2025/11/30;581;7;;;
E0001865;U000018;I0110;shop;view;2025/12/08;207;8;;;
E0001866;U000018;I0110;shop;add_to_cart;2025/12/08;71;5;E0001865;;
E0001867;U000018;I0107;home;view;2025/11/22;80;1;;;
E0001868;U000018;I0021;shop;view;2025/10/10;97;6;;;
E0001869;U000018;I0021;shop;add_to_cart;2025/10/10;44;3;E0001868;;
E0001870;U000018;I0021;shop;purchase;2025/10/10;322;2;E0001869;113.49;1
E0001871;U000018;I0112;shop;view;2025/12/02;277;1;;;
E0001872;U000018;I0112;shop;add_to_cart;2025/12/02;505;6;E0001871;;
E0001873;U000018;I0065;shop;view;2026/01/24;565;9;;;
E0001874;U000018;I0065;shop;add_to_cart;2026/01/24;551;10;E0001873;;
E0001875;U000018;I0011;home;view;2026/01/24;265;5;;;
E0001876;U000018;I0069;rewards;view;2026/02/09;519;6;;;
E0001877;U000018;I0069;rewards;redeem_reward;2026/02/09;473;3;E0001876;;
E0001878;U000018;I0223;shop;view;2026/02/09;405;9;;;
E0001879;U000018;I0108;shop;view;2026/01/06;435;9;;;
E0001880;U000018;I0108;shop;add_to_cart;2026/01/06;420;3;E0001879;;
E0001881;U000018;I0183;home;view;2026/01/06;544;7;;;
E0001882;U000018;I0104;shop;view;2025/12/17;236;11;;;
E0001883;U000018;I0104;shop;add_to_cart;2025/12/17;315;2;E0001882;;
E0001884;U000018;I0149;shop;view;2025/12/17;183;4;;;
E0001885;U000018;I0073;shop;view;2025/10/04;23;5;;;
E0001886;U000018;I0111;shop;view;2025/11/11;283;6;;;
E0001887;U000018;I0175;rewards;view;2025/11/11;593;3;;;
E0001888;U000018;I0175;rewards;add_to_cart;2025/11/11;507;3;E0001887;;
E0001889;U000018;I0175;rewards;purchase;2025/11/11;63;6;E0001888;64.38;1
E0001890;U000018;I0175;rewards;redeem_reward;2025/11/11;306;4;E0001889;;
E0001891;U000018;I0104;shop;view;2025/11/22;590;5;;;
E0001892;U000018;I0104;shop;add_to_cart;2025/11/22;236;8;E0001891;;
E0001893;U000018;I0022;shop;view;2025/11/16;565;2;;;
E0001894;U000018;I0230;rewards;view;2025/11/16;550;8;;;
E0001895;U000018;I0144;shop;view;2025/12/06;8;5;;;
E0001896;U000018;I0144;shop;wishlist;2025/12/06;13;4;E0001895;;
E0001897;U000018;I0179;shop;view;2025/12/06;404;7;;;
E0001898;U000018;I0179;shop;add_to_cart;2025/12/06;100;3;E0001897;;
E0001899;U000018;I0179;shop;purchase;2025/12/06;7;11;E0001898;148.01;1
E0001900;U000018;I0140;shop;view;2026/02/13;540;2;;;
E0001901;U000018;I0183;shop;view;2026/02/13;42;6;;;
E0001902;U000018;I0101;shop;view;2026/01/30;212;3;;;
E0001903;U000018;I0101;shop;add_to_cart;2026/01/30;175;4;E0001902;;
E0001904;U000018;I0022;rewards;view;2025/12/05;355;6;;;
E0001905;U000018;I0022;rewards;redeem_reward;2025/12/05;525;2;E0001904;;
E0001906;U000018;I0230;shop;view;2025/12/05;496;8;;;
E0001907;U000019;I0021;shop;view;2025/10/16;556;5;;;
E0001908;U000019;I0021;shop;add_to_cart;2025/10/16;484;3;E0001907;;
E0001909;U000019;I0062;home;view;2026/02/19;334;7;;;
E0001910;U000019;I0062;home;wishlist;2026/02/19;357;5;E0001909;;
E0001911;U000019;I0095;shop;view;2026/02/19;156;3;;;
E0001912;U000019;I0095;shop;add_to_cart;2026/02/19;21;9;E0001911;;
E0001913;U000019;I0095;shop;purchase;2026/02/19;57;10;E0001912;21.38;1
E0001914;U000019;I0136;shop;view;2025/10/25;333;11;;;
E0001915;U000019;I0180;home;view;2025/10/25;401;1;;;
E0001916;U000019;I0024;shop;view;2025/11/07;374;4;;;
E0001917;U000019;I0024;shop;add_to_cart;2025/11/07;260;9;E0001916;;
E0001918;U000019;I0111;rewards;view;2025/11/23;151;11;;;
E0001919;U000019;I0111;rewards;redeem_reward;2025/11/23;218;4;E0001918;;
E0001920;U000019;I0107;shop;view;2026/01/15;433;4;;;
E0001921;U000019;I0107;shop;add_to_cart;2026/01/15;178;6;E0001920;;
E0001922;U000019;I0148;shop;view;2026/01/15;268;1;;;
E0001923;U000019;I0148;shop;add_to_cart;2026/01/15;321;8;E0001922;;
E0001924;U000019;I0148;shop;purchase;2026/01/15;209;10;E0001923;89.69;1
E0001925;U000019;I0148;shop;wishlist;2026/01/15;318;7;E0001924;;
E0001926;U000019;I0072;home;view;2026/01/18;539;4;;;
E0001927;U000019;I0072;home;add_to_cart;2026/01/18;428;6;E0001926;;
E0001928;U000019;I0138;shop;view;2025/10/27;514;11;;;
E0001929;U000019;I0138;shop;add_to_cart;2025/10/27;283;8;E0001928;;
E0001930;U000019;I0138;shop;purchase;2025/10/27;333;4;E0001929;31.87;1
E0001931;U000019;I0105;shop;view;2025/10/11;208;3;;;
E0001932;U000019;I0181;shop;view;2025/10/11;456;4;;;
E0001933;U000019;I0019;home;view;2025/11/27;481;5;;;
E0001934;U000019;I0233;home;view;2025/11/27;292;4;;;
E0001935;U000019;I0115;rewards;view;2025/10/13;248;11;;;
E0001936;U000019;I0166;shop;view;2025/10/13;256;12;;;
E0001937;U000019;I0126;shop;view;2026/02/01;242;12;;;
E0001938;U000019;I0120;rewards;view;2026/02/01;205;12;;;
E0001939;U000019;I0073;shop;view;2025/11/25;458;12;;;
E0001940;U000019;I0119;rewards;view;2026/01/06;262;6;;;
E0001941;U000019;I0123;shop;view;2026/03/23;214;5;;;
E0001942;U000019;I0113;shop;view;2026/02/16;357;4;;;
E0001943;U000019;I0161;shop;view;2026/02/16;445;8;;;
E0001944;U000019;I0111;shop;view;2025/12/28;239;5;;;
E0001945;U000019;I0176;home;view;2025/12/28;162;5;;;
E0001946;U000019;I0100;shop;view;2025/10/26;505;10;;;
E0001947;U000019;I0181;shop;view;2025/10/26;291;1;;;
E0001948;U000019;I0062;shop;view;2026/02/06;392;6;;;
E0001949;U000019;I0100;shop;view;2025/10/27;232;1;;;
E0001950;U000019;I0112;shop;view;2025/10/09;290;5;;;
E0001951;U000019;I0191;shop;view;2026/01/11;549;11;;;
E0001952;U000019;I0020;shop;view;2026/03/09;125;9;;;
E0001953;U000019;I0128;home;view;2025/11/25;106;10;;;
E0001954;U000019;I0128;home;add_to_cart;2025/11/25;366;4;E0001953;;
E0001955;U000019;I0017;shop;view;2026/02/11;462;10;;;
E0001956;U000019;I0017;shop;add_to_cart;2026/02/11;504;10;E0001955;;
E0001957;U000019;I0011;shop;view;2026/02/11;470;1;;;
E0001958;U000019;I0011;shop;add_to_cart;2026/02/11;574;2;E0001957;;
E0001959;U000019;I0011;shop;wishlist;2026/02/11;457;4;E0001958;;
E0001960;U000019;I0019;home;view;2025/11/14;566;1;;;
E0001961;U000019;I0232;shop;view;2025/11/14;155;8;;;
E0001962;U000019;I0232;shop;add_to_cart;2025/11/14;75;9;E0001961;;
E0001963;U000019;I0232;shop;purchase;2025/11/14;196;10;E0001962;3.51;1
E0001964;U000019;I0232;shop;wishlist;2025/11/14;492;3;E0001963;;
E0001965;U000019;I0117;home;view;2026/01/20;307;10;;;
E0001966;U000019;I0117;home;add_to_cart;2026/01/20;8;5;E0001965;;
E0001967;U000019;I0117;home;purchase;2026/01/20;368;2;E0001966;26.78;1
E0001968;U000019;I0167;rewards;view;2026/01/20;572;4;;;
E0001969;U000019;I0167;rewards;add_to_cart;2026/01/20;344;2;E0001968;;
E0001970;U000019;I0167;rewards;purchase;2026/01/20;104;6;E0001969;10.65;1
E0001971;U000019;I0117;rewards;view;2025/11/21;214;6;;;
E0001972;U000019;I0117;rewards;add_to_cart;2025/11/21;523;1;E0001971;;
E0001973;U000019;I0117;rewards;purchase;2025/11/21;31;10;E0001972;26.78;1
E0001974;U000019;I0166;shop;view;2025/11/21;486;6;;;
E0001975;U000019;I0166;shop;add_to_cart;2025/11/21;576;4;E0001974;;
E0001976;U000019;I0120;rewards;view;2025/12/25;108;2;;;
E0001977;U000019;I0162;home;view;2025/12/25;430;8;;;
E0001978;U000019;I0162;home;add_to_cart;2025/12/25;204;7;E0001977;;
E0001979;U000019;I0162;home;purchase;2025/12/25;154;10;E0001978;10.75;1
E0001980;U000019;I0104;shop;view;2026/01/14;301;11;;;
E0001981;U000019;I0104;shop;add_to_cart;2026/01/14;91;8;E0001980;;
E0001982;U000019;I0104;shop;purchase;2026/01/14;6;7;E0001981;57.49;1
E0001983;U000019;I0120;rewards;view;2025/11/18;422;5;;;
E0001984;U000019;I0120;rewards;redeem_reward;2025/11/18;432;1;E0001983;;
E0001985;U000019;I0142;shop;view;2026/02/25;144;8;;;
E0001986;U000019;I0071;shop;view;2026/02/22;169;8;;;
E0001987;U000019;I0223;shop;view;2026/02/22;98;6;;;
E0001988;U000019;I0223;shop;add_to_cart;2026/02/22;111;3;E0001987;;
E0001989;U000019;I0223;shop;purchase;2026/02/22;135;4;E0001988;5.25;1
E0001990;U000019;I0101;home;view;2026/02/14;415;12;;;
E0001991;U000019;I0151;shop;view;2026/02/14;265;8;;;
E0001992;U000019;I0024;rewards;view;2025/11/24;42;2;;;
E0001993;U000019;I0024;rewards;add_to_cart;2025/11/24;229;8;E0001992;;
E0001994;U000019;I0024;rewards;purchase;2025/11/24;442;10;E0001993;218.94;1
E0001995;U000019;I0024;rewards;redeem_reward;2025/11/24;128;9;E0001994;;
E0001996;U000019;I0092;shop;view;2025/11/24;403;10;;;
E0001997;U000019;I0063;home;view;2026/03/22;479;1;;;
E0001998;U000019;I0091;shop;view;2026/03/22;589;4;;;
E0001999;U000019;I0191;shop;view;2026/01/01;363;11;;;
E0002000;U000019;I0074;shop;view;2025/11/10;401;9;;;
E0002001;U000019;I0062;home;view;2025/10/30;26;2;;;
E0002002;U000019;I0094;shop;view;2025/10/30;270;10;;;
E0002003;U000019;I0144;shop;view;2026/03/08;96;4;;;
E0002004;U000019;I0175;shop;view;2026/03/08;346;3;;;
E0002005;U000019;I0026;shop;view;2025/11/22;347;6;;;
E0002006;U000019;I0026;shop;add_to_cart;2025/11/22;393;7;E0002005;;
E0002007;U000019;I0074;shop;view;2025/12/01;409;6;;;
E0002008;U000019;I0074;shop;add_to_cart;2025/12/01;295;1;E0002007;;
E0002009;U000019;I0074;shop;wishlist;2025/12/01;476;10;E0002008;;
E0002010;U000019;I0111;shop;view;2026/02/26;193;10;;;
E0002011;U000019;I0111;shop;add_to_cart;2026/02/26;181;6;E0002010;;
E0002012;U000019;I0075;shop;view;2026/01/13;82;1;;;
E0002013;U000019;I0068;shop;view;2025/11/13;526;5;;;
E0002014;U000019;I0068;shop;add_to_cart;2025/11/13;180;3;E0002013;;
E0002015;U000019;I0070;rewards;view;2025/10/19;203;3;;;
E0002016;U000019;I0070;rewards;add_to_cart;2025/10/19;333;12;E0002015;;
E0002017;U000019;I0224;shop;view;2025/10/19;359;1;;;
E0002018;U000019;I0065;shop;view;2026/03/27;364;10;;;
E0002019;U000019;I0002;home;view;2026/03/27;342;9;;;
E0002020;U000019;I0138;shop;view;2025/11/28;540;11;;;
E0002021;U000019;I0179;shop;view;2025/11/28;64;11;;;
E0002022;U000019;I0179;shop;add_to_cart;2025/11/28;218;10;E0002021;;
E0002023;U000019;I0116;home;view;2025/12/05;335;7;;;
E0002024;U000019;I0161;rewards;view;2025/12/05;161;2;;;
E0002025;U000019;I0102;shop;view;2026/02/07;272;5;;;
E0002026;U000019;I0069;shop;view;2026/01/12;563;4;;;
E0002027;U000019;I0056;home;view;2026/03/16;557;4;;;
E0002028;U000019;I0074;rewards;view;2025/12/25;108;1;;;
E0002029;U000019;I0222;home;view;2025/12/25;545;5;;;
E0002030;U000019;I0222;home;add_to_cart;2025/12/25;328;2;E0002029;;
E0002031;U000019;I0222;home;purchase;2025/12/25;460;2;E0002030;7.50;1
E0002032;U000020;I0112;rewards;view;2025/12/06;553;4;;;
E0002033;U000020;I0112;rewards;add_to_cart;2025/12/06;98;4;E0002032;;
E0002034;U000020;I0112;rewards;wishlist;2025/12/06;447;1;E0002033;;
E0002035;U000020;I0166;rewards;view;2025/12/06;383;8;;;
E0002036;U000020;I0121;home;view;2025/12/11;260;4;;;
E0002037;U000020;I0167;rewards;view;2025/12/11;27;3;;;
E0002038;U000020;I0167;rewards;add_to_cart;2025/12/11;540;9;E0002037;;
E0002039;U000020;I0167;rewards;purchase;2025/12/11;141;2;E0002038;10.65;1
E0002040;U000020;I0167;rewards;redeem_reward;2025/12/11;37;4;E0002039;;
E0002041;U000020;I0026;shop;view;2025/11/21;31;1;;;
E0002042;U000020;I0026;shop;add_to_cart;2025/11/21;19;3;E0002041;;
E0002043;U000020;I0026;shop;purchase;2025/11/21;413;2;E0002042;186.86;1
E0002044;U000020;I0232;shop;view;2025/11/21;171;1;;;
E0002045;U000020;I0120;home;view;2026/02/17;433;3;;;
E0002046;U000020;I0120;home;add_to_cart;2026/02/17;287;8;E0002045;;
E0002047;U000020;I0120;home;purchase;2026/02/17;239;9;E0002046;14.11;1
E0002048;U000020;I0189;home;view;2026/03/09;544;2;;;
E0002049;U000020;I0039;home;view;2026/03/09;80;12;;;
E0002050;U000020;I0039;home;add_to_cart;2026/03/09;119;9;E0002049;;
E0002051;U000020;I0039;home;purchase;2026/03/09;219;3;E0002050;152.60;1
E0002052;U000020;I0120;shop;view;2026/01/06;233;9;;;
E0002053;U000020;I0106;rewards;view;2025/10/04;440;9;;;
E0002054;U000020;I0059;home;view;2025/10/05;16;11;;;
E0002055;U000020;I0059;home;add_to_cart;2025/10/05;455;5;E0002054;;
E0002056;U000020;I0089;shop;view;2025/10/05;519;2;;;
E0002057;U000020;I0089;shop;add_to_cart;2025/10/05;232;10;E0002056;;
E0002058;U000020;I0072;shop;view;2025/10/14;72;10;;;
E0002059;U000020;I0223;rewards;view;2025/10/14;439;2;;;
E0002060;U000020;I0059;home;view;2026/02/11;573;12;;;
E0002061;U000020;I0099;rewards;view;2026/02/11;138;11;;;
E0002062;U000020;I0022;shop;view;2026/01/23;204;2;;;
E0002063;U000020;I0022;shop;add_to_cart;2026/01/23;381;9;E0002062;;
E0002064;U000020;I0132;shop;view;2026/03/13;538;2;;;
E0002065;U000020;I0194;shop;view;2025/11/21;534;3;;;
E0002066;U000020;I0071;shop;view;2025/12/05;128;2;;;
E0002067;U000020;I0013;rewards;view;2025/12/05;503;9;;;
E0002068;U000020;I0013;rewards;add_to_cart;2025/12/05;163;5;E0002067;;
E0002069;U000020;I0069;shop;view;2026/01/02;178;12;;;
E0002070;U000020;I0124;shop;view;2025/11/20;569;3;;;
E0002071;U000020;I0124;shop;add_to_cart;2025/11/20;279;8;E0002070;;
E0002072;U000020;I0124;shop;purchase;2025/11/20;450;8;E0002071;180.45;1
E0002073;U000020;I0112;rewards;view;2025/11/20;248;6;;;
E0002074;U000020;I0027;rewards;view;2026/03/06;110;1;;;
E0002075;U000020;I0027;rewards;add_to_cart;2026/03/06;311;1;E0002074;;
E0002076;U000020;I0027;rewards;purchase;2026/03/06;329;12;E0002075;182.38;1
E0002077;U000020;I0024;shop;view;2025/12/01;494;12;;;
E0002078;U000020;I0024;shop;add_to_cart;2025/12/01;62;3;E0002077;;
E0002079;U000020;I0091;shop;view;2025/12/01;214;10;;;
E0002080;U000020;I0021;shop;view;2025/12/20;486;2;;;
E0002081;U000020;I0230;shop;view;2025/12/20;464;11;;;
E0002082;U000020;I0143;shop;view;2026/02/02;261;11;;;
E0002083;U000020;I0020;home;view;2025/10/24;201;4;;;
E0002084;U000020;I0020;home;add_to_cart;2025/10/24;333;3;E0002083;;
E0002085;U000020;I0020;home;purchase;2025/10/24;166;1;E0002084;346.14;1
E0002086;U000020;I0095;home;view;2025/10/24;102;4;;;
E0002087;U000020;I0095;home;add_to_cart;2025/10/24;297;11;E0002086;;
E0002088;U000020;I0095;home;wishlist;2025/10/24;153;6;E0002087;;
E0002089;U000020;I0069;home;view;2025/10/10;87;4;;;
E0002090;U000020;I0069;shop;view;2025/12/16;345;9;;;
E0002091;U000020;I0015;home;view;2025/12/16;460;5;;;
E0002092;U000020;I0117;shop;view;2025/12/18;94;12;;;
E0002093;U000020;I0168;shop;view;2025/12/18;498;2;;;
E0002094;U000020;I0168;shop;add_to_cart;2025/12/18;342;7;E0002093;;
E0002095;U000020;I0168;shop;wishlist;2025/12/18;556;9;E0002094;;
E0002096;U000020;I0119;shop;view;2026/03/09;589;1;;;
E0002097;U000020;I0160;shop;view;2026/03/09;334;4;;;
E0002098;U000020;I0018;home;view;2026/02/26;203;12;;;
E0002099;U000020;I0069;shop;view;2025/12/21;275;8;;;
E0002100;U000020;I0069;shop;add_to_cart;2025/12/21;516;1;E0002099;;
E0002101;U000020;I0069;shop;purchase;2025/12/21;442;8;E0002100;524.01;1
E0002102;U000020;I0010;shop;view;2025/12/21;52;11;;;
E0002103;U000020;I0010;shop;add_to_cart;2025/12/21;522;4;E0002102;;
E0002104;U000020;I0010;shop;purchase;2025/12/21;163;4;E0002103;29.77;1
E0002105;U000020;I0110;shop;view;2026/01/27;567;12;;;
E0002106;U000020;I0153;shop;view;2026/01/27;531;3;;;
E0002107;U000020;I0022;shop;view;2026/03/26;20;5;;;
E0002108;U000020;I0022;shop;add_to_cart;2026/03/26;426;2;E0002107;;
E0002109;U000020;I0022;shop;purchase;2026/03/26;447;4;E0002108;97.13;1
E0002110;U000020;I0190;shop;view;2026/02/13;176;7;;;
E0002111;U000020;I0190;shop;wishlist;2026/02/13;478;9;E0002110;;
E0002112;U000020;I0028;shop;view;2026/02/13;139;8;;;
E0002113;U000020;I0146;home;view;2025/12/03;157;1;;;
E0002114;U000020;I0066;shop;view;2025/11/12;512;1;;;
E0002115;U000020;I0222;rewards;view;2025/11/12;514;10;;;
E0002116;U000020;I0106;shop;view;2026/01/27;506;9;;;
E0002117;U000020;I0177;shop;view;2026/01/27;176;2;;;
E0002118;U000020;I0101;home;view;2025/10/26;365;12;;;
E0002119;U000020;I0154;shop;view;2025/10/26;500;4;;;
E0002120;U000020;I0154;shop;add_to_cart;2025/10/26;186;8;E0002119;;
E0002121;U000020;I0108;rewards;view;2026/03/05;567;9;;;
E0002122;U000020;I0108;rewards;add_to_cart;2026/03/05;177;3;E0002121;;
E0002123;U000020;I0108;rewards;redeem_reward;2026/03/05;339;2;E0002122;;
E0002124;U000020;I0109;rewards;view;2026/01/09;490;3;;;
E0002125;U000020;I0109;rewards;redeem_reward;2026/01/09;313;8;E0002124;;
E0002126;U000020;I0147;shop;view;2025/11/23;527;5;;;
E0002127;U000020;I0147;shop;wishlist;2025/11/23;314;11;E0002126;;
E0002128;U000020;I0180;shop;view;2025/11/23;44;9;;;
E0002129;U000020;I0140;shop;view;2026/02/17;22;10;;;
E0002130;U000020;I0175;shop;view;2026/02/17;24;11;;;
E0002131;U000020;I0100;shop;view;2025/10/29;587;3;;;
E0002132;U000020;I0156;shop;view;2025/10/29;366;7;;;
E0002133;U000020;I0109;shop;view;2025/11/21;53;10;;;
E0002134;U000020;I0173;shop;view;2025/11/21;554;5;;;
E0002135;U000020;I0115;shop;view;2026/03/22;505;5;;;
E0002136;U000020;I0160;shop;view;2026/03/22;411;10;;;
E0002137;U000020;I0138;home;view;2026/03/08;446;1;;;
E0002138;U000020;I0182;rewards;view;2026/03/08;469;12;;;
E0002139;U000020;I0182;rewards;add_to_cart;2026/03/08;317;6;E0002138;;
E0002140;U000020;I0182;rewards;redeem_reward;2026/03/08;488;7;E0002139;;
E0002141;U000020;I0060;shop;view;2025/12/05;83;2;;;
E0002142;U000020;I0056;shop;view;2026/01/23;41;1;;;
E0002143;U000020;I0099;home;view;2026/01/23;94;6;;;
E0002144;U000020;I0099;home;add_to_cart;2026/01/23;171;8;E0002143;;
E0002145;U000020;I0099;home;purchase;2026/01/23;174;4;E0002144;15.49;1
E0002146;U000020;I0185;home;view;2026/02/28;47;12;;;
E0002147;U000020;I0037;shop;view;2026/02/28;334;9;;;
E0002148;U000020;I0127;rewards;view;2026/02/23;447;6;;;
E0002149;U000020;I0127;rewards;redeem_reward;2026/02/23;523;6;E0002148;;
E0002150;U000020;I0114;shop;view;2026/02/23;229;3;;;
E0002151;U000020;I0114;shop;add_to_cart;2026/02/23;200;4;E0002150;;
E0002152;U000020;I0114;shop;purchase;2026/02/23;80;4;E0002151;32.45;1
E0002153;U000020;I0192;home;view;2025/10/29;65;11;;;
E0002154;U000020;I0028;rewards;view;2025/10/29;18;8;;;
E0002155;U000020;I0028;rewards;add_to_cart;2025/10/29;158;2;E0002154;;
E0002156;U000020;I0028;rewards;purchase;2025/10/29;53;7;E0002155;295.81;1
E0002157;U000020;I0018;rewards;view;2025/12/22;61;3;;;
E0002158;U000020;I0018;rewards;add_to_cart;2025/12/22;206;12;E0002157;;
E0002159;U000020;I0018;rewards;purchase;2025/12/22;559;5;E0002158;522.28;1
E0002160;U000020;I0018;rewards;redeem_reward;2025/12/22;466;3;E0002159;;
E0002161;U000020;I0192;home;view;2025/10/06;447;10;;;
E0002162;U000020;I0137;shop;view;2026/01/11;250;1;;;
E0002163;U000020;I0142;shop;view;2026/02/26;470;8;;;
E0002164;U000020;I0142;shop;add_to_cart;2026/02/26;148;3;E0002163;;
E0002165;U000020;I0142;shop;purchase;2026/02/26;20;11;E0002164;60.58;1
E0002166;U000020;I0017;shop;view;2025/11/05;296;2;;;
E0002167;U000020;I0098;home;view;2025/11/05;239;3;;;
E0002168;U000020;I0145;rewards;view;2026/02/06;114;7;;;
E0002169;U000020;I0145;rewards;redeem_reward;2026/02/06;14;2;E0002168;;
E0002170;U000020;I0059;rewards;view;2026/01/12;418;8;;;
E0002171;U000020;I0059;rewards;redeem_reward;2026/01/12;592;9;E0002170;;
E0002172;U000020;I0064;shop;view;2026/01/04;208;8;;;
E0002173;U000020;I0064;shop;wishlist;2026/01/04;198;11;E0002172;;
E0002174;U000020;I0138;shop;view;2026/01/22;382;11;;;
E0002175;U000020;I0177;rewards;view;2026/01/22;442;1;;;
E0002176;U000020;I0177;rewards;add_to_cart;2026/01/22;465;11;E0002175;;
E0002177;U000020;I0177;rewards;purchase;2026/01/22;147;10;E0002176;150.00;1
E0002178;U000020;I0177;rewards;redeem_reward;2026/01/22;234;7;E0002177;;
E0002179;U000020;I0187;rewards;view;2025/10/15;434;1;;;
E0002180;U000020;I0037;shop;view;2025/10/15;395;10;;;
E0002181;U000020;I0037;shop;add_to_cart;2025/10/15;447;6;E0002180;;
E0002182;U000020;I0037;shop;purchase;2025/10/15;483;10;E0002181;95.42;1
E0002183;U000020;I0111;shop;view;2026/01/28;175;5;;;
E0002184;U000020;I0159;shop;view;2026/01/28;542;7;;;
E0002185;U000021;I0127;home;view;2025/11/03;464;8;;;
E0002186;U000021;I0116;shop;view;2025/11/03;212;5;;;
E0002187;U000021;I0025;shop;view;2025/11/05;26;11;;;
E0002188;U000021;I0016;shop;view;2026/01/18;553;4;;;
E0002189;U000021;I0060;shop;view;2025/11/27;520;12;;;
E0002190;U000021;I0060;shop;add_to_cart;2025/11/27;43;5;E0002189;;
E0002191;U000021;I0060;shop;purchase;2025/11/27;170;8;E0002190;1315.95;1
E0002192;U000021;I0103;shop;view;2026/03/27;99;5;;;
E0002193;U000021;I0103;shop;add_to_cart;2026/03/27;510;4;E0002192;;
E0002194;U000021;I0182;rewards;view;2026/03/27;352;7;;;
E0002195;U000021;I0182;rewards;add_to_cart;2026/03/27;319;4;E0002194;;
E0002196;U000021;I0182;rewards;redeem_reward;2026/03/27;46;11;E0002195;;
E0002197;U000021;I0056;shop;view;2026/03/18;6;10;;;
E0002198;U000021;I0067;shop;view;2026/02/10;561;10;;;
E0002199;U000021;I0067;shop;add_to_cart;2026/02/10;12;8;E0002198;;
E0002200;U000021;I0067;shop;purchase;2026/02/10;378;4;E0002199;415.18;1
E0002201;U000021;I0119;shop;view;2026/01/11;110;1;;;
E0002202;U000021;I0167;shop;view;2026/01/11;149;4;;;
E0002203;U000021;I0167;shop;add_to_cart;2026/01/11;174;10;E0002202;;
E0002204;U000021;I0167;shop;purchase;2026/01/11;366;8;E0002203;10.65;1
E0002205;U000021;I0058;shop;view;2025/11/06;167;11;;;
E0002206;U000021;I0058;shop;add_to_cart;2025/11/06;238;2;E0002205;;
E0002207;U000021;I0058;shop;purchase;2025/11/06;510;9;E0002206;1083.03;1
E0002208;U000021;I0058;shop;wishlist;2025/11/06;192;1;E0002207;;
E0002209;U000021;I0091;home;view;2025/11/06;252;5;;;
E0002210;U000021;I0091;home;add_to_cart;2025/11/06;182;8;E0002209;;
E0002211;U000021;I0091;home;purchase;2025/11/06;199;10;E0002210;30.77;1
E0002212;U000021;I0134;shop;view;2025/10/17;232;5;;;
E0002213;U000021;I0134;shop;add_to_cart;2025/10/17;54;5;E0002212;;
E0002214;U000021;I0185;shop;view;2025/11/20;573;1;;;
E0002215;U000021;I0109;shop;view;2026/03/27;13;4;;;
E0002216;U000021;I0109;shop;wishlist;2026/03/27;268;8;E0002215;;
E0002217;U000021;I0183;shop;view;2026/03/27;56;11;;;
E0002218;U000021;I0025;shop;view;2025/10/04;388;6;;;
E0002219;U000021;I0232;shop;view;2025/10/04;559;2;;;
E0002220;U000021;I0105;rewards;view;2025/10/03;346;7;;;
E0002221;U000021;I0105;rewards;redeem_reward;2025/10/03;437;11;E0002220;;
E0002222;U000021;I0157;shop;view;2025/10/03;500;6;;;
E0002223;U000021;I0109;shop;view;2026/02/14;446;12;;;
E0002224;U000021;I0109;shop;add_to_cart;2026/02/14;97;9;E0002223;;
E0002225;U000021;I0109;shop;purchase;2026/02/14;409;6;E0002224;770.00;1
E0002226;U000021;I0111;rewards;view;2025/10/20;175;4;;;
E0002227;U000021;I0111;rewards;add_to_cart;2025/10/20;231;6;E0002226;;
E0002228;U000021;I0111;rewards;purchase;2025/10/20;590;4;E0002227;120.74;1
E0002229;U000021;I0103;rewards;view;2025/11/10;334;6;;;
E0002230;U000021;I0158;shop;view;2025/11/10;142;5;;;
E0002231;U000021;I0067;shop;view;2025/12/17;488;1;;;
E0002232;U000021;I0223;shop;view;2025/12/17;469;3;;;
E0002233;U000021;I0223;shop;wishlist;2025/12/17;180;6;E0002232;;
E0002234;U000021;I0022;shop;view;2025/12/15;20;10;;;
E0002235;U000021;I0022;shop;wishlist;2025/12/15;561;6;E0002234;;
E0002236;U000021;I0017;home;view;2026/02/02;483;11;;;
E0002237;U000021;I0017;home;add_to_cart;2026/02/02;222;5;E0002236;;
E0002238;U000021;I0027;shop;view;2025/12/21;320;1;;;
E0002239;U000021;I0133;home;view;2025/11/29;550;10;;;
E0002240;U000021;I0026;shop;view;2025/11/12;312;7;;;
E0002241;U000021;I0026;shop;add_to_cart;2025/11/12;528;10;E0002240;;
E0002242;U000021;I0026;shop;purchase;2025/11/12;122;12;E0002241;186.86;1
E0002243;U000021;I0000;home;view;2025/11/12;64;1;;;
E0002244;U000021;I0144;shop;view;2025/12/24;99;11;;;
E0002245;U000021;I0024;rewards;view;2025/10/09;503;8;;;
E0002246;U000021;I0005;shop;view;2025/10/09;99;10;;;
E0002247;U000021;I0060;rewards;view;2025/12/11;496;11;;;
E0002248;U000021;I0063;shop;view;2026/01/12;545;12;;;
E0002249;U000021;I0074;shop;view;2025/11/10;474;8;;;
E0002250;U000021;I0074;shop;add_to_cart;2025/11/10;552;6;E0002249;;
E0002251;U000021;I0074;shop;purchase;2025/11/10;366;12;E0002250;250.44;1
E0002252;U000021;I0064;home;view;2025/10/24;201;9;;;
E0002253;U000021;I0009;rewards;view;2025/10/24;354;8;;;
E0002254;U000021;I0009;rewards;redeem_reward;2025/10/24;18;7;E0002253;;
E0002255;U000021;I0110;shop;view;2026/01/05;288;6;;;
E0002256;U000021;I0177;home;view;2026/01/05;332;6;;;
E0002257;U000021;I0027;home;view;2025/10/28;241;1;;;
E0002258;U000021;I0027;home;add_to_cart;2025/10/28;307;8;E0002257;;
E0002259;U000021;I0095;shop;view;2025/10/28;68;11;;;
E0002260;U000021;I0095;shop;add_to_cart;2025/10/28;112;8;E0002259;;
E0002261;U000021;I0133;shop;view;2025/11/24;495;12;;;
E0002262;U000021;I0112;home;view;2025/11/24;212;10;;;
E0002263;U000021;I0112;home;add_to_cart;2025/11/24;331;2;E0002262;;
E0002264;U000021;I0103;shop;view;2025/11/27;324;9;;;
E0002265;U000021;I0064;shop;view;2026/02/03;161;3;;;
E0002266;U000021;I0064;shop;add_to_cart;2026/02/03;233;3;E0002265;;
E0002267;U000021;I0064;shop;purchase;2026/02/03;23;11;E0002266;609.11;1
E0002268;U000021;I0221;home;view;2026/02/03;356;7;;;
E0002269;U000021;I0027;shop;view;2025/11/16;597;11;;;
E0002270;U000021;I0189;rewards;view;2025/12/08;438;12;;;
E0002271;U000021;I0069;home;view;2025/11/07;192;4;;;
E0002272;U000021;I0224;shop;view;2025/11/07;239;7;;;
E0002273;U000021;I0224;shop;wishlist;2025/11/07;92;2;E0002272;;
E0002274;U000021;I0025;shop;view;2026/03/01;229;8;;;
E0002275;U000021;I0025;shop;add_to_cart;2026/03/01;32;5;E0002274;;
E0002276;U000021;I0025;shop;purchase;2026/03/01;154;8;E0002275;765.00;1
E0002277;U000021;I0106;shop;view;2025/11/18;47;12;;;
E0002278;U000021;I0176;shop;view;2025/11/18;39;6;;;
E0002279;U000021;I0176;shop;wishlist;2025/11/18;322;8;E0002278;;
E0002280;U000021;I0017;shop;view;2025/10/02;279;5;;;
E0002281;U000021;I0008;home;view;2025/10/02;214;10;;;
E0002282;U000021;I0075;rewards;view;2026/03/21;137;5;;;
E0002283;U000021;I0222;rewards;view;2026/03/21;38;10;;;
E0002284;U000021;I0222;rewards;add_to_cart;2026/03/21;502;4;E0002283;;
E0002285;U000021;I0222;rewards;purchase;2026/03/21;175;6;E0002284;7.50;1
E0002286;U000021;I0019;shop;view;2026/01/03;583;1;;;
E0002287;U000021;I0106;home;view;2025/10/10;148;6;;;
E0002288;U000021;I0154;shop;view;2025/10/10;211;7;;;
E0002289;U000021;I0054;rewards;view;2026/01/10;119;2;;;
E0002290;U000021;I0054;rewards;add_to_cart;2026/01/10;591;3;E0002289;;
E0002291;U000021;I0094;shop;view;2026/01/10;24;2;;;
E0002292;U000021;I0094;shop;add_to_cart;2026/01/10;475;5;E0002291;;
E0002293;U000021;I0094;shop;purchase;2026/01/10;319;6;E0002292;20.44;1
E0002294;U000021;I0186;shop;view;2026/03/11;148;10;;;
E0002295;U000021;I0036;shop;view;2026/03/11;386;6;;;
E0002296;U000021;I0036;shop;wishlist;2026/03/11;554;7;E0002295;;
E0002297;U000021;I0016;shop;view;2025/10/16;165;11;;;
E0002298;U000021;I0016;shop;add_to_cart;2025/10/16;315;12;E0002297;;
E0002299;U000021;I0016;shop;purchase;2025/10/16;51;1;E0002298;85.70;1
E0002300;U000022;I0026;shop;view;2025/12/10;82;11;;;
E0002301;U000022;I0026;shop;add_to_cart;2025/12/10;363;4;E0002300;;
E0002302;U000022;I0026;shop;purchase;2025/12/10;333;8;E0002301;186.86;1
E0002303;U000022;I0027;rewards;view;2025/11/29;473;9;;;
E0002304;U000022;I0027;rewards;add_to_cart;2025/11/29;92;2;E0002303;;
E0002305;U000022;I0027;rewards;redeem_reward;2025/11/29;99;11;E0002304;;
E0002306;U000022;I0189;rewards;view;2026/01/18;194;9;;;
E0002307;U000022;I0189;rewards;add_to_cart;2026/01/18;388;5;E0002306;;
E0002308;U000022;I0034;shop;view;2026/01/18;187;5;;;
E0002309;U000022;I0017;home;view;2025/11/07;383;12;;;
E0002310;U000022;I0017;home;add_to_cart;2025/11/07;73;1;E0002309;;
E0002311;U000022;I0231;shop;view;2025/11/07;418;4;;;
E0002312;U000022;I0122;shop;view;2026/02/16;74;9;;;
E0002313;U000022;I0166;rewards;view;2026/02/16;465;12;;;
E0002314;U000022;I0137;shop;view;2025/10/21;15;3;;;
E0002315;U000022;I0137;shop;wishlist;2025/10/21;511;8;E0002314;;
E0002316;U000022;I0145;shop;view;2026/02/20;314;12;;;
E0002317;U000022;I0145;shop;add_to_cart;2026/02/20;415;9;E0002316;;
E0002318;U000022;I0145;shop;purchase;2026/02/20;116;10;E0002317;175.32;1
E0002319;U000022;I0016;home;view;2025/11/06;382;4;;;
E0002320;U000022;I0230;shop;view;2025/11/06;574;10;;;
E0002321;U000022;I0190;rewards;view;2025/10/15;104;2;;;
E0002322;U000022;I0190;rewards;redeem_reward;2025/10/15;575;5;E0002321;;
E0002323;U000022;I0031;shop;view;2025/10/15;341;7;;;
E0002324;U000022;I0104;rewards;view;2025/10/06;263;5;;;
E0002325;U000022;I0104;rewards;redeem_reward;2025/10/06;436;1;E0002324;;
E0002326;U000022;I0154;shop;view;2025/10/06;432;6;;;
E0002327;U000022;I0068;home;view;2026/01/18;560;1;;;
E0002328;U000022;I0068;home;add_to_cart;2026/01/18;256;5;E0002327;;
E0002329;U000022;I0068;home;purchase;2026/01/18;428;2;E0002328;629.77;1
E0002330;U000022;I0068;home;wishlist;2026/01/18;423;6;E0002329;;
E0002331;U000022;I0001;shop;view;2026/01/18;456;1;;;
E0002332;U000022;I0059;shop;view;2026/03/02;420;7;;;
E0002333;U000022;I0059;shop;add_to_cart;2026/03/02;600;10;E0002332;;
E0002334;U000022;I0094;shop;view;2026/03/02;296;7;;;
E0002335;U000022;I0128;shop;view;2025/11/14;593;12;;;
E0002336;U000022;I0100;shop;view;2025/12/06;267;5;;;
E0002337;U000022;I0174;shop;view;2025/12/06;230;10;;;
E0002338;U000022;I0064;shop;view;2026/01/31;163;6;;;
E0002339;U000022;I0064;shop;add_to_cart;2026/01/31;416;9;E0002338;;
E0002340;U000022;I0064;shop;wishlist;2026/01/31;540;7;E0002339;;
E0002341;U000022;I0005;shop;view;2026/01/31;86;12;;;
E0002342;U000022;I0005;shop;wishlist;2026/01/31;335;1;E0002341;;
E0002343;U000022;I0135;shop;view;2025/11/26;381;12;;;
E0002344;U000022;I0135;shop;add_to_cart;2025/11/26;114;3;E0002343;;
E0002345;U000022;I0135;shop;wishlist;2025/11/26;294;7;E0002344;;
E0002346;U000022;I0120;shop;view;2025/11/26;581;6;;;
E0002347;U000022;I0132;rewards;view;2025/12/20;28;3;;;
E0002348;U000022;I0132;rewards;wishlist;2025/12/20;563;5;E0002347;;
E0002349;U000022;I0114;home;view;2025/12/20;541;8;;;
E0002350;U000022;I0109;shop;view;2025/10/03;57;6;;;
E0002351;U000022;I0113;shop;view;2025/11/02;129;4;;;
E0002352;U000022;I0113;shop;add_to_cart;2025/11/02;122;3;E0002351;;
E0002353;U000022;I0113;shop;purchase;2025/11/02;305;9;E0002352;330.39;1
E0002354;U000022;I0167;shop;view;2025/11/02;406;1;;;
E0002355;U000023;I0027;shop;view;2026/03/29;147;7;;;
E0002356;U000023;I0014;home;view;2026/03/29;551;11;;;
E0002357;U000023;I0122;home;view;2026/01/23;237;2;;;
E0002358;U000023;I0025;rewards;view;2026/01/11;556;10;;;
E0002359;U000023;I0025;rewards;add_to_cart;2026/01/11;384;7;E0002358;;
E0002360;U000023;I0025;rewards;redeem_reward;2026/01/11;488;7;E0002359;;
E0002361;U000023;I0006;shop;view;2026/01/11;493;1;;;
E0002362;U000023;I0065;rewards;view;2025/11/22;593;3;;;
E0002363;U000023;I0222;home;view;2025/11/22;320;7;;;
E0002364;U000023;I0222;home;add_to_cart;2025/11/22;599;2;E0002363;;
E0002365;U000023;I0222;home;purchase;2025/11/22;212;1;E0002364;7.50;1
E0002366;U000023;I0055;shop;view;2026/02/09;5;1;;;
E0002367;U000023;I0142;home;view;2026/01/13;389;5;;;
E0002368;U000023;I0142;home;add_to_cart;2026/01/13;322;11;E0002367;;
E0002369;U000023;I0173;shop;view;2026/01/13;368;1;;;
E0002370;U000023;I0026;rewards;view;2026/01/04;27;2;;;
E0002371;U000023;I0026;rewards;redeem_reward;2026/01/04;230;1;E0002370;;
E0002372;U000023;I0088;shop;view;2026/01/04;55;9;;;
E0002373;U000023;I0088;shop;add_to_cart;2026/01/04;564;7;E0002372;;
E0002374;U000023;I0107;shop;view;2025/11/20;17;7;;;
E0002375;U000023;I0104;shop;view;2026/02/24;135;2;;;
E0002376;U000023;I0177;shop;view;2026/02/24;224;8;;;
E0002377;U000023;I0143;rewards;view;2026/03/28;282;3;;;
E0002378;U000023;I0074;home;view;2026/03/19;87;5;;;
E0002379;U000023;I0138;rewards;view;2026/02/02;479;11;;;
E0002380;U000023;I0138;rewards;redeem_reward;2026/02/02;540;6;E0002379;;
E0002381;U000023;I0183;shop;view;2026/02/02;403;2;;;
E0002382;U000023;I0103;shop;view;2025/11/16;256;2;;;
E0002383;U000023;I0103;shop;add_to_cart;2025/11/16;435;9;E0002382;;
E0002384;U000023;I0175;shop;view;2025/11/16;323;6;;;
E0002385;U000023;I0175;shop;wishlist;2025/11/16;371;4;E0002384;;
E0002386;U000023;I0026;rewards;view;2026/03/26;579;11;;;
E0002387;U000023;I0026;rewards;redeem_reward;2026/03/26;231;4;E0002386;;
E0002388;U000023;I0130;shop;view;2026/03/06;173;11;;;
E0002389;U000023;I0124;shop;view;2026/01/12;21;5;;;
E0002390;U000023;I0112;home;view;2025/10/01;94;11;;;
E0002391;U000023;I0164;shop;view;2025/10/01;233;10;;;
E0002392;U000023;I0070;rewards;view;2026/02/07;375;10;;;
E0002393;U000023;I0070;rewards;add_to_cart;2026/02/07;273;2;E0002392;;
E0002394;U000023;I0070;shop;view;2025/11/18;477;6;;;
E0002395;U000023;I0070;shop;add_to_cart;2025/11/18;481;6;E0002394;;
E0002396;U000023;I0007;shop;view;2025/11/18;142;8;;;
E0002397;U000023;I0027;rewards;view;2026/01/18;414;4;;;
E0002398;U000023;I0027;rewards;redeem_reward;2026/01/18;90;2;E0002397;;
E0002399;U000023;I0186;shop;view;2026/01/21;161;6;;;
E0002400;U000023;I0031;shop;view;2026/01/21;341;1;;;
E0002401;U000023;I0124;rewards;view;2025/10/01;64;2;;;
E0002402;U000023;I0124;rewards;add_to_cart;2025/10/01;302;3;E0002401;;
E0002403;U000023;I0123;shop;view;2025/10/01;358;7;;;
E0002404;U000023;I0119;shop;view;2026/01/19;193;7;;;
E0002405;U000023;I0161;rewards;view;2026/01/19;346;3;;;
E0002406;U000023;I0161;rewards;add_to_cart;2026/01/19;545;3;E0002405;;
E0002407;U000023;I0161;rewards;redeem_reward;2026/01/19;244;11;E0002406;;
E0002408;U000023;I0065;shop;view;2026/02/16;316;12;;;
E0002409;U000023;I0027;shop;view;2025/11/02;199;5;;;
E0002410;U000023;I0070;rewards;view;2025/11/08;359;10;;;
E0002411;U000023;I0220;shop;view;2025/11/08;249;6;;;
E0002412;U000023;I0104;rewards;view;2026/02/03;265;2;;;
E0002413;U000023;I0104;rewards;add_to_cart;2026/02/03;210;7;E0002412;;
E0002414;U000023;I0104;rewards;redeem_reward;2026/02/03;496;8;E0002413;;
E0002415;U000023;I0157;shop;view;2026/02/03;136;8;;;
E0002416;U000023;I0027;shop;view;2025/10/20;77;11;;;
E0002417;U000023;I0095;rewards;view;2025/10/20;477;7;;;
E0002418;U000023;I0016;home;view;2026/01/02;210;9;;;
E0002419;U000023;I0020;shop;view;2025/12/04;55;8;;;
E0002420;U000023;I0020;shop;add_to_cart;2025/12/04;56;3;E0002419;;
E0002421;U000023;I0020;shop;wishlist;2025/12/04;369;5;E0002420;;
E0002422;U000023;I0135;rewards;view;2025/10/08;277;12;;;
E0002423;U000023;I0135;rewards;redeem_reward;2025/10/08;534;8;E0002422;;
E0002424;U000023;I0121;home;view;2025/10/08;547;12;;;
E0002425;U000023;I0121;home;add_to_cart;2025/10/08;503;7;E0002424;;
E0002426;U000023;I0065;rewards;view;2026/03/28;244;3;;;
E0002427;U000023;I0065;rewards;redeem_reward;2026/03/28;258;2;E0002426;;
E0002428;U000023;I0223;rewards;view;2026/03/28;357;1;;;
E0002429;U000023;I0223;rewards;add_to_cart;2026/03/28;311;12;E0002428;;
E0002430;U000023;I0223;rewards;purchase;2026/03/28;234;6;E0002429;5.25;1
E0002431;U000023;I0223;rewards;redeem_reward;2026/03/28;380;3;E0002430;;
E0002432;U000023;I0134;shop;view;2026/03/21;539;4;;;
E0002433;U000023;I0116;home;view;2026/03/21;41;3;;;
E0002434;U000023;I0145;home;view;2026/01/04;486;5;;;
E0002435;U000023;I0174;rewards;view;2026/01/04;436;7;;;
E0002436;U000023;I0174;rewards;add_to_cart;2026/01/04;310;6;E0002435;;
E0002437;U000023;I0174;rewards;wishlist;2026/01/04;580;3;E0002436;;
E0002438;U000023;I0190;shop;view;2025/12/24;272;7;;;
E0002439;U000023;I0190;shop;add_to_cart;2025/12/24;428;8;E0002438;;
E0002440;U000023;I0190;shop;purchase;2025/12/24;434;11;E0002439;54.17;1
E0002441;U000023;I0135;home;view;2026/02/05;62;11;;;
E0002442;U000023;I0026;shop;view;2026/03/26;280;2;;;
E0002443;U000023;I0094;shop;view;2026/03/26;461;7;;;
E0002444;U000023;I0069;rewards;view;2025/12/11;410;10;;;
E0002445;U000023;I0069;rewards;add_to_cart;2025/12/11;396;12;E0002444;;
E0002446;U000023;I0069;rewards;purchase;2025/12/11;400;7;E0002445;524.01;1
E0002447;U000023;I0069;rewards;redeem_reward;2025/12/11;29;7;E0002446;;
E0002448;U000023;I0222;home;view;2025/12/11;582;6;;;
E0002449;U000023;I0222;home;wishlist;2025/12/11;24;3;E0002448;;
E0002450;U000023;I0119;rewards;view;2025/11/17;46;10;;;
E0002451;U000023;I0166;shop;view;2025/11/17;37;9;;;
E0002452;U000023;I0166;shop;add_to_cart;2025/11/17;28;12;E0002451;;
E0002453;U000023;I0166;shop;purchase;2025/11/17;224;12;E0002452;21.12;1
E0002454;U000023;I0075;shop;view;2026/02/03;546;5;;;
E0002455;U000023;I0001;shop;view;2026/02/03;552;5;;;
E0002456;U000023;I0144;shop;view;2025/11/01;21;12;;;
E0002457;U000023;I0180;rewards;view;2025/11/01;590;6;;;
E0002458;U000023;I0146;home;view;2025/11/14;169;11;;;
E0002459;U000023;I0146;home;add_to_cart;2025/11/14;542;12;E0002458;;
E0002460;U000023;I0173;home;view;2025/11/14;253;5;;;
E0002461;U000023;I0024;shop;view;2026/02/05;357;2;;;
E0002462;U000023;I0230;home;view;2026/02/05;487;7;;;
E0002463;U000023;I0108;shop;view;2025/12/25;368;7;;;
E0002464;U000023;I0181;shop;view;2025/12/25;60;1;;;
E0002465;U000023;I0106;rewards;view;2026/03/03;394;8;;;
E0002466;U000023;I0106;rewards;wishlist;2026/03/03;209;2;E0002465;;
E0002467;U000023;I0110;rewards;view;2025/12/05;142;11;;;
E0002468;U000023;I0110;rewards;add_to_cart;2025/12/05;354;9;E0002467;;
E0002469;U000023;I0110;rewards;redeem_reward;2025/12/05;273;11;E0002468;;
E0002470;U000023;I0154;shop;view;2025/12/05;207;3;;;
E0002471;U000023;I0104;shop;view;2025/12/10;340;7;;;
E0002472;U000023;I0175;rewards;view;2025/12/10;538;6;;;
E0002473;U000023;I0187;shop;view;2025/11/19;254;7;;;
E0002474;U000023;I0187;shop;add_to_cart;2025/11/19;367;9;E0002473;;
E0002475;U000023;I0187;shop;purchase;2025/11/19;559;8;E0002474;35.74;1
E0002476;U000023;I0026;home;view;2026/02/07;90;12;;;
E0002477;U000023;I0095;home;view;2026/02/07;177;4;;;
E0002478;U000023;I0095;home;add_to_cart;2026/02/07;460;4;E0002477;;
E0002479;U000023;I0095;home;purchase;2026/02/07;145;5;E0002478;21.38;1
E0002480;U000023;I0017;rewards;view;2025/11/23;385;4;;;
E0002481;U000023;I0017;rewards;redeem_reward;2025/11/23;89;11;E0002480;;
E0002482;U000023;I0147;rewards;view;2026/03/09;68;7;;;
E0002483;U000023;I0147;rewards;add_to_cart;2026/03/09;419;9;E0002482;;
E0002484;U000023;I0178;shop;view;2026/03/09;245;3;;;
E0002485;U000023;I0178;shop;add_to_cart;2026/03/09;138;7;E0002484;;
E0002486;U000023;I0178;shop;purchase;2026/03/09;306;1;E0002485;31.16;1
E0002487;U000024;I0018;rewards;view;2026/03/22;191;12;;;
E0002488;U000024;I0016;shop;view;2025/10/10;312;7;;;
E0002489;U000024;I0016;shop;wishlist;2025/10/10;334;3;E0002488;;
E0002490;U000024;I0058;rewards;view;2026/01/28;591;9;;;
E0002491;U000024;I0058;rewards;redeem_reward;2026/01/28;240;6;E0002490;;
E0002492;U000024;I0093;shop;view;2026/01/28;289;10;;;
E0002493;U000024;I0093;shop;add_to_cart;2026/01/28;153;11;E0002492;;
E0002494;U000024;I0093;shop;purchase;2026/01/28;162;3;E0002493;14.24;1
E0002495;U000024;I0109;rewards;view;2026/03/14;551;6;;;
E0002496;U000024;I0150;home;view;2026/03/14;245;9;;;
E0002497;U000024;I0101;rewards;view;2025/11/24;528;1;;;
E0002498;U000024;I0101;rewards;add_to_cart;2025/11/24;291;3;E0002497;;
E0002499;U000024;I0101;rewards;purchase;2025/11/24;235;3;E0002498;540.49;1
E0002500;U000024;I0153;shop;view;2025/11/24;357;8;;;
E0002501;U000024;I0057;shop;view;2026/02/22;325;9;;;
E0002502;U000024;I0111;rewards;view;2025/12/26;350;12;;;
E0002503;U000024;I0152;shop;view;2025/12/26;21;2;;;
E0002504;U000024;I0152;shop;wishlist;2025/12/26;121;8;E0002503;;
E0002505;U000024;I0147;home;view;2026/03/03;10;7;;;
E0002506;U000024;I0147;home;add_to_cart;2026/03/03;165;3;E0002505;;
E0002507;U000024;I0147;home;purchase;2026/03/03;512;5;E0002506;176.14;1
E0002508;U000024;I0190;home;view;2025/10/14;65;5;;;
E0002509;U000024;I0190;home;add_to_cart;2025/10/14;97;10;E0002508;;
E0002510;U000024;I0105;shop;view;2026/03/12;272;6;;;
E0002511;U000024;I0103;shop;view;2025/12/15;233;7;;;
E0002512;U000024;I0103;shop;add_to_cart;2025/12/15;290;3;E0002511;;
E0002513;U000024;I0103;shop;purchase;2025/12/15;517;6;E0002512;73.03;1
E0002514;U000024;I0157;shop;view;2025/12/15;40;3;;;
E0002515;U000024;I0120;shop;view;2026/02/17;310;5;;;
E0002516;U000024;I0107;home;view;2025/11/24;516;1;;;
E0002517;U000024;I0107;home;add_to_cart;2025/11/24;141;8;E0002516;;
E0002518;U000024;I0019;shop;view;2025/11/27;534;6;;;
E0002519;U000024;I0021;shop;view;2025/12/12;432;6;;;
E0002520;U000024;I0115;shop;view;2026/03/02;329;5;;;
E0002521;U000024;I0115;shop;wishlist;2026/03/02;187;6;E0002520;;
E0002522;U000024;I0166;shop;view;2026/03/02;263;2;;;
E0002523;U000024;I0166;shop;add_to_cart;2026/03/02;401;12;E0002522;;
E0002524;U000024;I0166;shop;purchase;2026/03/02;239;6;E0002523;21.12;1
E0002525;U000024;I0110;rewards;view;2026/03/04;331;11;;;
E0002526;U000024;I0110;rewards;redeem_reward;2026/03/04;132;2;E0002525;;
E0002527;U000024;I0181;shop;view;2026/03/04;247;12;;;
E0002528;U000024;I0189;shop;view;2025/11/24;572;6;;;
E0002529;U000024;I0038;shop;view;2025/11/24;471;8;;;
E0002530;U000024;I0027;shop;view;2025/10/29;265;10;;;
E0002531;U000024;I0027;shop;wishlist;2025/10/29;209;3;E0002530;;
E0002532;U000024;I0000;home;view;2025/10/29;456;4;;;
E0002533;U000024;I0000;home;add_to_cart;2025/10/29;332;12;E0002532;;
E0002534;U000024;I0071;rewards;view;2026/01/04;145;4;;;
E0002535;U000024;I0002;shop;view;2026/01/04;122;8;;;
E0002536;U000024;I0022;shop;view;2025/11/05;405;10;;;
E0002537;U000024;I0233;shop;view;2025/11/05;46;4;;;
E0002538;U000024;I0140;shop;view;2026/02/16;26;7;;;
E0002539;U000024;I0140;shop;wishlist;2026/02/16;428;3;E0002538;;
E0002540;U000024;I0176;shop;view;2026/02/16;534;12;;;
E0002541;U000024;I0074;shop;view;2025/12/04;72;1;;;
E0002542;U000024;I0009;rewards;view;2025/12/04;354;10;;;
E0002543;U000024;I0021;shop;view;2025/11/09;331;2;;;
E0002544;U000024;I0230;shop;view;2025/11/09;388;2;;;
E0002545;U000024;I0230;shop;add_to_cart;2025/11/09;453;1;E0002544;;
E0002546;U000024;I0230;shop;purchase;2025/11/09;591;9;E0002545;3.41;1
E0002547;U000024;I0026;shop;view;2025/11/26;156;1;;;
E0002548;U000024;I0231;shop;view;2025/11/26;47;3;;;
E0002549;U000024;I0067;shop;view;2026/03/17;579;6;;;
E0002550;U000024;I0134;shop;view;2026/02/05;456;7;;;
E0002551;U000024;I0134;shop;add_to_cart;2026/02/05;241;3;E0002550;;
E0002552;U000024;I0119;shop;view;2026/02/05;65;5;;;
E0002553;U000024;I0103;shop;view;2025/11/07;215;2;;;
E0002554;U000024;I0103;shop;add_to_cart;2025/11/07;406;7;E0002553;;
E0002555;U000024;I0103;shop;purchase;2025/11/07;581;10;E0002554;73.03;1
E0002556;U000024;I0135;home;view;2025/12/12;437;3;;;
E0002557;U000024;I0135;home;wishlist;2025/12/12;45;10;E0002556;;
E0002558;U000024;I0115;shop;view;2025/12/12;101;7;;;
E0002559;U000024;I0188;shop;view;2026/03/08;140;12;;;
E0002560;U000024;I0066;shop;view;2025/12/23;335;1;;;
E0002561;U000024;I0066;shop;add_to_cart;2025/12/23;188;2;E0002560;;
E0002562;U000024;I0005;shop;view;2025/12/23;137;12;;;
E0002563;U000024;I0018;home;view;2025/10/12;157;6;;;
E0002564;U000024;I0018;home;add_to_cart;2025/10/12;529;1;E0002563;;
E0002565;U000024;I0018;home;purchase;2025/10/12;378;7;E0002564;522.28;1
E0002566;U000024;I0230;home;view;2025/10/12;389;6;;;
E0002567;U000024;I0074;rewards;view;2025/10/18;282;10;;;
E0002568;U000024;I0074;rewards;redeem_reward;2025/10/18;268;6;E0002567;;
E0002569;U000024;I0222;rewards;view;2025/10/18;429;8;;;
E0002570;U000024;I0222;rewards;add_to_cart;2025/10/18;258;6;E0002569;;
E0002571;U000024;I0222;rewards;purchase;2025/10/18;562;3;E0002570;7.50;1
E0002572;U000024;I0120;shop;view;2026/03/28;485;3;;;
E0002573;U000024;I0162;home;view;2026/03/28;21;4;;;
E0002574;U000024;I0162;home;add_to_cart;2026/03/28;450;3;E0002573;;
E0002575;U000024;I0069;shop;view;2025/11/20;527;5;;;
E0002576;U000024;I0000;shop;view;2025/11/20;324;1;;;
E0002577;U000024;I0022;home;view;2026/03/03;452;12;;;
E0002578;U000024;I0096;shop;view;2026/03/03;545;3;;;
E0002579;U000024;I0019;home;view;2026/01/25;144;12;;;
E0002580;U000024;I0012;shop;view;2026/01/25;26;7;;;
E0002581;U000024;I0112;home;view;2025/10/02;272;10;;;
E0002582;U000024;I0104;shop;view;2026/01/11;161;8;;;
E0002583;U000024;I0179;shop;view;2026/01/11;110;4;;;
E0002584;U000025;I0019;rewards;view;2025/12/07;196;4;;;
E0002585;U000025;I0015;shop;view;2025/12/07;48;6;;;
E0002586;U000025;I0015;shop;add_to_cart;2025/12/07;159;9;E0002585;;
E0002587;U000025;I0069;shop;view;2025/11/28;196;7;;;
E0002588;U000025;I0069;shop;view;2025/11/16;5;12;;;
E0002589;U000025;I0222;rewards;view;2025/11/16;376;9;;;
E0002590;U000025;I0101;shop;view;2025/12/22;587;8;;;
E0002591;U000025;I0101;shop;add_to_cart;2025/12/22;344;10;E0002590;;
E0002592;U000025;I0027;shop;view;2025/11/08;232;5;;;
E0002593;U000025;I0027;shop;add_to_cart;2025/11/08;295;5;E0002592;;
E0002594;U000025;I0006;shop;view;2025/11/08;504;12;;;
E0002595;U000025;I0126;shop;view;2025/11/17;407;12;;;
E0002596;U000025;I0126;shop;add_to_cart;2025/11/17;379;12;E0002595;;
E0002597;U000025;I0126;shop;purchase;2025/11/17;282;1;E0002596;950.00;1
E0002598;U000025;I0118;shop;view;2025/11/17;183;11;;;
E0002599;U000025;I0118;shop;add_to_cart;2025/11/17;231;8;E0002598;;
E0002600;U000025;I0070;rewards;view;2026/03/31;325;9;;;
E0002601;U000025;I0070;rewards;redeem_reward;2026/03/31;223;12;E0002600;;
E0002602;U000025;I0195;home;view;2025/11/29;545;10;;;
E0002603;U000025;I0120;shop;view;2026/02/13;525;8;;;
E0002604;U000025;I0171;rewards;view;2026/02/13;566;6;;;
E0002605;U000025;I0065;shop;view;2026/03/05;589;9;;;
E0002606;U000025;I0022;shop;view;2026/01/31;493;10;;;
E0002607;U000025;I0022;shop;add_to_cart;2026/01/31;534;7;E0002606;;
E0002608;U000025;I0022;shop;purchase;2026/01/31;333;11;E0002607;97.13;1
E0002609;U000025;I0008;home;view;2026/01/31;7;2;;;
E0002610;U000025;I0075;home;view;2026/03/05;167;5;;;
E0002611;U000025;I0075;home;add_to_cart;2026/03/05;344;6;E0002610;;
E0002612;U000025;I0075;home;wishlist;2026/03/05;374;12;E0002611;;
E0002613;U000025;I0014;home;view;2026/03/05;367;3;;;
E0002614;U000025;I0014;home;wishlist;2026/03/05;183;9;E0002613;;
E0002615;U000025;I0146;home;view;2025/12/09;520;6;;;
E0002616;U000025;I0182;shop;view;2025/12/09;322;9;;;
E0002617;U000025;I0072;shop;view;2026/03/11;421;5;;;
E0002618;U000025;I0072;shop;add_to_cart;2026/03/11;66;3;E0002617;;
E0002619;U000025;I0021;shop;view;2025/11/30;183;12;;;
E0002620;U000025;I0021;shop;add_to_cart;2025/11/30;361;9;E0002619;;
E0002621;U000025;I0021;shop;purchase;2025/11/30;595;5;E0002620;113.49;1
E0002622;U000025;I0071;shop;view;2025/11/06;549;7;;;
E0002623;U000025;I0073;shop;view;2025/11/29;222;8;;;
E0002624;U000025;I0073;shop;add_to_cart;2025/11/29;508;8;E0002623;;
E0002625;U000025;I0073;shop;purchase;2025/11/29;13;7;E0002624;533.72;1
E0002626;U000025;I0008;shop;view;2025/11/29;127;12;;;
E0002627;U000025;I0188;rewards;view;2025/12/18;204;5;;;
E0002628;U000025;I0188;rewards;add_to_cart;2025/12/18;523;5;E0002627;;
E0002629;U000025;I0188;rewards;purchase;2025/12/18;194;8;E0002628;15.55;1
E0002630;U000025;I0188;rewards;redeem_reward;2025/12/18;270;2;E0002629;;
E0002631;U000025;I0110;shop;view;2025/10/30;396;7;;;
E0002632;U000025;I0177;shop;view;2025/10/30;431;1;;;
E0002633;U000025;I0053;shop;view;2025/12/24;556;12;;;
E0002634;U000025;I0090;home;view;2025/12/24;583;12;;;
E0002635;U000025;I0062;home;view;2025/10/07;430;12;;;
E0002636;U000025;I0062;home;add_to_cart;2025/10/07;232;4;E0002635;;
E0002637;U000025;I0092;shop;view;2025/10/07;317;3;;;
E0002638;U000025;I0058;shop;view;2025/11/09;535;5;;;
E0002639;U000025;I0142;shop;view;2026/03/03;413;10;;;
E0002640;U000025;I0026;shop;view;2026/03/31;499;6;;;
E0002641;U000025;I0026;shop;add_to_cart;2026/03/31;96;8;E0002640;;
E0002642;U000025;I0026;shop;purchase;2026/03/31;119;6;E0002641;186.86;1
E0002643;U000025;I0007;home;view;2026/03/31;27;12;;;
E0002644;U000025;I0007;home;add_to_cart;2026/03/31;520;1;E0002643;;
E0002645;U000025;I0007;home;purchase;2026/03/31;521;8;E0002644;34.88;1
E0002646;U000025;I0026;rewards;view;2025/12/06;285;4;;;
E0002647;U000025;I0026;rewards;redeem_reward;2025/12/06;574;7;E0002646;;
E0002648;U000025;I0092;shop;view;2025/12/06;146;8;;;
E0002649;U000025;I0092;shop;add_to_cart;2025/12/06;483;2;E0002648;;
E0002650;U000025;I0092;shop;purchase;2025/12/06;75;7;E0002649;9.09;1
E0002651;U000025;I0100;shop;view;2025/12/11;431;9;;;
E0002652;U000025;I0017;shop;view;2025/12/03;62;3;;;
E0002653;U000025;I0017;shop;add_to_cart;2025/12/03;504;1;E0002652;;
E0002654;U000025;I0017;shop;purchase;2025/12/03;307;1;E0002653;303.28;1
E0002655;U000025;I0095;shop;view;2025/12/03;354;11;;;
E0002656;U000025;I0095;shop;add_to_cart;2025/12/03;145;5;E0002655;;
E0002657;U000025;I0072;shop;view;2026/01/28;392;11;;;
E0002658;U000025;I0025;rewards;view;2025/12/18;235;7;;;
E0002659;U000025;I0025;rewards;redeem_reward;2025/12/18;156;6;E0002658;;
E0002660;U000025;I0097;rewards;view;2025/12/18;282;3;;;
E0002661;U000025;I0097;rewards;redeem_reward;2025/12/18;521;2;E0002660;;
E0002662;U000025;I0187;shop;view;2026/03/20;102;9;;;
E0002663;U000025;I0074;shop;view;2025/10/02;448;4;;;
E0002664;U000025;I0004;shop;view;2025/10/02;362;8;;;
E0002665;U000025;I0019;rewards;view;2025/11/16;66;8;;;
E0002666;U000025;I0102;shop;view;2025/12/27;90;9;;;
E0002667;U000025;I0102;shop;add_to_cart;2025/12/27;125;9;E0002666;;
E0002668;U000025;I0122;shop;view;2026/03/12;206;2;;;
E0002669;U000025;I0160;rewards;view;2026/03/12;462;8;;;
E0002670;U000025;I0160;rewards;redeem_reward;2026/03/12;388;8;E0002669;;
E0002671;U000025;I0055;shop;view;2025/12/18;515;12;;;
E0002672;U000025;I0095;shop;view;2025/12/18;293;12;;;
E0002673;U000025;I0101;shop;view;2026/01/13;140;6;;;
E0002674;U000025;I0101;shop;add_to_cart;2026/01/13;189;6;E0002673;;
E0002675;U000025;I0101;shop;purchase;2026/01/13;441;4;E0002674;540.49;1
E0002676;U000025;I0182;shop;view;2026/01/13;470;7;;;
E0002677;U000025;I0071;rewards;view;2026/01/17;36;12;;;
E0002678;U000025;I0071;rewards;redeem_reward;2026/01/17;334;4;E0002677;;
E0002679;U000025;I0013;shop;view;2026/01/17;551;10;;;
E0002680;U000025;I0018;rewards;view;2025/11/20;6;9;;;
E0002681;U000025;I0018;rewards;wishlist;2025/11/20;340;11;E0002680;;
E0002682;U000025;I0114;shop;view;2025/10/27;250;7;;;
E0002683;U000025;I0114;shop;add_to_cart;2025/10/27;165;6;E0002682;;
E0002684;U000025;I0022;home;view;2025/12/13;365;9;;;
E0002685;U000025;I0072;rewards;view;2026/02/23;420;3;;;
E0002686;U000025;I0072;rewards;redeem_reward;2026/02/23;551;4;E0002685;;
E0002687;U000025;I0014;shop;view;2026/02/23;590;1;;;
E0002688;U000025;I0014;shop;wishlist;2026/02/23;252;12;E0002687;;
E0002689;U000025;I0017;shop;view;2025/12/12;233;11;;;
E0002690;U000025;I0234;shop;view;2025/12/12;433;10;;;
E0002691;U000025;I0066;shop;view;2026/02/24;380;2;;;
E0002692;U000025;I0014;home;view;2026/02/24;544;5;;;
E0002693;U000025;I0143;shop;view;2026/02/04;476;9;;;
E0002694;U000025;I0143;shop;add_to_cart;2026/02/04;135;1;E0002693;;
E0002695;U000025;I0183;rewards;view;2026/02/04;536;6;;;
E0002696;U000025;I0183;rewards;add_to_cart;2026/02/04;401;9;E0002695;;
E0002697;U000025;I0183;rewards;purchase;2026/02/04;396;9;E0002696;11.04;1
E0002698;U000025;I0126;shop;view;2025/12/18;87;12;;;
E0002699;U000025;I0126;shop;wishlist;2025/12/18;351;4;E0002698;;
E0002700;U000025;I0110;shop;view;2026/01/09;154;12;;;
E0002701;U000025;I0179;shop;view;2026/01/09;60;1;;;
E0002702;U000025;I0179;shop;add_to_cart;2026/01/09;419;2;E0002701;;
E0002703;U000025;I0179;shop;purchase;2026/01/09;213;6;E0002702;148.01;1
E0002704;U000025;I0064;home;view;2026/02/04;13;11;;;
E0002705;U000025;I0061;shop;view;2026/01/08;448;11;;;
E0002706;U000025;I0058;home;view;2025/12/06;254;12;;;
E0002707;U000025;I0094;shop;view;2025/12/06;445;1;;;
E0002708;U000025;I0094;shop;add_to_cart;2025/12/06;300;8;E0002707;;
E0002709;U000025;I0188;rewards;view;2026/02/24;199;9;;;
E0002710;U000025;I0188;rewards;redeem_reward;2026/02/24;434;4;E0002709;;
E0002711;U000025;I0032;shop;view;2026/02/24;552;10;;;
E0002712;U000025;I0032;shop;add_to_cart;2026/02/24;467;4;E0002711;;
E0002713;U000025;I0032;shop;purchase;2026/02/24;138;12;E0002712;67.92;1
E0002714;U000025;I0018;home;view;2026/02/24;581;4;;;
E0002715;U000025;I0105;shop;view;2026/03/09;160;6;;;
E0002716;U000025;I0152;shop;view;2026/03/09;491;1;;;
E0002717;U000025;I0187;home;view;2026/01/10;285;2;;;
E0002718;U000025;I0116;shop;view;2026/03/23;380;3;;;
E0002719;U000025;I0116;shop;add_to_cart;2026/03/23;62;11;E0002718;;
E0002720;U000025;I0161;shop;view;2026/03/23;126;3;;;
E0002721;U000025;I0024;shop;view;2025/10/29;256;3;;;
E0002722;U000025;I0024;shop;add_to_cart;2025/10/29;449;10;E0002721;;
E0002723;U000025;I0024;shop;purchase;2025/10/29;74;4;E0002722;218.94;1
E0002724;U000025;I0012;shop;view;2025/10/29;374;7;;;
E0002725;U000025;I0016;shop;view;2026/01/25;401;2;;;
E0002726;U000025;I0190;shop;view;2025/10/23;280;3;;;
E0002727;U000025;I0028;rewards;view;2025/10/23;393;6;;;
E0002728;U000025;I0028;rewards;add_to_cart;2025/10/23;224;1;E0002727;;
E0002729;U000025;I0028;rewards;redeem_reward;2025/10/23;154;3;E0002728;;
E0002730;U000026;I0109;rewards;view;2026/03/01;162;8;;;
E0002731;U000026;I0109;rewards;add_to_cart;2026/03/01;575;1;E0002730;;
E0002732;U000026;I0100;rewards;view;2025/10/27;171;3;;;
E0002733;U000026;I0100;rewards;redeem_reward;2025/10/27;501;2;E0002732;;
E0002734;U000026;I0024;shop;view;2025/11/28;500;6;;;
E0002735;U000026;I0065;shop;view;2025/10/21;412;6;;;
E0002736;U000026;I0065;shop;add_to_cart;2025/10/21;125;7;E0002735;;
E0002737;U000026;I0065;shop;purchase;2025/10/21;565;8;E0002736;1079.31;1
E0002738;U000026;I0065;shop;wishlist;2025/10/21;170;1;E0002737;;
E0002739;U000026;I0070;shop;view;2026/01/21;342;9;;;
E0002740;U000026;I0070;shop;add_to_cart;2026/01/21;487;5;E0002739;;
E0002741;U000026;I0010;shop;view;2026/01/21;488;11;;;
E0002742;U000026;I0010;shop;add_to_cart;2026/01/21;148;3;E0002741;;
E0002743;U000026;I0010;shop;purchase;2026/01/21;203;3;E0002742;29.77;1
E0002744;U000026;I0010;shop;wishlist;2026/01/21;332;4;E0002743;;
E0002745;U000026;I0020;shop;view;2026/03/07;576;11;;;
E0002746;U000026;I0020;shop;add_to_cart;2026/03/07;82;5;E0002745;;
E0002747;U000026;I0096;home;view;2026/03/07;385;7;;;
E0002748;U000026;I0025;rewards;view;2026/03/03;426;10;;;
E0002749;U000026;I0060;home;view;2026/01/04;198;1;;;
E0002750;U000026;I0092;rewards;view;2026/01/04;449;11;;;
E0002751;U000026;I0092;rewards;add_to_cart;2026/01/04;311;10;E0002750;;
E0002752;U000026;I0092;rewards;purchase;2026/01/04;504;6;E0002751;9.09;1
E0002753;U000026;I0189;shop;view;2026/02/10;411;11;;;
E0002754;U000026;I0028;shop;view;2026/02/10;41;3;;;
E0002755;U000026;I0072;shop;view;2026/02/19;463;12;;;
E0002756;U000026;I0072;shop;add_to_cart;2026/02/19;321;10;E0002755;;
E0002757;U000026;I0072;shop;purchase;2026/02/19;159;9;E0002756;796.22;1
E0002758;U000026;I0013;shop;view;2026/02/19;275;12;;;
E0002759;U000026;I0112;rewards;view;2025/10/27;318;9;;;
E0002760;U000026;I0165;rewards;view;2025/10/27;74;11;;;
E0002761;U000026;I0060;shop;view;2026/03/15;10;10;;;
E0002762;U000026;I0020;shop;view;2026/03/01;527;9;;;
E0002763;U000026;I0020;shop;add_to_cart;2026/03/01;132;6;E0002762;;
E0002764;U000026;I0020;shop;purchase;2026/03/01;564;6;E0002763;346.14;1
E0002765;U000026;I0231;shop;view;2026/03/01;37;11;;;
E0002766;U000026;I0102;shop;view;2026/03/03;206;4;;;
E0002767;U000026;I0102;shop;add_to_cart;2026/03/03;130;10;E0002766;;
E0002768;U000026;I0102;shop;purchase;2026/03/03;563;8;E0002767;293.82;1
E0002769;U000026;I0138;shop;view;2026/02/05;401;12;;;
E0002770;U000026;I0025;shop;view;2025/10/27;22;12;;;
E0002771;U000026;I0114;shop;view;2025/11/28;568;10;;;
E0002772;U000026;I0114;shop;add_to_cart;2025/11/28;31;12;E0002771;;
E0002773;U000026;I0073;shop;view;2026/02/16;247;7;;;
E0002774;U000026;I0073;shop;add_to_cart;2026/02/16;400;6;E0002773;;
E0002775;U000026;I0102;rewards;view;2026/02/05;346;12;;;
E0002776;U000026;I0116;rewards;view;2025/11/09;555;2;;;
E0002777;U000026;I0163;shop;view;2025/11/09;443;8;;;
E0002778;U000026;I0104;home;view;2026/01/05;478;8;;;
E0002779;U000026;I0104;home;wishlist;2026/01/05;302;1;E0002778;;
E0002780;U000026;I0073;home;view;2025/10/04;95;7;;;
E0002781;U000026;I0103;home;view;2026/01/08;226;1;;;
E0002782;U000026;I0182;home;view;2026/01/08;94;4;;;
E0002783;U000026;I0018;shop;view;2026/03/11;463;3;;;
E0002784;U000026;I0018;shop;add_to_cart;2026/03/11;307;2;E0002783;;
E0002785;U000026;I0018;shop;purchase;2026/03/11;36;4;E0002784;522.28;1
E0002786;U000026;I0021;shop;view;2026/02/27;557;12;;;
E0002787;U000026;I0097;shop;view;2026/02/27;592;2;;;
E0002788;U000026;I0140;shop;view;2025/10/03;61;9;;;
E0002789;U000026;I0140;shop;add_to_cart;2025/10/03;46;6;E0002788;;
E0002790;U000026;I0179;shop;view;2025/10/03;358;6;;;
E0002791;U000026;I0024;shop;view;2025/11/09;225;7;;;
E0002792;U000026;I0024;shop;wishlist;2025/11/09;147;6;E0002791;;
E0002793;U000026;I0009;home;view;2025/11/09;452;6;;;
E0002794;U000026;I0009;home;add_to_cart;2025/11/09;159;1;E0002793;;
E0002795;U000026;I0009;home;purchase;2025/11/09;182;1;E0002794;60.38;1
E0002796;U000026;I0071;home;view;2026/03/11;424;4;;;
E0002797;U000026;I0056;rewards;view;2026/02/02;489;7;;;
E0002798;U000026;I0056;rewards;redeem_reward;2026/02/02;242;6;E0002797;;
E0002799;U000026;I0088;shop;view;2026/02/02;395;4;;;
E0002800;U000026;I0088;shop;add_to_cart;2026/02/02;468;9;E0002799;;
E0002801;U000026;I0072;home;view;2025/10/25;100;9;;;
E0002802;U000026;I0072;home;add_to_cart;2025/10/25;415;10;E0002801;;
E0002803;U000026;I0126;shop;view;2026/03/16;308;10;;;
E0002804;U000026;I0025;rewards;view;2025/12/20;31;2;;;
E0002805;U000026;I0115;home;view;2026/03/20;239;6;;;
E0002806;U000026;I0019;home;view;2026/02/24;453;6;;;
E0002807;U000026;I0019;home;add_to_cart;2026/02/24;529;1;E0002806;;
E0002808;U000026;I0019;home;purchase;2026/02/24;330;9;E0002807;82.03;1
E0002809;U000026;I0016;shop;view;2026/02/25;362;4;;;
E0002810;U000026;I0016;shop;add_to_cart;2026/02/25;568;7;E0002809;;
E0002811;U000026;I0187;shop;view;2026/03/11;262;2;;;
E0002812;U000026;I0038;home;view;2026/03/11;75;5;;;
E0002813;U000027;I0019;rewards;view;2025/10/10;346;8;;;
E0002814;U000027;I0019;rewards;add_to_cart;2025/10/10;336;1;E0002813;;
E0002815;U000027;I0019;rewards;purchase;2025/10/10;77;3;E0002814;82.03;1
E0002816;U000027;I0019;rewards;redeem_reward;2025/10/10;192;8;E0002815;;
E0002817;U000027;I0089;rewards;view;2025/10/10;573;7;;;
E0002818;U000027;I0089;rewards;add_to_cart;2025/10/10;68;4;E0002817;;
E0002819;U000027;I0089;rewards;purchase;2025/10/10;451;7;E0002818;26.15;1
E0002820;U000027;I0089;rewards;redeem_reward;2025/10/10;292;10;E0002819;;
E0002821;U000027;I0123;home;view;2025/10/15;577;2;;;
E0002822;U000027;I0018;rewards;view;2025/11/24;424;8;;;
E0002823;U000027;I0018;rewards;add_to_cart;2025/11/24;57;9;E0002822;;
E0002824;U000027;I0018;rewards;purchase;2025/11/24;73;4;E0002823;522.28;1
E0002825;U000027;I0123;shop;view;2025/10/07;227;7;;;
E0002826;U000027;I0120;home;view;2026/01/13;13;10;;;
E0002827;U000027;I0134;shop;view;2025/11/13;163;4;;;
E0002828;U000027;I0116;shop;view;2025/11/13;330;1;;;
E0002829;U000027;I0116;shop;add_to_cart;2025/11/13;198;12;E0002828;;
E0002830;U000027;I0116;shop;purchase;2025/11/13;446;6;E0002829;181.63;1
E0002831;U000027;I0024;shop;view;2026/03/05;10;4;;;
E0002832;U000027;I0091;shop;view;2026/03/05;127;3;;;
E0002833;U000027;I0110;rewards;view;2025/11/30;272;9;;;
E0002834;U000027;I0110;rewards;add_to_cart;2025/11/30;159;1;E0002833;;
E0002835;U000027;I0183;rewards;view;2025/11/30;310;6;;;
E0002836;U000027;I0053;rewards;view;2026/01/01;43;8;;;
E0002837;U000027;I0053;rewards;wishlist;2026/01/01;560;6;E0002836;;
E0002838;U000027;I0019;shop;view;2026/01/26;424;12;;;
E0002839;U000027;I0019;shop;add_to_cart;2026/01/26;336;6;E0002838;;
E0002840;U000027;I0019;shop;purchase;2026/01/26;505;2;E0002839;82.03;1
E0002841;U000027;I0132;shop;view;2026/02/04;481;1;;;
E0002842;U000027;I0121;shop;view;2026/02/04;188;5;;;
E0002843;U000027;I0106;shop;view;2026/01/28;482;3;;;
E0002844;U000027;I0152;rewards;view;2026/01/28;341;7;;;
E0002845;U000027;I0152;rewards;add_to_cart;2026/01/28;181;4;E0002844;;
E0002846;U000027;I0068;shop;view;2025/10/17;579;3;;;
E0002847;U000027;I0068;shop;add_to_cart;2025/10/17;234;2;E0002846;;
E0002848;U000027;I0224;home;view;2025/10/17;24;10;;;
E0002849;U000027;I0106;rewards;view;2026/02/07;553;10;;;
E0002850;U000027;I0022;home;view;2026/03/02;446;4;;;
E0002851;U000027;I0022;home;wishlist;2026/03/02;109;9;E0002850;;
E0002852;U000027;I0094;shop;view;2026/03/02;243;8;;;
E0002853;U000027;I0065;rewards;view;2026/03/24;457;10;;;
E0002854;U000027;I0065;rewards;wishlist;2026/03/24;14;9;E0002853;;
E0002855;U000027;I0222;shop;view;2026/03/24;92;11;;;
E0002856;U000027;I0075;shop;view;2026/02/01;237;3;;;
E0002857;U000027;I0124;home;view;2025/12/28;66;5;;;
E0002858;U000027;I0116;rewards;view;2025/12/08;97;12;;;
E0002859;U000027;I0024;shop;view;2026/03/18;223;2;;;
E0002860;U000027;I0000;shop;view;2026/03/18;537;10;;;
E0002861;U000027;I0000;shop;add_to_cart;2026/03/18;539;11;E0002860;;
E0002862;U000027;I0000;shop;purchase;2026/03/18;589;1;E0002861;91.80;1
E0002863;U000027;I0131;rewards;view;2026/01/25;498;12;;;
E0002864;U000027;I0115;rewards;view;2026/01/25;278;2;;;
E0002865;U000027;I0138;shop;view;2025/10/30;552;8;;;
E0002866;U000027;I0182;rewards;view;2025/10/30;401;7;;;
E0002867;U000027;I0108;rewards;view;2025/10/27;146;12;;;
E0002868;U000027;I0108;rewards;add_to_cart;2025/10/27;38;7;E0002867;;
E0002869;U000027;I0021;shop;view;2026/02/28;550;5;;;
E0002870;U000027;I0021;shop;add_to_cart;2026/02/28;550;11;E0002869;;
E0002871;U000027;I0006;rewards;view;2026/02/28;362;7;;;
E0002872;U000027;I0006;rewards;redeem_reward;2026/02/28;430;3;E0002871;;
E0002873;U000027;I0026;shop;view;2025/12/19;424;9;;;
E0002874;U000027;I0022;shop;view;2025/12/22;456;6;;;
E0002875;U000027;I0103;shop;view;2026/02/20;591;4;;;
E0002876;U000027;I0103;shop;add_to_cart;2026/02/20;381;10;E0002875;;
E0002877;U000027;I0182;shop;view;2026/02/20;199;11;;;
E0002878;U000027;I0052;shop;view;2026/03/21;147;1;;;
E0002879;U000027;I0108;shop;view;2026/01/30;66;2;;;
E0002880;U000027;I0108;shop;add_to_cart;2026/01/30;523;7;E0002879;;
E0002881;U000027;I0177;shop;view;2026/01/30;79;1;;;
E0002882;U000027;I0106;shop;view;2025/12/16;471;5;;;
E0002883;U000027;I0157;home;view;2025/12/16;571;2;;;
E0002884;U000027;I0157;home;add_to_cart;2025/12/16;334;9;E0002883;;
E0002885;U000027;I0108;shop;view;2025/12/26;544;7;;;
E0002886;U000027;I0108;shop;add_to_cart;2025/12/26;244;6;E0002885;;
E0002887;U000027;I0022;shop;view;2025/10/12;389;7;;;
E0002888;U000027;I0022;shop;add_to_cart;2025/10/12;99;6;E0002887;;
E0002889;U000027;I0192;shop;view;2026/02/23;470;5;;;
E0002890;U000027;I0192;shop;add_to_cart;2026/02/23;319;7;E0002889;;
E0002891;U000027;I0192;shop;purchase;2026/02/23;551;9;E0002890;348.36;1
E0002892;U000027;I0109;shop;view;2026/02/12;202;11;;;
E0002893;U000027;I0149;rewards;view;2026/02/12;241;5;;;
E0002894;U000027;I0149;rewards;redeem_reward;2026/02/12;222;1;E0002893;;
E0002895;U000027;I0141;shop;view;2025/11/25;366;5;;;
E0002896;U000027;I0181;shop;view;2025/11/25;65;11;;;
E0002897;U000027;I0181;shop;add_to_cart;2025/11/25;376;12;E0002896;;
E0002898;U000027;I0135;shop;view;2026/01/11;493;12;;;
E0002899;U000027;I0141;shop;view;2025/11/16;566;3;;;
E0002900;U000027;I0178;shop;view;2025/11/16;40;11;;;
E0002901;U000027;I0129;rewards;view;2026/02/07;483;10;;;
E0002902;U000027;I0129;rewards;add_to_cart;2026/02/07;230;2;E0002901;;
E0002903;U000027;I0129;rewards;redeem_reward;2026/02/07;71;5;E0002902;;
E0002904;U000027;I0066;rewards;view;2026/03/24;596;6;;;
E0002905;U000027;I0221;shop;view;2026/03/24;400;12;;;
E0002906;U000027;I0065;shop;view;2026/03/17;69;10;;;
E0002907;U000027;I0065;shop;add_to_cart;2026/03/17;348;12;E0002906;;
E0002908;U000027;I0065;shop;purchase;2026/03/17;526;8;E0002907;1079.31;1
E0002909;U000027;I0013;shop;view;2026/03/17;63;8;;;
E0002910;U000027;I0105;shop;view;2025/11/02;355;2;;;
E0002911;U000027;I0182;shop;view;2025/11/02;377;11;;;
E0002912;U000027;I0182;shop;add_to_cart;2025/11/02;281;4;E0002911;;
E0002913;U000027;I0027;rewards;view;2025/10/10;444;10;;;
E0002914;U000027;I0027;rewards;add_to_cart;2025/10/10;542;9;E0002913;;
E0002915;U000027;I0027;rewards;purchase;2025/10/10;253;11;E0002914;182.38;1
E0002916;U000027;I0027;rewards;redeem_reward;2025/10/10;170;1;E0002915;;
E0002917;U000027;I0101;shop;view;2026/03/19;563;2;;;
E0002918;U000027;I0101;shop;view;2026/03/11;293;4;;;
E0002919;U000027;I0068;home;view;2026/01/05;25;9;;;
E0002920;U000027;I0010;shop;view;2026/01/05;568;6;;;
E0002921;U000027;I0010;shop;wishlist;2026/01/05;382;3;E0002920;;
E0002922;U000027;I0024;shop;view;2025/11/20;564;6;;;
E0002923;U000027;I0095;shop;view;2025/11/20;572;5;;;
E0002924;U000027;I0142;home;view;2025/11/20;502;3;;;
E0002925;U000027;I0142;home;add_to_cart;2025/11/20;175;8;E0002924;;
E0002926;U000027;I0052;rewards;view;2026/02/07;475;3;;;
E0002927;U000027;I0052;rewards;redeem_reward;2026/02/07;348;9;E0002926;;
E0002928;U000027;I0096;home;view;2026/02/07;513;9;;;
E0002929;U000027;I0096;home;add_to_cart;2026/02/07;378;6;E0002928;;
E0002930;U000027;I0096;home;purchase;2026/02/07;324;11;E0002929;9.04;1
E0002931;U000027;I0096;home;wishlist;2026/02/07;301;5;E0002930;;
E0002932;U000028;I0068;home;view;2026/01/13;360;7;;;
E0002933;U000028;I0068;home;add_to_cart;2026/01/13;460;9;E0002932;;
E0002934;U000028;I0068;home;purchase;2026/01/13;60;1;E0002933;629.77;1
E0002935;U000028;I0066;rewards;view;2026/01/11;392;12;;;
E0002936;U000028;I0066;rewards;add_to_cart;2026/01/11;431;1;E0002935;;
E0002937;U000028;I0066;rewards;purchase;2026/01/11;181;12;E0002936;1190.00;1
E0002938;U000028;I0134;rewards;view;2025/12/07;390;4;;;
E0002939;U000028;I0103;shop;view;2025/12/14;281;11;;;
E0002940;U000028;I0103;shop;add_to_cart;2025/12/14;527;8;E0002939;;
E0002941;U000028;I0103;shop;purchase;2025/12/14;21;4;E0002940;73.03;1
E0002942;U000028;I0103;shop;wishlist;2025/12/14;7;6;E0002941;;
E0002943;U000028;I0159;shop;view;2025/12/14;430;2;;;
E0002944;U000028;I0100;shop;view;2026/01/27;59;6;;;
E0002945;U000028;I0176;home;view;2026/01/27;324;7;;;
E0002946;U000028;I0106;shop;view;2026/03/08;559;6;;;
E0002947;U000028;I0106;shop;add_to_cart;2026/03/08;30;11;E0002946;;
E0002948;U000028;I0106;shop;purchase;2026/03/08;489;4;E0002947;126.07;1
E0002949;U000028;I0172;shop;view;2026/03/08;46;9;;;
E0002950;U000028;I0105;home;view;2025/10/14;592;2;;;
E0002951;U000028;I0021;home;view;2025/11/16;174;6;;;
E0002952;U000028;I0024;shop;view;2026/01/25;36;2;;;
E0002953;U000028;I0024;shop;add_to_cart;2026/01/25;121;1;E0002952;;
E0002954;U000028;I0024;shop;purchase;2026/01/25;427;6;E0002953;218.94;1
E0002955;U000028;I0098;rewards;view;2026/01/25;494;7;;;
E0002956;U000028;I0137;shop;view;2026/02/28;132;9;;;
E0002957;U000028;I0182;shop;view;2026/02/28;210;9;;;
E0002958;U000028;I0182;shop;add_to_cart;2026/02/28;579;3;E0002957;;
E0002959;U000028;I0142;shop;view;2025/11/22;56;2;;;
E0002960;U000028;I0142;shop;wishlist;2025/11/22;140;1;E0002959;;
E0002961;U000028;I0019;shop;view;2025/11/27;329;12;;;
E0002962;U000028;I0019;shop;add_to_cart;2025/11/27;247;8;E0002961;;
E0002963;U000028;I0146;shop;view;2026/03/20;569;7;;;
E0002964;U000028;I0174;home;view;2026/03/20;165;2;;;
E0002965;U000028;I0174;home;add_to_cart;2026/03/20;521;9;E0002964;;
E0002966;U000028;I0174;home;purchase;2026/03/20;380;10;E0002965;30.08;1
E0002967;U000028;I0123;shop;view;2025/11/16;303;4;;;
E0002968;U000028;I0171;home;view;2025/11/16;522;4;;;
E0002969;U000028;I0060;rewards;view;2026/03/27;534;3;;;
E0002970;U000028;I0091;home;view;2026/03/27;464;5;;;
E0002971;U000028;I0091;home;add_to_cart;2026/03/27;128;11;E0002970;;
E0002972;U000028;I0069;shop;view;2025/12/05;67;4;;;
E0002973;U000028;I0220;shop;view;2025/12/05;308;4;;;
E0002974;U000028;I0126;shop;view;2025/11/26;433;9;;;
E0002975;U000028;I0053;rewards;view;2026/02/08;178;7;;;
E0002976;U000028;I0053;rewards;wishlist;2026/02/08;566;11;E0002975;;
E0002977;U000028;I0093;shop;view;2026/02/08;58;9;;;
E0002978;U000028;I0132;shop;view;2026/02/15;145;5;;;
E0002979;U000028;I0132;shop;add_to_cart;2026/02/15;309;5;E0002978;;
E0002980;U000028;I0119;shop;view;2026/02/15;221;4;;;
E0002981;U000028;I0020;home;view;2025/11/25;303;2;;;
E0002982;U000028;I0118;shop;view;2026/02/01;297;4;;;
E0002983;U000028;I0118;shop;add_to_cart;2026/02/01;118;11;E0002982;;
E0002984;U000028;I0118;shop;purchase;2026/02/01;311;12;E0002983;268.81;1
E0002985;U000028;I0169;shop;view;2026/02/01;177;6;;;
E0002986;U000028;I0027;home;view;2026/02/03;441;1;;;
E0002987;U000028;I0231;home;view;2026/02/03;553;6;;;
E0002988;U000028;I0101;rewards;view;2025/12/29;580;12;;;
E0002989;U000028;I0101;rewards;redeem_reward;2025/12/29;199;3;E0002988;;
E0002990;U000028;I0137;shop;view;2026/01/24;444;3;;;
E0002991;U000028;I0137;shop;add_to_cart;2026/01/24;559;6;E0002990;;
E0002992;U000028;I0137;shop;purchase;2026/01/24;556;6;E0002991;260.00;1
E0002993;U000028;I0182;shop;view;2026/01/24;549;9;;;
E0002994;U000028;I0182;shop;add_to_cart;2026/01/24;550;1;E0002993;;
E0002995;U000028;I0182;shop;purchase;2026/01/24;37;4;E0002994;50.68;1
E0002996;U000028;I0146;rewards;view;2025/10/22;258;1;;;
E0002997;U000028;I0146;rewards;redeem_reward;2025/10/22;219;4;E0002996;;
E0002998;U000028;I0108;shop;view;2026/03/11;325;8;;;
E0002999;U000029;I0104;shop;view;2026/01/18;278;3;;;
E0003000;U000029;I0104;shop;add_to_cart;2026/01/18;194;5;E0002999;;
E0003001;U000029;I0104;shop;purchase;2026/01/18;18;12;E0003000;57.49;1
E0003002;U000029;I0103;shop;view;2025/12/10;563;1;;;
E0003003;U000029;I0159;rewards;view;2025/12/10;290;11;;;
E0003004;U000029;I0159;rewards;add_to_cart;2025/12/10;469;11;E0003003;;
E0003005;U000029;I0143;shop;view;2025/12/30;103;6;;;
E0003006;U000029;I0024;shop;view;2026/03/12;300;9;;;
E0003007;U000029;I0024;shop;wishlist;2026/03/12;12;12;E0003006;;
E0003008;U000029;I0099;shop;view;2026/03/12;69;5;;;
E0003009;U000029;I0026;home;view;2026/03/25;403;11;;;
E0003010;U000029;I0100;rewards;view;2025/10/03;130;8;;;
E0003011;U000029;I0100;rewards;redeem_reward;2025/10/03;275;9;E0003010;;
E0003012;U000029;I0181;shop;view;2025/10/03;406;9;;;
E0003013;U000029;I0189;shop;view;2026/01/26;362;7;;;
E0003014;U000029;I0189;shop;add_to_cart;2026/01/26;483;3;E0003013;;
E0003015;U000029;I0189;shop;purchase;2026/01/26;415;4;E0003014;293.35;1
E0003016;U000029;I0145;shop;view;2026/03/18;254;3;;;
E0003017;U000029;I0175;shop;view;2026/03/18;444;4;;;
E0003018;U000029;I0027;rewards;view;2026/02/18;507;8;;;
E0003019;U000029;I0027;rewards;wishlist;2026/02/18;465;2;E0003018;;
E0003020;U000029;I0027;rewards;redeem_reward;2026/02/18;27;7;E0003019;;
E0003021;U000029;I0131;rewards;view;2025/12/07;46;12;;;
E0003022;U000029;I0131;rewards;add_to_cart;2025/12/07;332;5;E0003021;;
E0003023;U000029;I0103;shop;view;2025/12/10;114;4;;;
E0003024;U000029;I0103;shop;add_to_cart;2025/12/10;391;6;E0003023;;
E0003025;U000029;I0027;shop;view;2026/02/26;295;12;;;
E0003026;U000029;I0003;shop;view;2026/02/26;237;3;;;
E0003027;U000029;I0122;rewards;view;2026/03/22;83;6;;;
E0003028;U000029;I0122;rewards;redeem_reward;2026/03/22;334;5;E0003027;;
E0003029;U000029;I0160;rewards;view;2026/03/22;493;4;;;
E0003030;U000029;I0160;rewards;redeem_reward;2026/03/22;120;9;E0003029;;
E0003031;U000029;I0111;rewards;view;2025/10/24;538;9;;;
E0003032;U000029;I0111;rewards;add_to_cart;2025/10/24;483;4;E0003031;;
E0003033;U000029;I0111;rewards;purchase;2025/10/24;340;10;E0003032;120.74;1
E0003034;U000029;I0156;shop;view;2025/10/24;193;4;;;
E0003035;U000029;I0123;shop;view;2026/01/31;293;12;;;
E0003036;U000029;I0164;shop;view;2026/01/31;440;10;;;
E0003037;U000029;I0021;home;view;2026/02/21;192;6;;;
E0003038;U000029;I0021;home;add_to_cart;2026/02/21;78;7;E0003037;;
E0003039;U000029;I0021;home;purchase;2026/02/21;566;1;E0003038;113.49;1
E0003040;U000029;I0010;shop;view;2026/02/21;539;1;;;
E0003041;U000029;I0010;shop;add_to_cart;2026/02/21;153;4;E0003040;;
E0003042;U000029;I0010;shop;purchase;2026/02/21;211;3;E0003041;29.77;1
E0003043;U000029;I0113;shop;view;2025/10/17;279;5;;;
E0003044;U000029;I0105;shop;view;2025/12/09;138;7;;;
E0003045;U000029;I0157;shop;view;2025/12/09;361;8;;;
E0003046;U000029;I0056;shop;view;2026/01/22;346;2;;;
E0003047;U000029;I0092;rewards;view;2026/01/22;592;7;;;
E0003048;U000029;I0092;rewards;redeem_reward;2026/01/22;319;1;E0003047;;
E0003049;U000029;I0022;shop;view;2026/02/25;561;4;;;
E0003050;U000029;I0230;shop;view;2026/02/25;390;3;;;
E0003051;U000029;I0230;shop;add_to_cart;2026/02/25;569;3;E0003050;;
E0003052;U000029;I0019;rewards;view;2026/02/10;262;11;;;
E0003053;U000029;I0000;shop;view;2026/02/10;361;5;;;
E0003054;U000029;I0108;home;view;2025/10/15;538;10;;;
E0003055;U000029;I0064;shop;view;2025/10/06;503;6;;;
E0003056;U000029;I0113;shop;view;2025/11/07;201;5;;;
E0003057;U000029;I0113;shop;add_to_cart;2025/11/07;257;2;E0003056;;
E0003058;U000029;I0169;shop;view;2025/11/07;467;7;;;
E0003059;U000029;I0169;shop;add_to_cart;2025/11/07;514;5;E0003058;;
E0003060;U000029;I0124;shop;view;2026/03/03;300;10;;;
E0003061;U000029;I0124;shop;add_to_cart;2026/03/03;364;8;E0003060;;
E0003062;U000029;I0124;shop;purchase;2026/03/03;322;5;E0003061;180.45;1
E0003063;U000029;I0113;shop;view;2026/03/03;374;5;;;
E0003064;U000029;I0056;shop;view;2025/11/02;402;10;;;
E0003065;U000029;I0097;shop;view;2025/11/02;452;5;;;
E0003066;U000029;I0097;shop;add_to_cart;2025/11/02;536;4;E0003065;;
E0003067;U000029;I0123;home;view;2026/03/14;229;11;;;
E0003068;U000029;I0020;home;view;2026/02/27;374;5;;;
E0003069;U000029;I0099;shop;view;2026/02/27;594;7;;;
E0003070;U000029;I0184;shop;view;2026/02/10;42;10;;;
E0003071;U000029;I0184;shop;wishlist;2026/02/10;293;4;E0003070;;
E0003072;U000029;I0055;shop;view;2026/02/18;542;2;;;
E0003073;U000029;I0092;shop;view;2026/02/18;18;7;;;
E0003074;U000029;I0092;shop;add_to_cart;2026/02/18;219;12;E0003073;;
E0003075;U000029;I0113;rewards;view;2025/12/27;493;1;;;
E0003076;U000029;I0113;rewards;redeem_reward;2025/12/27;167;8;E0003075;;
E0003077;U000029;I0126;shop;view;2026/03/10;275;5;;;
E0003078;U000029;I0126;shop;add_to_cart;2026/03/10;508;1;E0003077;;
E0003079;U000029;I0126;shop;purchase;2026/03/10;160;3;E0003078;950.00;1
E0003080;U000029;I0069;shop;view;2025/11/23;545;10;;;
E0003081;U000029;I0108;shop;view;2026/03/08;244;10;;;
E0003082;U000029;I0153;shop;view;2026/03/08;28;9;;;
E0003083;U000029;I0153;shop;add_to_cart;2026/03/08;479;6;E0003082;;
E0003084;U000029;I0153;shop;purchase;2026/03/08;357;8;E0003083;24.70;1
E0003085;U000029;I0147;shop;view;2025/12/07;329;5;;;
E0003086;U000029;I0147;shop;add_to_cart;2025/12/07;320;3;E0003085;;
E0003087;U000030;I0016;shop;view;2026/03/28;547;4;;;
E0003088;U000030;I0059;home;view;2026/01/08;54;6;;;
E0003089;U000030;I0059;home;add_to_cart;2026/01/08;312;8;E0003088;;
E0003090;U000030;I0092;shop;view;2026/01/08;244;7;;;
E0003091;U000030;I0139;rewards;view;2025/12/28;347;2;;;
E0003092;U000030;I0178;shop;view;2025/12/28;99;1;;;
E0003093;U000030;I0192;shop;view;2026/01/14;578;5;;;
E0003094;U000030;I0057;rewards;view;2025/11/14;182;12;;;
E0003095;U000030;I0057;rewards;wishlist;2025/11/14;51;9;E0003094;;
E0003096;U000030;I0027;shop;view;2025/10/13;147;4;;;
E0003097;U000030;I0027;shop;add_to_cart;2025/10/13;350;4;E0003096;;
E0003098;U000030;I0027;shop;purchase;2025/10/13;56;5;E0003097;182.38;1
E0003099;U000030;I0090;shop;view;2025/10/13;516;6;;;
E0003100;U000030;I0142;shop;view;2026/03/29;541;6;;;
E0003101;U000030;I0142;shop;wishlist;2026/03/29;342;12;E0003100;;
E0003102;U000030;I0181;rewards;view;2026/03/29;562;8;;;
E0003103;U000030;I0181;rewards;redeem_reward;2026/03/29;382;6;E0003102;;
E0003104;U000030;I0071;shop;view;2026/01/19;342;12;;;
E0003105;U000030;I0221;rewards;view;2026/01/19;381;9;;;
E0003106;U000030;I0017;shop;view;2026/02/16;466;2;;;
E0003107;U000030;I0233;home;view;2026/02/16;275;11;;;
E0003108;U000030;I0016;shop;view;2026/02/15;510;3;;;
E0003109;U000030;I0016;shop;add_to_cart;2026/02/15;595;10;E0003108;;
E0003110;U000030;I0016;shop;purchase;2026/02/15;471;8;E0003109;85.70;1
E0003111;U000030;I0098;shop;view;2026/02/15;196;3;;;
E0003112;U000030;I0067;rewards;view;2026/01/28;6;8;;;
E0003113;U000030;I0067;rewards;redeem_reward;2026/01/28;577;10;E0003112;;
E0003114;U000030;I0015;home;view;2026/01/28;441;11;;;
E0003115;U000030;I0022;shop;view;2026/03/18;544;6;;;
E0003116;U000030;I0059;home;view;2025/11/17;7;9;;;
E0003117;U000030;I0021;shop;view;2025/12/11;158;9;;;
E0003118;U000030;I0098;rewards;view;2025/12/11;460;10;;;
E0003119;U000030;I0026;rewards;view;2025/11/20;119;10;;;
E0003120;U000030;I0026;rewards;add_to_cart;2025/11/20;310;12;E0003119;;
E0003121;U000030;I0020;shop;view;2025/10/27;172;9;;;
E0003122;U000030;I0027;shop;view;2025/12/23;83;9;;;
E0003123;U000030;I0027;shop;wishlist;2025/12/23;226;12;E0003122;;
E0003124;U000030;I0096;home;view;2025/12/23;126;3;;;
E0003125;U000030;I0096;home;add_to_cart;2025/12/23;500;7;E0003124;;
E0003126;U000030;I0096;home;purchase;2025/12/23;303;1;E0003125;9.04;1
E0003127;U000030;I0191;home;view;2025/12/04;298;3;;;
E0003128;U000030;I0031;shop;view;2025/12/04;416;3;;;
E0003129;U000030;I0031;shop;add_to_cart;2025/12/04;216;5;E0003128;;
E0003130;U000030;I0024;shop;view;2025/11/02;555;1;;;
E0003131;U000030;I0109;shop;view;2025/10/31;560;7;;;
E0003132;U000030;I0156;shop;view;2025/10/31;81;6;;;
E0003133;U000030;I0156;shop;wishlist;2025/10/31;115;3;E0003132;;
E0003134;U000030;I0120;shop;view;2025/10/06;391;9;;;
E0003135;U000030;I0120;shop;add_to_cart;2025/10/06;196;8;E0003134;;
E0003136;U000030;I0170;home;view;2025/10/06;301;11;;;
E0003137;U000030;I0106;home;view;2025/10/07;373;9;;;
E0003138;U000030;I0102;shop;view;2026/02/08;187;7;;;
E0003139;U000030;I0055;shop;view;2026/03/04;80;6;;;
E0003140;U000030;I0092;shop;view;2026/03/04;249;5;;;
E0003141;U000030;I0145;shop;view;2026/01/21;99;9;;;
E0003142;U000030;I0145;shop;add_to_cart;2026/01/21;154;7;E0003141;;
E0003143;U000030;I0145;shop;purchase;2026/01/21;520;11;E0003142;175.32;1
E0003144;U000030;I0182;shop;view;2026/01/21;37;6;;;
E0003145;U000030;I0072;rewards;view;2025/10/19;339;7;;;
E0003146;U000030;I0072;rewards;add_to_cart;2025/10/19;168;1;E0003145;;
E0003147;U000030;I0072;rewards;purchase;2025/10/19;560;5;E0003146;796.22;1
E0003148;U000030;I0003;home;view;2025/10/19;526;2;;;
E0003149;U000031;I0067;shop;view;2025/11/07;364;1;;;
E0003150;U000031;I0067;shop;add_to_cart;2025/11/07;317;3;E0003149;;
E0003151;U000031;I0011;shop;view;2025/11/07;348;1;;;
E0003152;U000031;I0135;shop;view;2026/01/17;347;7;;;
E0003153;U000031;I0110;shop;view;2025/10/01;262;11;;;
E0003154;U000031;I0110;shop;add_to_cart;2025/10/01;400;9;E0003153;;
E0003155;U000031;I0120;shop;view;2026/01/16;171;1;;;
E0003156;U000031;I0169;shop;view;2026/01/16;111;10;;;
E0003157;U000031;I0111;shop;view;2026/01/21;451;6;;;
E0003158;U000031;I0111;shop;add_to_cart;2026/01/21;120;12;E0003157;;
E0003159;U000031;I0111;shop;purchase;2026/01/21;550;8;E0003158;120.74;1
E0003160;U000031;I0153;shop;view;2026/01/21;419;9;;;
E0003161;U000031;I0153;shop;add_to_cart;2026/01/21;545;12;E0003160;;
E0003162;U000031;I0061;home;view;2026/01/08;366;6;;;
E0003163;U000031;I0099;home;view;2026/01/08;182;4;;;
E0003164;U000031;I0074;home;view;2026/03/04;176;10;;;
E0003165;U000031;I0027;shop;view;2026/02/15;501;10;;;
E0003166;U000031;I0027;shop;add_to_cart;2026/02/15;374;9;E0003165;;
E0003167;U000031;I0027;shop;purchase;2026/02/15;220;6;E0003166;182.38;1
E0003168;U000031;I0230;rewards;view;2026/02/15;297;12;;;
E0003169;U000031;I0230;rewards;add_to_cart;2026/02/15;534;9;E0003168;;
E0003170;U000031;I0230;rewards;purchase;2026/02/15;547;11;E0003169;3.41;1
E0003171;U000031;I0058;rewards;view;2026/03/12;581;2;;;
E0003172;U000031;I0058;rewards;add_to_cart;2026/03/12;227;7;E0003171;;
E0003173;U000031;I0058;rewards;purchase;2026/03/12;460;9;E0003172;1083.03;1
E0003174;U000031;I0110;shop;view;2026/03/15;338;2;;;
E0003175;U000031;I0026;shop;view;2026/03/16;479;7;;;
E0003176;U000031;I0026;shop;add_to_cart;2026/03/16;473;12;E0003175;;
E0003177;U000031;I0026;shop;purchase;2026/03/16;85;9;E0003176;186.86;1
E0003178;U000031;I0027;home;view;2026/03/13;369;7;;;
E0003179;U000031;I0027;rewards;view;2026/02/28;487;7;;;
E0003180;U000031;I0000;home;view;2026/02/28;516;2;;;
E0003181;U000031;I0141;home;view;2025/11/10;525;11;;;
E0003182;U000031;I0065;shop;view;2026/03/07;522;9;;;
E0003183;U000031;I0065;shop;add_to_cart;2026/03/07;260;4;E0003182;;
E0003184;U000031;I0065;shop;purchase;2026/03/07;534;11;E0003183;1079.31;1
E0003185;U000031;I0075;shop;view;2025/12/12;128;9;;;
E0003186;U000031;I0056;shop;view;2025/11/07;21;1;;;
E0003187;U000031;I0025;home;view;2026/01/11;45;5;;;
E0003188;U000031;I0231;shop;view;2026/01/11;163;3;;;
E0003189;U000031;I0019;shop;view;2025/10/06;579;10;;;
E0003190;U000031;I0089;home;view;2025/10/06;384;6;;;
E0003191;U000031;I0089;home;add_to_cart;2025/10/06;138;5;E0003190;;
E0003192;U000031;I0130;rewards;view;2026/03/14;535;5;;;
E0003193;U000031;I0130;rewards;add_to_cart;2026/03/14;389;8;E0003192;;
E0003194;U000031;I0130;rewards;purchase;2026/03/14;581;6;E0003193;667.10;1
E0003195;U000031;I0113;shop;view;2026/03/14;70;12;;;
E0003196;U000031;I0137;shop;view;2026/03/11;280;6;;;
E0003197;U000031;I0137;shop;add_to_cart;2026/03/11;593;6;E0003196;;
E0003198;U000031;I0137;shop;purchase;2026/03/11;442;6;E0003197;260.00;1
E0003199;U000031;I0191;shop;view;2025/11/26;279;6;;;
E0003200;U000031;I0191;shop;wishlist;2025/11/26;244;1;E0003199;;
E0003201;U000031;I0071;shop;view;2026/03/26;410;8;;;
E0003202;U000031;I0056;rewards;view;2025/11/17;366;1;;;
E0003203;U000031;I0096;shop;view;2025/11/17;487;6;;;
E0003204;U000031;I0096;shop;add_to_cart;2025/11/17;518;10;E0003203;;
E0003205;U000031;I0096;shop;purchase;2025/11/17;592;8;E0003204;9.04;1
E0003206;U000031;I0070;rewards;view;2025/11/22;54;9;;;
E0003207;U000031;I0070;rewards;add_to_cart;2025/11/22;196;3;E0003206;;
E0003208;U000031;I0220;shop;view;2025/11/22;510;2;;;
E0003209;U000031;I0115;shop;view;2025/12/12;289;12;;;
E0003210;U000031;I0163;shop;view;2025/12/12;578;8;;;
E0003211;U000031;I0144;shop;view;2025/11/24;143;9;;;
E0003212;U000031;I0144;shop;add_to_cart;2025/11/24;188;9;E0003211;;
E0003213;U000031;I0181;home;view;2025/11/24;462;5;;;
E0003214;U000031;I0108;home;view;2025/11/13;314;5;;;
E0003215;U000031;I0174;shop;view;2025/11/13;136;12;;;
E0003216;U000031;I0121;shop;view;2026/03/11;265;10;;;
E0003217;U000031;I0160;shop;view;2026/03/11;23;11;;;
E0003218;U000031;I0018;home;view;2026/03/29;379;7;;;
E0003219;U000031;I0233;shop;view;2026/03/29;517;1;;;
E0003220;U000031;I0110;shop;view;2026/03/31;94;9;;;
E0003221;U000031;I0110;shop;add_to_cart;2026/03/31;439;4;E0003220;;
E0003222;U000031;I0110;shop;purchase;2026/03/31;500;3;E0003221;333.17;1
E0003223;U000031;I0182;rewards;view;2026/03/31;425;3;;;
E0003224;U000031;I0182;rewards;redeem_reward;2026/03/31;448;6;E0003223;;
E0003225;U000031;I0058;shop;view;2026/03/23;410;5;;;
E0003226;U000031;I0058;shop;add_to_cart;2026/03/23;152;4;E0003225;;
E0003227;U000031;I0058;shop;purchase;2026/03/23;300;7;E0003226;1083.03;1
E0003228;U000031;I0121;shop;view;2026/01/13;296;4;;;
E0003229;U000031;I0160;shop;view;2026/01/13;386;3;;;
E0003230;U000031;I0023;shop;view;2025/10/24;358;4;;;
E0003231;U000031;I0232;rewards;view;2025/10/24;129;10;;;
E0003232;U000031;I0232;rewards;add_to_cart;2025/10/24;264;3;E0003231;;
E0003233;U000031;I0232;rewards;purchase;2025/10/24;425;7;E0003232;3.51;1
E0003234;U000031;I0232;rewards;redeem_reward;2025/10/24;578;6;E0003233;;
E0003235;U000031;I0107;shop;view;2026/01/19;414;7;;;
E0003236;U000031;I0107;shop;add_to_cart;2026/01/19;452;5;E0003235;;
E0003237;U000031;I0107;shop;purchase;2026/01/19;174;11;E0003236;225.08;1
E0003238;U000031;I0174;shop;view;2026/01/19;283;1;;;
E0003239;U000031;I0075;shop;view;2026/03/24;32;11;;;
E0003240;U000031;I0020;shop;view;2026/03/26;97;12;;;
E0003241;U000031;I0020;shop;add_to_cart;2026/03/26;182;2;E0003240;;
E0003242;U000031;I0020;shop;purchase;2026/03/26;213;2;E0003241;346.14;1
E0003243;U000031;I0109;shop;view;2025/11/22;447;5;;;
E0003244;U000031;I0101;home;view;2025/11/07;77;10;;;
E0003245;U000031;I0154;shop;view;2025/11/07;595;7;;;
E0003246;U000032;I0140;shop;view;2025/11/24;92;3;;;
E0003247;U000032;I0140;shop;add_to_cart;2025/11/24;478;6;E0003246;;
E0003248;U000032;I0140;shop;purchase;2025/11/24;446;4;E0003247;72.79;1
E0003249;U000032;I0025;shop;view;2025/10/13;599;4;;;
E0003250;U000032;I0101;shop;view;2025/12/30;303;8;;;
E0003251;U000032;I0183;shop;view;2025/12/30;125;6;;;
E0003252;U000032;I0054;shop;view;2026/02/07;146;3;;;
E0003253;U000032;I0069;shop;view;2026/01/07;488;2;;;
E0003254;U000032;I0069;shop;add_to_cart;2026/01/07;204;3;E0003253;;
E0003255;U000032;I0069;shop;purchase;2026/01/07;541;10;E0003254;524.01;1
E0003256;U000032;I0071;shop;view;2026/01/03;122;9;;;
E0003257;U000032;I0017;shop;view;2026/01/12;10;12;;;
E0003258;U000032;I0017;shop;add_to_cart;2026/01/12;195;4;E0003257;;
E0003259;U000032;I0017;shop;purchase;2026/01/12;394;4;E0003258;303.28;1
E0003260;U000032;I0088;home;view;2026/01/12;211;9;;;
E0003261;U000032;I0088;home;add_to_cart;2026/01/12;350;5;E0003260;;
E0003262;U000032;I0088;home;purchase;2026/01/12;51;3;E0003261;11.71;1
E0003263;U000032;I0114;shop;view;2025/12/28;215;10;;;
E0003264;U000032;I0114;shop;add_to_cart;2025/12/28;423;1;E0003263;;
E0003265;U000032;I0114;shop;purchase;2025/12/28;127;8;E0003264;32.45;1
E0003266;U000032;I0161;home;view;2025/12/28;532;1;;;
E0003267;U000032;I0066;shop;view;2025/11/17;568;4;;;
E0003268;U000032;I0024;home;view;2026/02/05;72;7;;;
E0003269;U000032;I0007;shop;view;2026/02/05;470;4;;;
E0003270;U000032;I0141;shop;view;2025/12/14;468;3;;;
E0003271;U000032;I0181;rewards;view;2025/12/14;497;5;;;
E0003272;U000032;I0181;rewards;add_to_cart;2025/12/14;293;9;E0003271;;
E0003273;U000032;I0181;rewards;purchase;2025/12/14;499;5;E0003272;17.34;1
E0003274;U000032;I0058;home;view;2025/11/15;356;9;;;
E0003275;U000032;I0088;shop;view;2025/11/15;477;12;;;
E0003276;U000032;I0088;shop;add_to_cart;2025/11/15;372;1;E0003275;;
E0003277;U000032;I0066;shop;view;2026/03/25;572;2;;;
E0003278;U000032;I0106;shop;view;2026/03/11;268;11;;;
E0003279;U000032;I0156;shop;view;2026/03/11;428;1;;;
E0003280;U000032;I0026;rewards;view;2025/11/08;240;11;;;
E0003281;U000032;I0026;rewards;add_to_cart;2025/11/08;144;8;E0003280;;
E0003282;U000032;I0026;rewards;purchase;2025/11/08;182;7;E0003281;186.86;1
E0003283;U000032;I0026;rewards;redeem_reward;2025/11/08;574;4;E0003282;;
E0003284;U000032;I0233;shop;view;2025/11/08;398;8;;;
E0003285;U000032;I0125;shop;view;2026/01/22;102;6;;;
E0003286;U000032;I0114;shop;view;2026/03/23;21;6;;;
E0003287;U000032;I0112;rewards;view;2025/11/19;568;6;;;
E0003288;U000032;I0023;shop;view;2025/10/01;254;6;;;
E0003289;U000032;I0097;shop;view;2025/10/01;87;8;;;
E0003290;U000032;I0097;shop;add_to_cart;2025/10/01;301;2;E0003289;;
E0003291;U000032;I0097;shop;purchase;2025/10/01;365;3;E0003290;9.23;1
E0003292;U000032;I0192;shop;view;2026/02/10;25;9;;;
E0003293;U000032;I0192;shop;wishlist;2026/02/10;54;2;E0003292;;
E0003294;U000032;I0121;home;view;2025/10/17;48;8;;;
E0003295;U000032;I0170;home;view;2025/10/17;133;4;;;
E0003296;U000032;I0170;home;add_to_cart;2025/10/17;253;6;E0003295;;
E0003297;U000032;I0170;home;purchase;2025/10/17;32;9;E0003296;28.28;1
E0003298;U000032;I0145;home;view;2026/01/19;126;6;;;
E0003299;U000032;I0145;home;wishlist;2026/01/19;32;7;E0003298;;
E0003300;U000032;I0133;rewards;view;2025/12/24;447;11;;;
E0003301;U000032;I0133;rewards;add_to_cart;2025/12/24;565;12;E0003300;;
E0003302;U000032;I0133;rewards;purchase;2025/12/24;236;3;E0003301;212.45;1
E0003303;U000032;I0133;rewards;redeem_reward;2025/12/24;294;2;E0003302;;
E0003304;U000032;I0027;rewards;view;2025/11/17;441;8;;;
E0003305;U000032;I0001;shop;view;2025/11/17;552;3;;;
E0003306;U000032;I0001;shop;wishlist;2025/11/17;385;2;E0003305;;
E0003307;U000032;I0020;shop;view;2026/01/18;378;9;;;
E0003308;U000033;I0147;shop;view;2025/11/05;58;8;;;
E0003309;U000033;I0182;rewards;view;2025/11/05;79;9;;;
E0003310;U000033;I0182;rewards;wishlist;2025/11/05;339;11;E0003309;;
E0003311;U000033;I0024;home;view;2026/01/06;80;1;;;
E0003312;U000033;I0024;home;add_to_cart;2026/01/06;444;6;E0003311;;
E0003313;U000033;I0234;shop;view;2026/01/06;18;6;;;
E0003314;U000033;I0147;shop;view;2026/01/19;372;12;;;
E0003315;U000033;I0147;shop;wishlist;2026/01/19;113;11;E0003314;;
E0003316;U000033;I0074;shop;view;2025/10/29;576;3;;;
E0003317;U000033;I0018;rewards;view;2025/11/09;329;9;;;
E0003318;U000033;I0018;rewards;add_to_cart;2025/11/09;131;11;E0003317;;
E0003319;U000033;I0018;rewards;purchase;2025/11/09;194;11;E0003318;522.28;1
E0003320;U000033;I0095;shop;view;2025/11/09;578;1;;;
E0003321;U000033;I0095;shop;add_to_cart;2025/11/09;355;5;E0003320;;
E0003322;U000033;I0095;shop;purchase;2025/11/09;78;12;E0003321;21.38;1
E0003323;U000033;I0020;shop;view;2026/03/05;28;6;;;
E0003324;U000033;I0107;shop;view;2026/03/30;560;1;;;
E0003325;U000033;I0107;shop;add_to_cart;2026/03/30;41;4;E0003324;;
E0003326;U000033;I0180;shop;view;2026/03/30;99;6;;;
E0003327;U000033;I0180;shop;add_to_cart;2026/03/30;418;5;E0003326;;
E0003328;U000033;I0180;shop;purchase;2026/03/30;595;3;E0003327;13.62;1
E0003329;U000033;I0060;home;view;2026/03/14;293;11;;;
E0003330;U000033;I0060;home;add_to_cart;2026/03/14;307;6;E0003329;;
E0003331;U000033;I0093;shop;view;2026/03/14;410;8;;;
E0003332;U000033;I0025;shop;view;2025/11/06;303;3;;;
E0003333;U000033;I0095;shop;view;2025/11/06;398;9;;;
E0003334;U000033;I0110;shop;view;2025/10/30;77;10;;;
E0003335;U000033;I0110;shop;add_to_cart;2025/10/30;288;11;E0003334;;
E0003336;U000033;I0110;shop;purchase;2025/10/30;453;2;E0003335;333.17;1
E0003337;U000033;I0110;shop;wishlist;2025/10/30;439;11;E0003336;;
E0003338;U000033;I0067;shop;view;2025/10/16;104;1;;;
E0003339;U000033;I0013;shop;view;2025/10/16;592;9;;;
E0003340;U000033;I0013;shop;add_to_cart;2025/10/16;264;2;E0003339;;
E0003341;U000033;I0053;shop;view;2026/03/14;495;3;;;
E0003342;U000033;I0053;shop;add_to_cart;2026/03/14;513;1;E0003341;;
E0003343;U000033;I0053;shop;purchase;2026/03/14;509;10;E0003342;1280.00;1
E0003344;U000033;I0093;rewards;view;2026/03/14;518;3;;;
E0003345;U000033;I0093;rewards;add_to_cart;2026/03/14;92;8;E0003344;;
E0003346;U000033;I0093;rewards;purchase;2026/03/14;585;8;E0003345;14.24;1
E0003347;U000033;I0025;home;view;2025/12/20;298;4;;;
E0003348;U000033;I0096;rewards;view;2025/12/20;518;11;;;
E0003349;U000033;I0096;rewards;wishlist;2025/12/20;41;4;E0003348;;
E0003350;U000033;I0096;rewards;redeem_reward;2025/12/20;427;4;E0003349;;
E0003351;U000033;I0065;shop;view;2026/02/03;25;11;;;
E0003352;U000033;I0000;shop;view;2026/02/03;341;5;;;
E0003353;U000033;I0000;shop;add_to_cart;2026/02/03;132;6;E0003352;;
E0003354;U000033;I0000;shop;purchase;2026/02/03;116;10;E0003353;91.80;1
E0003355;U000033;I0027;shop;view;2025/12/19;549;11;;;
E0003356;U000033;I0027;shop;add_to_cart;2025/12/19;276;11;E0003355;;
E0003357;U000033;I0231;shop;view;2025/12/19;136;5;;;
E0003358;U000033;I0231;shop;add_to_cart;2025/12/19;575;11;E0003357;;
E0003359;U000033;I0231;shop;purchase;2025/12/19;348;6;E0003358;15.03;1
E0003360;U000033;I0056;home;view;2025/10/22;301;10;;;
E0003361;U000033;I0092;shop;view;2025/10/22;596;5;;;
E0003362;U000033;I0185;rewards;view;2025/11/15;303;8;;;
E0003363;U000033;I0185;rewards;add_to_cart;2025/11/15;380;1;E0003362;;
E0003364;U000033;I0185;rewards;redeem_reward;2025/11/15;338;2;E0003363;;
E0003365;U000033;I0145;home;view;2026/03/18;356;5;;;
E0003366;U000033;I0119;shop;view;2025/11/07;442;7;;;
E0003367;U000033;I0160;shop;view;2025/11/07;138;10;;;
E0003368;U000033;I0016;home;view;2026/03/05;572;11;;;
E0003369;U000033;I0193;shop;view;2025/12/27;346;2;;;
E0003370;U000033;I0124;rewards;view;2025/11/30;45;9;;;
E0003371;U000033;I0122;rewards;view;2025/11/30;202;12;;;
E0003372;U000033;I0122;rewards;add_to_cart;2025/11/30;468;1;E0003371;;
E0003373;U000033;I0122;rewards;purchase;2025/11/30;136;3;E0003372;211.34;1
E0003374;U000033;I0195;rewards;view;2025/12/18;34;2;;;
E0003375;U000033;I0033;shop;view;2025/12/18;421;9;;;
E0003376;U000033;I0134;home;view;2026/02/28;521;10;;;
E0003377;U000033;I0106;shop;view;2026/03/22;490;2;;;
E0003378;U000033;I0106;shop;wishlist;2026/03/22;415;2;E0003377;;
E0003379;U000033;I0018;home;view;2026/01/09;287;6;;;
E0003380;U000033;I0002;shop;view;2026/01/09;78;9;;;
E0003381;U000033;I0129;rewards;view;2026/03/20;490;8;;;
E0003382;U000033;I0129;rewards;add_to_cart;2026/03/20;202;5;E0003381;;
E0003383;U000033;I0119;shop;view;2026/03/20;457;11;;;
E0003384;U000033;I0119;shop;add_to_cart;2026/03/20;474;1;E0003383;;
E0003385;U000033;I0119;shop;purchase;2026/03/20;443;4;E0003384;371.94;1
E0003386;U000033;I0144;home;view;2025/10/10;262;1;;;
E0003387;U000033;I0144;home;add_to_cart;2025/10/10;6;11;E0003386;;
E0003388;U000033;I0144;home;purchase;2025/10/10;28;8;E0003387;49.82;1
E0003389;U000033;I0026;shop;view;2025/10/30;101;5;;;
E0003390;U000034;I0190;shop;view;2025/12/13;585;1;;;
E0003391;U000034;I0190;shop;add_to_cart;2025/12/13;28;4;E0003390;;
E0003392;U000034;I0035;shop;view;2025/12/13;226;7;;;
E0003393;U000034;I0106;home;view;2025/10/22;536;8;;;
E0003394;U000034;I0174;home;view;2025/10/22;80;9;;;
E0003395;U000034;I0027;rewards;view;2026/03/27;258;12;;;
E0003396;U000034;I0002;shop;view;2026/03/27;232;9;;;
E0003397;U000034;I0066;shop;view;2025/11/02;230;1;;;
E0003398;U000034;I0066;shop;add_to_cart;2025/11/02;402;5;E0003397;;
E0003399;U000034;I0066;shop;purchase;2025/11/02;478;8;E0003398;1190.00;1
E0003400;U000034;I0066;shop;wishlist;2025/11/02;287;2;E0003399;;
E0003401;U000034;I0222;shop;view;2025/11/02;381;3;;;
E0003402;U000034;I0222;shop;add_to_cart;2025/11/02;404;1;E0003401;;
E0003403;U000034;I0222;shop;purchase;2025/11/02;429;5;E0003402;7.50;1
E0003404;U000034;I0191;rewards;view;2026/01/30;585;10;;;
E0003405;U000034;I0191;rewards;add_to_cart;2026/01/30;555;2;E0003404;;
E0003406;U000034;I0191;rewards;purchase;2026/01/30;235;9;E0003405;146.04;1
E0003407;U000034;I0186;shop;view;2025/12/15;553;5;;;
E0003408;U000034;I0022;shop;view;2026/03/06;353;10;;;
E0003409;U000034;I0132;home;view;2025/11/09;111;6;;;
E0003410;U000034;I0132;home;add_to_cart;2025/11/09;486;7;E0003409;;
E0003411;U000034;I0132;home;purchase;2025/11/09;494;9;E0003410;950.00;1
E0003412;U000034;I0115;home;view;2025/11/09;533;2;;;
E0003413;U000034;I0115;home;wishlist;2025/11/09;558;11;E0003412;;
E0003414;U000034;I0195;shop;view;2026/03/21;511;11;;;
E0003415;U000034;I0106;shop;view;2025/10/30;513;11;;;
E0003416;U000034;I0183;shop;view;2025/10/30;376;3;;;
E0003417;U000034;I0183;shop;add_to_cart;2025/10/30;571;1;E0003416;;
E0003418;U000034;I0018;home;view;2025/12/12;331;12;;;
E0003419;U000034;I0018;home;add_to_cart;2025/12/12;188;2;E0003418;;
E0003420;U000034;I0017;shop;view;2025/12/14;410;3;;;
E0003421;U000034;I0017;shop;add_to_cart;2025/12/14;353;10;E0003420;;
E0003422;U000034;I0017;shop;purchase;2025/12/14;600;3;E0003421;303.28;1
E0003423;U000034;I0090;shop;view;2025/12/14;337;4;;;
E0003424;U000034;I0090;shop;add_to_cart;2025/12/14;325;8;E0003423;;
E0003425;U000034;I0090;shop;purchase;2025/12/14;330;11;E0003424;39.50;1
E0003426;U000034;I0026;shop;view;2026/01/10;351;2;;;
E0003427;U000034;I0111;shop;view;2025/11/09;29;10;;;
E0003428;U000034;I0134;shop;view;2025/12/22;284;4;;;
E0003429;U000034;I0134;shop;add_to_cart;2025/12/22;306;6;E0003428;;
E0003430;U000034;I0113;home;view;2025/12/22;150;9;;;
E0003431;U000034;I0113;home;add_to_cart;2025/12/22;455;5;E0003430;;
E0003432;U000034;I0130;home;view;2026/03/27;464;6;;;
E0003433;U000034;I0130;home;add_to_cart;2026/03/27;121;11;E0003432;;
E0003434;U000034;I0130;home;purchase;2026/03/27;480;1;E0003433;667.10;1
E0003435;U000034;I0027;home;view;2025/11/17;113;9;;;
E0003436;U000034;I0103;home;view;2026/02/11;307;7;;;
E0003437;U000034;I0172;shop;view;2026/02/11;316;1;;;
E0003438;U000034;I0072;shop;view;2026/03/23;475;4;;;
E0003439;U000034;I0072;shop;add_to_cart;2026/03/23;52;3;E0003438;;
E0003440;U000034;I0072;shop;purchase;2026/03/23;111;10;E0003439;796.22;1
E0003441;U000034;I0221;shop;view;2026/03/23;195;8;;;
E0003442;U000034;I0221;shop;add_to_cart;2026/03/23;522;1;E0003441;;
E0003443;U000034;I0221;shop;purchase;2026/03/23;232;5;E0003442;17.68;1
E0003444;U000034;I0068;shop;view;2026/02/04;299;2;;;
E0003445;U000034;I0109;shop;view;2025/11/03;339;5;;;
E0003446;U000034;I0177;shop;view;2025/11/03;494;6;;;
E0003447;U000034;I0177;shop;add_to_cart;2025/11/03;351;10;E0003446;;
E0003448;U000034;I0177;shop;purchase;2025/11/03;514;3;E0003447;150.00;1
E0003449;U000034;I0137;shop;view;2026/01/07;532;12;;;
E0003450;U000034;I0137;shop;add_to_cart;2026/01/07;206;5;E0003449;;
E0003451;U000034;I0137;shop;wishlist;2026/01/07;518;9;E0003450;;
E0003452;U000034;I0174;rewards;view;2026/01/07;461;11;;;
E0003453;U000034;I0074;shop;view;2026/01/07;566;9;;;
E0003454;U000034;I0004;home;view;2026/01/07;437;1;;;
E0003455;U000034;I0004;home;add_to_cart;2026/01/07;150;5;E0003454;;
E0003456;U000034;I0004;home;purchase;2026/01/07;294;10;E0003455;119.76;1
E0003457;U000034;I0145;shop;view;2026/01/09;156;1;;;
E0003458;U000034;I0145;shop;add_to_cart;2026/01/09;479;11;E0003457;;
E0003459;U000034;I0145;shop;purchase;2026/01/09;204;10;E0003458;175.32;1
E0003460;U000034;I0116;shop;view;2026/01/04;324;4;;;
E0003461;U000034;I0116;shop;add_to_cart;2026/01/04;366;9;E0003460;;
E0003462;U000034;I0116;shop;purchase;2026/01/04;481;6;E0003461;181.63;1
E0003463;U000034;I0145;rewards;view;2026/03/15;461;2;;;
E0003464;U000034;I0145;rewards;wishlist;2026/03/15;448;1;E0003463;;
E0003465;U000034;I0174;shop;view;2026/03/15;446;3;;;
E0003466;U000034;I0110;shop;view;2025/10/16;359;2;;;
E0003467;U000034;I0179;shop;view;2025/10/16;434;2;;;
E0003468;U000034;I0070;shop;view;2025/11/10;23;1;;;
E0003469;U000034;I0070;shop;add_to_cart;2025/11/10;45;7;E0003468;;
E0003470;U000034;I0224;home;view;2025/11/10;285;11;;;
E0003471;U000034;I0224;home;add_to_cart;2025/11/10;246;10;E0003470;;
E0003472;U000034;I0224;home;purchase;2025/11/10;574;4;E0003471;12.78;1
E0003473;U000034;I0057;rewards;view;2026/02/26;451;6;;;
E0003474;U000034;I0091;rewards;view;2026/02/26;306;10;;;
E0003475;U000034;I0091;rewards;wishlist;2026/02/26;414;10;E0003474;;
E0003476;U000034;I0193;shop;view;2025/11/10;114;6;;;
E0003477;U000034;I0193;shop;add_to_cart;2025/11/10;21;2;E0003476;;
E0003478;U000034;I0193;shop;purchase;2025/11/10;361;10;E0003477;19.98;1
E0003479;U000034;I0135;shop;view;2025/11/27;380;9;;;
E0003480;U000034;I0123;rewards;view;2025/11/27;550;2;;;
E0003481;U000034;I0112;shop;view;2025/11/07;194;1;;;
E0003482;U000034;I0187;shop;view;2025/11/05;512;3;;;
E0003483;U000034;I0187;shop;add_to_cart;2025/11/05;551;12;E0003482;;
E0003484;U000034;I0027;shop;view;2026/02/26;284;2;;;
E0003485;U000034;I0027;shop;add_to_cart;2026/02/26;106;7;E0003484;;
E0003486;U000034;I0027;shop;purchase;2026/02/26;446;6;E0003485;182.38;1
E0003487;U000034;I0095;shop;view;2026/02/26;345;4;;;
E0003488;U000034;I0120;shop;view;2026/02/22;174;12;;;
E0003489;U000034;I0160;shop;view;2026/02/22;432;6;;;
E0003490;U000034;I0017;rewards;view;2025/10/05;60;5;;;
E0003491;U000034;I0017;rewards;wishlist;2025/10/05;519;1;E0003490;;
E0003492;U000034;I0017;rewards;redeem_reward;2025/10/05;565;2;E0003491;;
E0003493;U000034;I0231;rewards;view;2025/10/05;42;2;;;
E0003494;U000035;I0105;shop;view;2026/02/11;572;9;;;
E0003495;U000035;I0105;shop;add_to_cart;2026/02/11;543;2;E0003494;;
E0003496;U000035;I0105;shop;purchase;2026/02/11;90;7;E0003495;151.43;1
E0003497;U000035;I0159;shop;view;2026/02/11;545;8;;;
E0003498;U000035;I0023;shop;view;2026/02/28;241;6;;;
E0003499;U000035;I0023;shop;add_to_cart;2026/02/28;445;9;E0003498;;
E0003500;U000035;I0023;shop;purchase;2026/02/28;447;8;E0003499;178.59;1
E0003501;U000035;I0091;home;view;2026/02/28;164;4;;;
E0003502;U000035;I0091;home;add_to_cart;2026/02/28;504;3;E0003501;;
E0003503;U000035;I0091;home;purchase;2026/02/28;588;9;E0003502;30.77;1
E0003504;U000035;I0108;shop;view;2025/10/10;164;12;;;
E0003505;U000035;I0108;shop;add_to_cart;2025/10/10;71;2;E0003504;;
E0003506;U000035;I0108;shop;purchase;2025/10/10;535;7;E0003505;199.46;1
E0003507;U000035;I0127;rewards;view;2026/02/01;311;1;;;
E0003508;U000035;I0127;rewards;wishlist;2026/02/01;231;9;E0003507;;
E0003509;U000035;I0122;home;view;2026/02/01;482;7;;;
E0003510;U000035;I0018;shop;view;2025/10/10;212;10;;;
E0003511;U000035;I0018;shop;add_to_cart;2025/10/10;448;10;E0003510;;
E0003512;U000035;I0013;shop;view;2025/10/10;411;6;;;
E0003513;U000035;I0013;shop;wishlist;2025/10/10;176;7;E0003512;;
E0003514;U000035;I0061;shop;view;2026/03/01;256;2;;;
E0003515;U000035;I0061;shop;add_to_cart;2026/03/01;586;12;E0003514;;
E0003516;U000035;I0061;shop;purchase;2026/03/01;468;12;E0003515;892.75;1
E0003517;U000035;I0095;rewards;view;2026/03/01;225;2;;;
E0003518;U000035;I0095;rewards;redeem_reward;2026/03/01;566;11;E0003517;;
E0003519;U000035;I0144;shop;view;2026/01/08;541;7;;;
E0003520;U000035;I0144;shop;wishlist;2026/01/08;405;10;E0003519;;
E0003521;U000035;I0179;shop;view;2026/01/08;423;10;;;
E0003522;U000035;I0179;shop;wishlist;2026/01/08;224;5;E0003521;;
E0003523;U000035;I0137;shop;view;2025/12/12;298;9;;;
E0003524;U000035;I0137;shop;add_to_cart;2025/12/12;496;2;E0003523;;
E0003525;U000035;I0172;shop;view;2025/12/12;412;3;;;
E0003526;U000035;I0133;home;view;2025/11/03;29;8;;;
E0003527;U000035;I0119;home;view;2025/11/03;469;3;;;
E0003528;U000035;I0143;shop;view;2026/02/01;125;11;;;
E0003529;U000035;I0143;shop;wishlist;2026/02/01;125;9;E0003528;;
E0003530;U000035;I0176;home;view;2026/02/01;474;4;;;
E0003531;U000035;I0176;home;add_to_cart;2026/02/01;391;12;E0003530;;
E0003532;U000035;I0123;home;view;2026/01/31;479;11;;;
E0003533;U000035;I0123;home;add_to_cart;2026/01/31;448;6;E0003532;;
E0003534;U000035;I0026;rewards;view;2025/10/19;153;12;;;
E0003535;U000035;I0230;shop;view;2025/10/19;123;1;;;
E0003536;U000035;I0230;shop;wishlist;2025/10/19;197;9;E0003535;;
E0003537;U000035;I0141;home;view;2025/10/24;233;4;;;
E0003538;U000035;I0141;home;add_to_cart;2025/10/24;421;9;E0003537;;
E0003539;U000035;I0018;home;view;2025/11/19;359;4;;;
E0003540;U000035;I0011;rewards;view;2025/11/19;14;8;;;
E0003541;U000035;I0011;rewards;redeem_reward;2025/11/19;212;2;E0003540;;
E0003542;U000035;I0132;shop;view;2026/01/29;506;7;;;
E0003543;U000035;I0130;shop;view;2026/02/08;541;4;;;
E0003544;U000035;I0115;home;view;2026/02/08;347;4;;;
E0003545;U000035;I0057;shop;view;2026/03/04;586;1;;;
E0003546;U000035;I0057;shop;add_to_cart;2026/03/04;577;6;E0003545;;
E0003547;U000035;I0091;shop;view;2026/03/04;181;5;;;
E0003548;U000035;I0091;shop;add_to_cart;2026/03/04;100;11;E0003547;;
E0003549;U000035;I0091;shop;purchase;2026/03/04;345;7;E0003548;30.77;1
E0003550;U000035;I0100;shop;view;2025/10/08;411;12;;;
E0003551;U000035;I0100;shop;add_to_cart;2025/10/08;529;2;E0003550;;
E0003552;U000035;I0100;shop;purchase;2025/10/08;139;8;E0003551;331.29;1
E0003553;U000035;I0181;shop;view;2025/10/08;60;4;;;
E0003554;U000035;I0027;shop;view;2026/01/28;184;9;;;
E0003555;U000035;I0233;shop;view;2026/01/28;338;7;;;
E0003556;U000035;I0233;shop;add_to_cart;2026/01/28;524;4;E0003555;;
E0003557;U000035;I0233;shop;purchase;2026/01/28;97;9;E0003556;7.15;1
E0003558;U000035;I0110;home;view;2026/02/01;431;11;;;
E0003559;U000035;I0110;home;add_to_cart;2026/02/01;576;2;E0003558;;
E0003560;U000035;I0062;rewards;view;2025/12/21;20;11;;;
E0003561;U000035;I0092;rewards;view;2025/12/21;155;4;;;
E0003562;U000036;I0147;shop;view;2025/11/11;582;12;;;
E0003563;U000036;I0177;home;view;2025/11/11;408;10;;;
E0003564;U000036;I0177;home;add_to_cart;2025/11/11;570;4;E0003563;;
E0003565;U000036;I0177;home;purchase;2025/11/11;510;2;E0003564;150.00;1
E0003566;U000036;I0021;shop;view;2025/10/13;248;6;;;
E0003567;U000036;I0021;shop;add_to_cart;2025/10/13;301;12;E0003566;;
E0003568;U000036;I0088;rewards;view;2025/10/13;349;2;;;
E0003569;U000036;I0088;rewards;add_to_cart;2025/10/13;482;10;E0003568;;
E0003570;U000036;I0088;rewards;purchase;2025/10/13;482;2;E0003569;11.71;1
E0003571;U000036;I0088;rewards;redeem_reward;2025/10/13;355;12;E0003570;;
E0003572;U000036;I0075;home;view;2026/02/08;581;5;;;
E0003573;U000036;I0075;home;add_to_cart;2026/02/08;357;10;E0003572;;
E0003574;U000036;I0019;shop;view;2026/01/31;224;9;;;
E0003575;U000036;I0091;shop;view;2026/01/31;380;3;;;
E0003576;U000036;I0091;shop;add_to_cart;2026/01/31;570;7;E0003575;;
E0003577;U000036;I0124;shop;view;2025/11/19;478;3;;;
E0003578;U000036;I0124;shop;add_to_cart;2025/11/19;492;6;E0003577;;
E0003579;U000036;I0114;shop;view;2025/11/19;53;10;;;
E0003580;U000036;I0114;shop;add_to_cart;2025/11/19;524;10;E0003579;;
E0003581;U000036;I0020;shop;view;2026/03/17;556;3;;;
E0003582;U000036;I0232;home;view;2026/03/17;265;12;;;
E0003583;U000036;I0023;shop;view;2025/10/01;557;3;;;
E0003584;U000036;I0023;shop;add_to_cart;2025/10/01;504;10;E0003583;;
E0003585;U000036;I0023;shop;purchase;2025/10/01;121;1;E0003584;178.59;1
E0003586;U000036;I0231;rewards;view;2025/10/01;129;6;;;
E0003587;U000036;I0231;rewards;add_to_cart;2025/10/01;571;6;E0003586;;
E0003588;U000036;I0231;rewards;purchase;2025/10/01;554;9;E0003587;15.03;1
E0003589;U000036;I0019;shop;view;2026/02/16;92;9;;;
E0003590;U000036;I0070;shop;view;2026/01/26;510;11;;;
E0003591;U000036;I0014;shop;view;2026/01/26;436;12;;;
E0003592;U000036;I0102;shop;view;2026/02/12;102;2;;;
E0003593;U000036;I0104;rewards;view;2025/10/23;249;3;;;
E0003594;U000036;I0104;rewards;wishlist;2025/10/23;226;5;E0003593;;
E0003595;U000036;I0019;rewards;view;2025/10/03;96;2;;;
E0003596;U000036;I0019;rewards;redeem_reward;2025/10/03;53;4;E0003595;;
E0003597;U000036;I0099;shop;view;2025/10/03;478;1;;;
E0003598;U000036;I0099;shop;wishlist;2025/10/03;463;8;E0003597;;
E0003599;U000036;I0115;shop;view;2026/02/11;413;7;;;
E0003600;U000036;I0115;shop;add_to_cart;2026/02/11;472;9;E0003599;;
E0003601;U000036;I0073;shop;view;2026/01/02;481;6;;;
E0003602;U000036;I0014;home;view;2026/01/02;505;8;;;
E0003603;U000036;I0118;shop;view;2026/02/06;142;11;;;
E0003604;U000036;I0118;shop;add_to_cart;2026/02/06;70;8;E0003603;;
E0003605;U000036;I0167;shop;view;2026/02/06;320;7;;;
E0003606;U000036;I0113;shop;view;2025/11/26;302;1;;;
E0003607;U000036;I0113;shop;add_to_cart;2025/11/26;564;2;E0003606;;
E0003608;U000036;I0113;shop;purchase;2025/11/26;412;6;E0003607;330.39;1
E0003609;U000036;I0184;home;view;2025/10/10;161;1;;;
E0003610;U000036;I0184;home;add_to_cart;2025/10/10;14;11;E0003609;;
E0003611;U000036;I0184;home;purchase;2025/10/10;464;8;E0003610;47.80;1
E0003612;U000036;I0031;home;view;2025/10/10;112;8;;;
E0003613;U000036;I0020;shop;view;2026/03/02;528;8;;;
E0003614;U000036;I0107;home;view;2026/03/18;560;8;;;
E0003615;U000036;I0107;home;wishlist;2026/03/18;443;3;E0003614;;
E0003616;U000036;I0183;shop;view;2026/03/18;92;8;;;
E0003617;U000036;I0110;home;view;2025/12/25;523;3;;;
E0003618;U000036;I0110;home;add_to_cart;2025/12/25;305;9;E0003617;;
E0003619;U000036;I0020;shop;view;2026/02/06;184;4;;;
E0003620;U000036;I0002;rewards;view;2026/02/06;191;8;;;
E0003621;U000036;I0002;rewards;add_to_cart;2026/02/06;304;4;E0003620;;
E0003622;U000036;I0002;rewards;purchase;2026/02/06;196;8;E0003621;118.07;1
E0003623;U000036;I0002;rewards;redeem_reward;2026/02/06;27;1;E0003622;;
E0003624;U000036;I0125;shop;view;2025/11/18;142;1;;;
E0003625;U000036;I0072;home;view;2026/03/26;538;6;;;
E0003626;U000036;I0124;rewards;view;2025/11/21;131;11;;;
E0003627;U000036;I0124;rewards;add_to_cart;2025/11/21;303;6;E0003626;;
E0003628;U000036;I0124;rewards;redeem_reward;2025/11/21;452;7;E0003627;;
E0003629;U000036;I0113;shop;view;2025/11/21;517;9;;;
E0003630;U000036;I0113;shop;add_to_cart;2025/11/21;367;8;E0003629;;
E0003631;U000036;I0189;shop;view;2025/10/31;318;6;;;
E0003632;U000036;I0035;shop;view;2025/10/31;484;7;;;
E0003633;U000036;I0026;home;view;2025/10/28;341;10;;;
E0003634;U000036;I0026;home;add_to_cart;2025/10/28;430;1;E0003633;;
E0003635;U000036;I0026;home;purchase;2025/10/28;44;11;E0003634;186.86;1
E0003636;U000036;I0107;shop;view;2026/03/18;49;1;;;
E0003637;U000036;I0107;shop;add_to_cart;2026/03/18;310;9;E0003636;;
E0003638;U000036;I0153;shop;view;2026/03/18;448;7;;;
E0003639;U000036;I0190;home;view;2025/11/07;194;4;;;
E0003640;U000036;I0190;home;add_to_cart;2025/11/07;215;7;E0003639;;
E0003641;U000036;I0190;home;purchase;2025/11/07;293;5;E0003640;54.17;1
E0003642;U000036;I0032;shop;view;2025/11/07;351;11;;;
E0003643;U000036;I0123;shop;view;2026/01/18;329;10;;;
E0003644;U000036;I0023;shop;view;2025/12/12;524;9;;;
E0003645;U000036;I0023;shop;wishlist;2025/12/12;464;2;E0003644;;
E0003646;U000036;I0232;home;view;2025/12/12;120;11;;;
E0003647;U000036;I0191;home;view;2025/11/01;399;7;;;
E0003648;U000036;I0022;rewards;view;2026/03/05;236;11;;;
E0003649;U000036;I0022;rewards;add_to_cart;2026/03/05;483;9;E0003648;;
E0003650;U000036;I0022;rewards;purchase;2026/03/05;403;6;E0003649;97.13;1
E0003651;U000036;I0098;home;view;2026/03/05;63;9;;;
E0003652;U000036;I0098;home;add_to_cart;2026/03/05;232;10;E0003651;;
E0003653;U000037;I0018;home;view;2025/11/04;244;6;;;
E0003654;U000037;I0020;home;view;2025/10/25;495;4;;;
E0003655;U000037;I0116;rewards;view;2026/01/10;397;2;;;
E0003656;U000037;I0116;rewards;redeem_reward;2026/01/10;449;6;E0003655;;
E0003657;U000037;I0020;rewards;view;2026/02/13;236;2;;;
E0003658;U000037;I0020;rewards;add_to_cart;2026/02/13;141;3;E0003657;;
E0003659;U000037;I0020;rewards;purchase;2026/02/13;162;9;E0003658;346.14;1
E0003660;U000037;I0095;rewards;view;2026/02/13;48;9;;;
E0003661;U000037;I0095;rewards;add_to_cart;2026/02/13;31;11;E0003660;;
E0003662;U000037;I0095;rewards;purchase;2026/02/13;316;10;E0003661;21.38;1
E0003663;U000037;I0095;rewards;wishlist;2026/02/13;9;5;E0003662;;
E0003664;U000037;I0095;rewards;redeem_reward;2026/02/13;85;5;E0003663;;
E0003665;U000037;I0131;rewards;view;2026/01/14;515;10;;;
E0003666;U000037;I0131;rewards;redeem_reward;2026/01/14;58;12;E0003665;;
E0003667;U000037;I0189;shop;view;2026/03/16;479;12;;;
E0003668;U000037;I0189;shop;add_to_cart;2026/03/16;411;11;E0003667;;
E0003669;U000037;I0189;shop;purchase;2026/03/16;501;9;E0003668;293.35;1
E0003670;U000037;I0033;home;view;2026/03/16;497;1;;;
E0003671;U000037;I0105;home;view;2025/10/01;300;5;;;
E0003672;U000037;I0105;home;add_to_cart;2025/10/01;42;12;E0003671;;
E0003673;U000037;I0105;home;purchase;2025/10/01;296;2;E0003672;151.43;1
E0003674;U000037;I0068;rewards;view;2025/12/05;462;1;;;
E0003675;U000037;I0107;shop;view;2026/02/06;181;11;;;
E0003676;U000037;I0178;home;view;2026/02/06;406;9;;;
E0003677;U000037;I0184;shop;view;2026/01/23;148;9;;;
E0003678;U000037;I0128;shop;view;2026/03/07;588;1;;;
E0003679;U000037;I0186;shop;view;2025/10/18;175;3;;;
E0003680;U000037;I0036;rewards;view;2025/10/18;405;5;;;
E0003681;U000037;I0036;rewards;redeem_reward;2025/10/18;95;9;E0003680;;
E0003682;U000037;I0027;home;view;2025/10/14;424;8;;;
E0003683;U000037;I0067;rewards;view;2026/01/15;227;3;;;
E0003684;U000037;I0002;shop;view;2026/01/15;398;3;;;
E0003685;U000037;I0074;rewards;view;2025/11/28;44;9;;;
E0003686;U000037;I0074;rewards;redeem_reward;2025/11/28;265;4;E0003685;;
E0003687;U000037;I0010;rewards;view;2025/11/28;258;1;;;
E0003688;U000037;I0070;shop;view;2025/12/09;191;10;;;
E0003689;U000037;I0070;shop;add_to_cart;2025/12/09;116;5;E0003688;;
E0003690;U000037;I0070;shop;purchase;2025/12/09;542;4;E0003689;479.90;1
E0003691;U000037;I0011;shop;view;2025/12/09;233;2;;;
E0003692;U000037;I0122;shop;view;2025/11/07;55;8;;;
E0003693;U000037;I0020;shop;view;2025/12/25;458;10;;;
E0003694;U000037;I0103;shop;view;2025/10/13;388;2;;;
E0003695;U000037;I0067;shop;view;2026/03/21;518;8;;;
E0003696;U000037;I0221;shop;view;2026/03/21;17;5;;;
E0003697;U000037;I0071;rewards;view;2025/11/23;441;7;;;
E0003698;U000037;I0071;rewards;add_to_cart;2025/11/23;307;10;E0003697;;
E0003699;U000037;I0071;rewards;purchase;2025/11/23;433;1;E0003698;481.20;1
E0003700;U000037;I0124;shop;view;2025/10/04;85;1;;;
E0003701;U000037;I0124;shop;add_to_cart;2025/10/04;125;9;E0003700;;
E0003702;U000037;I0124;shop;purchase;2025/10/04;567;10;E0003701;180.45;1
E0003703;U000037;I0024;shop;view;2025/10/06;282;11;;;
E0003704;U000037;I0024;shop;wishlist;2025/10/06;385;1;E0003703;;
E0003705;U000037;I0130;rewards;view;2025/12/11;228;12;;;
E0003706;U000037;I0016;shop;view;2026/01/29;417;12;;;
E0003707;U000037;I0016;shop;add_to_cart;2026/01/29;147;9;E0003706;;
E0003708;U000037;I0016;shop;purchase;2026/01/29;494;6;E0003707;85.70;1
E0003709;U000037;I0100;shop;view;2025/10/25;273;3;;;
E0003710;U000037;I0100;shop;add_to_cart;2025/10/25;470;10;E0003709;;
E0003711;U000037;I0172;home;view;2025/10/25;488;9;;;
E0003712;U000037;I0143;rewards;view;2025/12/15;212;9;;;
E0003713;U000037;I0143;rewards;wishlist;2025/12/15;233;1;E0003712;;
E0003714;U000037;I0174;shop;view;2025/12/15;414;12;;;
E0003715;U000037;I0174;shop;add_to_cart;2025/12/15;561;9;E0003714;;
E0003716;U000037;I0195;shop;view;2026/02/07;110;1;;;
E0003717;U000037;I0035;rewards;view;2026/02/07;59;6;;;
E0003718;U000037;I0035;rewards;add_to_cart;2026/02/07;348;7;E0003717;;
E0003719;U000037;I0035;rewards;purchase;2026/02/07;229;3;E0003718;98.69;1
E0003720;U000037;I0132;shop;view;2025/12/18;511;1;;;
E0003721;U000037;I0132;shop;add_to_cart;2025/12/18;373;4;E0003720;;
E0003722;U000037;I0116;shop;view;2025/12/18;501;2;;;
E0003723;U000037;I0116;shop;wishlist;2025/12/18;499;4;E0003722;;
E0003724;U000037;I0027;home;view;2025/10/31;263;8;;;
E0003725;U000037;I0131;rewards;view;2025/12/03;508;12;;;
E0003726;U000037;I0131;rewards;add_to_cart;2025/12/03;422;11;E0003725;;
E0003727;U000037;I0131;rewards;redeem_reward;2025/12/03;415;9;E0003726;;
E0003728;U000037;I0113;shop;view;2025/12/03;392;2;;;
E0003729;U000037;I0113;shop;add_to_cart;2025/12/03;421;10;E0003728;;
E0003730;U000037;I0113;shop;purchase;2025/12/03;360;1;E0003729;330.39;1
E0003731;U000037;I0070;rewards;view;2025/10/28;119;2;;;
E0003732;U000037;I0070;rewards;add_to_cart;2025/10/28;253;4;E0003731;;
E0003733;U000037;I0070;rewards;redeem_reward;2025/10/28;152;2;E0003732;;
E0003734;U000037;I0004;shop;view;2025/10/28;383;11;;;
E0003735;U000037;I0075;home;view;2025/11/23;242;2;;;
E0003736;U000037;I0019;shop;view;2026/03/12;289;10;;;
E0003737;U000037;I0091;rewards;view;2026/03/12;233;8;;;
E0003738;U000037;I0091;rewards;add_to_cart;2026/03/12;328;10;E0003737;;
E0003739;U000037;I0091;rewards;purchase;2026/03/12;134;1;E0003738;30.77;1
E0003740;U000037;I0091;rewards;redeem_reward;2026/03/12;501;6;E0003739;;
E0003741;U000037;I0115;shop;view;2026/01/18;12;12;;;
E0003742;U000037;I0068;shop;view;2026/01/19;117;4;;;
E0003743;U000037;I0068;shop;wishlist;2026/01/19;496;1;E0003742;;
E0003744;U000037;I0005;shop;view;2026/01/19;302;2;;;
E0003745;U000037;I0138;rewards;view;2026/01/25;46;11;;;
E0003746;U000037;I0138;rewards;add_to_cart;2026/01/25;85;12;E0003745;;
E0003747;U000037;I0138;rewards;purchase;2026/01/25;143;2;E0003746;31.87;1
E0003748;U000037;I0138;rewards;redeem_reward;2026/01/25;174;2;E0003747;;
E0003749;U000037;I0183;home;view;2026/01/25;478;12;;;
E0003750;U000037;I0061;home;view;2025/10/05;128;12;;;
E0003751;U000037;I0063;shop;view;2025/12/28;94;2;;;
E0003752;U000037;I0063;shop;add_to_cart;2025/12/28;289;2;E0003751;;
E0003753;U000037;I0021;shop;view;2025/10/04;495;12;;;
E0003754;U000037;I0233;shop;view;2025/10/04;297;1;;;
E0003755;U000037;I0233;shop;add_to_cart;2025/10/04;142;4;E0003754;;
E0003756;U000037;I0233;shop;purchase;2025/10/04;372;7;E0003755;7.15;1
E0003757;U000037;I0191;rewards;view;2025/10/01;100;2;;;
E0003758;U000037;I0191;rewards;redeem_reward;2025/10/01;584;10;E0003757;;
E0003759;U000037;I0072;rewards;view;2026/02/23;346;6;;;
E0003760;U000037;I0015;rewards;view;2026/02/23;576;10;;;
E0003761;U000037;I0059;shop;view;2026/01/12;380;5;;;
E0003762;U000037;I0059;shop;add_to_cart;2026/01/12;226;4;E0003761;;
E0003763;U000037;I0059;shop;wishlist;2026/01/12;27;1;E0003762;;
E0003764;U000037;I0056;shop;view;2025/10/27;560;3;;;
E0003765;U000037;I0056;shop;add_to_cart;2025/10/27;34;6;E0003764;;
E0003766;U000037;I0056;shop;purchase;2025/10/27;461;10;E0003765;383.18;1
E0003767;U000037;I0128;shop;view;2026/03/20;521;3;;;
E0003768;U000037;I0128;shop;add_to_cart;2026/03/20;499;3;E0003767;;
E0003769;U000037;I0128;shop;purchase;2026/03/20;434;5;E0003768;651.92;1
E0003770;U000037;I0128;shop;wishlist;2026/03/20;354;12;E0003769;;
E0003771;U000037;I0066;shop;view;2026/01/17;42;12;;;
E0003772;U000037;I0066;shop;add_to_cart;2026/01/17;512;3;E0003771;;
E0003773;U000037;I0066;shop;purchase;2026/01/17;493;1;E0003772;1190.00;1
E0003774;U000037;I0012;home;view;2026/01/17;209;1;;;
E0003775;U000037;I0184;shop;view;2026/01/26;560;10;;;
E0003776;U000037;I0029;shop;view;2026/01/26;215;2;;;
E0003777;U000037;I0072;rewards;view;2025/11/19;118;3;;;
E0003778;U000037;I0072;rewards;wishlist;2025/11/19;398;9;E0003777;;
E0003779;U000037;I0072;rewards;redeem_reward;2025/11/19;130;1;E0003778;;
E0003780;U000037;I0052;rewards;view;2026/01/20;387;5;;;
E0003781;U000037;I0052;rewards;redeem_reward;2026/01/20;566;4;E0003780;;
E0003782;U000037;I0095;rewards;view;2026/01/20;159;5;;;
E0003783;U000037;I0095;rewards;add_to_cart;2026/01/20;325;3;E0003782;;
E0003784;U000037;I0100;shop;view;2026/01/22;155;11;;;
E0003785;U000037;I0100;shop;add_to_cart;2026/01/22;466;4;E0003784;;
E0003786;U000037;I0172;home;view;2026/01/22;105;11;;;
E0003787;U000037;I0172;home;add_to_cart;2026/01/22;170;11;E0003786;;
E0003788;U000037;I0055;shop;view;2025/10/12;326;11;;;
E0003789;U000037;I0055;shop;add_to_cart;2025/10/12;549;2;E0003788;;
E0003790;U000037;I0099;shop;view;2025/10/12;409;2;;;
E0003791;U000037;I0071;shop;view;2025/12/12;483;9;;;
E0003792;U000037;I0136;rewards;view;2025/10/16;522;6;;;
E0003793;U000037;I0136;rewards;add_to_cart;2025/10/16;443;4;E0003792;;
E0003794;U000037;I0136;rewards;purchase;2025/10/16;497;8;E0003793;22.66;1
E0003795;U000038;I0016;shop;view;2025/11/20;464;3;;;
E0003796;U000038;I0016;shop;wishlist;2025/11/20;352;2;E0003795;;
E0003797;U000038;I0008;rewards;view;2025/11/20;564;11;;;
E0003798;U000038;I0008;rewards;add_to_cart;2025/11/20;575;6;E0003797;;
E0003799;U000038;I0008;rewards;purchase;2025/11/20;144;9;E0003798;177.11;1
E0003800;U000038;I0008;rewards;redeem_reward;2025/11/20;491;11;E0003799;;
E0003801;U000038;I0026;shop;view;2026/01/16;579;4;;;
E0003802;U000038;I0026;shop;add_to_cart;2026/01/16;200;3;E0003801;;
E0003803;U000038;I0093;shop;view;2026/01/16;199;7;;;
E0003804;U000038;I0093;shop;add_to_cart;2026/01/16;469;7;E0003803;;
E0003805;U000038;I0093;shop;purchase;2026/01/16;63;4;E0003804;14.24;1
E0003806;U000038;I0016;shop;view;2025/12/29;302;2;;;
E0003807;U000038;I0230;home;view;2025/12/29;5;1;;;
E0003808;U000038;I0068;shop;view;2026/02/12;37;3;;;
E0003809;U000038;I0068;shop;add_to_cart;2026/02/12;59;1;E0003808;;
E0003810;U000038;I0075;rewards;view;2025/12/18;472;5;;;
E0003811;U000038;I0075;rewards;add_to_cart;2025/12/18;110;9;E0003810;;
E0003812;U000038;I0075;rewards;purchase;2025/12/18;22;11;E0003811;209.65;1
E0003813;U000038;I0021;shop;view;2026/01/30;372;8;;;
E0003814;U000038;I0021;home;view;2026/01/12;450;3;;;
E0003815;U000038;I0021;home;add_to_cart;2026/01/12;331;3;E0003814;;
E0003816;U000038;I0006;shop;view;2026/01/12;80;12;;;
E0003817;U000038;I0123;rewards;view;2025/10/17;578;11;;;
E0003818;U000038;I0168;shop;view;2025/10/17;431;3;;;
E0003819;U000038;I0168;shop;add_to_cart;2025/10/17;310;1;E0003818;;
E0003820;U000038;I0168;shop;purchase;2025/10/17;298;4;E0003819;60.00;1
E0003821;U000038;I0022;rewards;view;2025/10/09;182;6;;;
E0003822;U000038;I0022;rewards;add_to_cart;2025/10/09;465;4;E0003821;;
E0003823;U000038;I0022;rewards;redeem_reward;2025/10/09;111;2;E0003822;;
E0003824;U000038;I0007;shop;view;2025/10/09;36;6;;;
E0003825;U000038;I0007;shop;add_to_cart;2025/10/09;577;1;E0003824;;
E0003826;U000038;I0017;shop;view;2025/10/26;497;8;;;
E0003827;U000038;I0017;shop;add_to_cart;2025/10/26;311;6;E0003826;;
E0003828;U000038;I0142;home;view;2026/02/04;537;8;;;
E0003829;U000038;I0142;home;add_to_cart;2026/02/04;63;3;E0003828;;
E0003830;U000038;I0142;home;purchase;2026/02/04;103;11;E0003829;60.58;1
E0003831;U000038;I0115;shop;view;2025/12/03;21;11;;;
E0003832;U000038;I0115;shop;add_to_cart;2025/12/03;248;1;E0003831;;
E0003833;U000038;I0115;shop;purchase;2025/12/03;251;2;E0003832;69.85;1
E0003834;U000038;I0063;shop;view;2026/02/27;487;11;;;
E0003835;U000038;I0071;shop;view;2026/01/27;188;8;;;
E0003836;U000038;I0024;shop;view;2025/10/03;371;7;;;
E0003837;U000038;I0195;shop;view;2026/01/04;562;2;;;
E0003838;U000038;I0100;rewards;view;2025/11/04;454;7;;;
E0003839;U000038;I0100;rewards;wishlist;2025/11/04;23;7;E0003838;;
E0003840;U000038;I0175;shop;view;2025/11/04;123;8;;;
E0003841;U000038;I0175;shop;add_to_cart;2025/11/04;203;3;E0003840;;
E0003842;U000038;I0175;shop;wishlist;2025/11/04;170;7;E0003841;;
E0003843;U000038;I0024;rewards;view;2026/01/28;79;3;;;
E0003844;U000038;I0125;rewards;view;2026/03/03;562;11;;;
E0003845;U000038;I0125;rewards;redeem_reward;2026/03/03;40;8;E0003844;;
E0003846;U000038;I0117;shop;view;2026/03/03;109;7;;;
E0003847;U000038;I0134;rewards;view;2026/02/09;578;1;;;
E0003848;U000038;I0117;shop;view;2026/02/09;166;11;;;
E0003849;U000038;I0141;rewards;view;2026/03/22;482;1;;;
E0003850;U000038;I0141;rewards;add_to_cart;2026/03/22;398;5;E0003849;;
E0003851;U000038;I0141;rewards;purchase;2026/03/22;313;2;E0003850;152.17;1
E0003852;U000038;I0173;rewards;view;2026/03/22;347;11;;;
E0003853;U000038;I0134;shop;view;2025/11/24;598;2;;;
E0003854;U000038;I0134;shop;add_to_cart;2025/11/24;255;11;E0003853;;
E0003855;U000038;I0134;shop;purchase;2025/11/24;321;4;E0003854;664.38;1
E0003856;U000038;I0118;rewards;view;2025/11/24;530;6;;;
E0003857;U000038;I0118;rewards;add_to_cart;2025/11/24;412;6;E0003856;;
E0003858;U000038;I0118;rewards;purchase;2025/11/24;458;4;E0003857;268.81;1
E0003859;U000038;I0101;shop;view;2026/01/14;595;7;;;
E0003860;U000038;I0178;rewards;view;2026/01/14;333;11;;;
E0003861;U000038;I0016;shop;view;2025/12/21;357;3;;;
E0003862;U000038;I0016;shop;add_to_cart;2025/12/21;184;4;E0003861;;
E0003863;U000038;I0016;shop;purchase;2025/12/21;414;9;E0003862;85.70;1
E0003864;U000038;I0061;rewards;view;2026/02/05;513;5;;;
E0003865;U000038;I0072;shop;view;2025/11/10;549;4;;;
E0003866;U000038;I0072;shop;add_to_cart;2025/11/10;518;5;E0003865;;
E0003867;U000038;I0072;shop;purchase;2025/11/10;270;12;E0003866;796.22;1
E0003868;U000038;I0223;shop;view;2025/11/10;324;11;;;
E0003869;U000038;I0223;shop;add_to_cart;2025/11/10;7;9;E0003868;;
E0003870;U000038;I0223;shop;purchase;2025/11/10;230;2;E0003869;5.25;1
E0003871;U000038;I0139;shop;view;2025/10/04;136;9;;;
E0003872;U000038;I0067;shop;view;2025/12/22;156;11;;;
E0003873;U000038;I0067;shop;view;2026/02/28;262;1;;;
E0003874;U000038;I0067;shop;add_to_cart;2026/02/28;389;9;E0003873;;
E0003875;U000038;I0067;shop;purchase;2026/02/28;390;7;E0003874;415.18;1
E0003876;U000038;I0067;shop;wishlist;2026/02/28;535;8;E0003875;;
E0003877;U000038;I0055;rewards;view;2025/11/14;96;6;;;
E0003878;U000038;I0055;rewards;add_to_cart;2025/11/14;337;12;E0003877;;
E0003879;U000038;I0055;rewards;redeem_reward;2025/11/14;85;9;E0003878;;
E0003880;U000038;I0066;rewards;view;2026/03/02;579;6;;;
E0003881;U000038;I0066;rewards;redeem_reward;2026/03/02;436;7;E0003880;;
E0003882;U000038;I0223;home;view;2026/03/02;20;9;;;
E0003883;U000038;I0135;shop;view;2025/11/01;365;1;;;
E0003884;U000038;I0118;home;view;2025/11/01;543;6;;;
E0003885;U000039;I0108;rewards;view;2025/12/18;88;8;;;
E0003886;U000039;I0178;shop;view;2025/12/18;370;9;;;
E0003887;U000039;I0178;shop;wishlist;2025/12/18;187;10;E0003886;;
E0003888;U000039;I0075;shop;view;2026/03/25;142;2;;;
E0003889;U000039;I0026;shop;view;2026/03/15;300;7;;;
E0003890;U000039;I0026;shop;add_to_cart;2026/03/15;367;11;E0003889;;
E0003891;U000039;I0004;shop;view;2026/03/15;224;12;;;
E0003892;U000039;I0004;shop;add_to_cart;2026/03/15;382;2;E0003891;;
E0003893;U000039;I0004;shop;purchase;2026/03/15;403;2;E0003892;119.76;1
E0003894;U000039;I0147;rewards;view;2025/12/19;346;4;;;
E0003895;U000039;I0147;rewards;wishlist;2025/12/19;356;6;E0003894;;
E0003896;U000039;I0147;rewards;redeem_reward;2025/12/19;439;1;E0003895;;
E0003897;U000039;I0140;rewards;view;2025/12/17;51;10;;;
E0003898;U000039;I0140;rewards;redeem_reward;2025/12/17;75;9;E0003897;;
E0003899;U000039;I0106;shop;view;2026/03/29;182;12;;;
E0003900;U000039;I0152;shop;view;2026/03/29;526;6;;;
E0003901;U000039;I0188;shop;view;2026/01/28;505;12;;;
E0003902;U000039;I0031;shop;view;2026/01/28;524;11;;;
E0003903;U000039;I0105;shop;view;2026/03/22;299;3;;;
E0003904;U000039;I0105;shop;add_to_cart;2026/03/22;552;2;E0003903;;
E0003905;U000039;I0105;shop;purchase;2026/03/22;434;7;E0003904;151.43;1
E0003906;U000039;I0104;shop;view;2026/01/26;445;4;;;
E0003907;U000039;I0104;shop;add_to_cart;2026/01/26;389;11;E0003906;;
E0003908;U000039;I0180;home;view;2026/01/26;447;10;;;
E0003909;U000039;I0021;shop;view;2026/01/17;142;9;;;
E0003910;U000039;I0191;shop;view;2026/03/17;53;4;;;
E0003911;U000039;I0031;home;view;2026/03/17;449;6;;;
E0003912;U000039;I0024;shop;view;2025/12/18;73;6;;;
E0003913;U000039;I0025;home;view;2025/11/09;39;1;;;
E0003914;U000039;I0025;home;add_to_cart;2025/11/09;22;10;E0003913;;
E0003915;U000039;I0025;home;purchase;2025/11/09;209;2;E0003914;765.00;1
E0003916;U000039;I0005;home;view;2025/11/09;22;11;;;
E0003917;U000039;I0072;home;view;2026/03/05;76;1;;;
E0003918;U000039;I0072;home;wishlist;2026/03/05;496;7;E0003917;;
E0003919;U000039;I0221;shop;view;2026/03/05;360;12;;;
E0003920;U000039;I0221;shop;add_to_cart;2026/03/05;34;11;E0003919;;
E0003921;U000039;I0119;shop;view;2025/10/23;161;10;;;
E0003922;U000039;I0119;shop;add_to_cart;2025/10/23;480;10;E0003921;;
E0003923;U000039;I0119;shop;purchase;2025/10/23;81;2;E0003922;371.94;1
E0003924;U000039;I0104;shop;view;2026/01/25;50;2;;;
E0003925;U000039;I0192;shop;view;2026/02/13;69;11;;;
E0003926;U000039;I0192;shop;add_to_cart;2026/02/13;379;10;E0003925;;
E0003927;U000039;I0192;shop;purchase;2026/02/13;269;2;E0003926;348.36;1
E0003928;U000039;I0037;shop;view;2026/02/13;471;11;;;
E0003929;U000039;I0037;shop;add_to_cart;2026/02/13;314;11;E0003928;;
E0003930;U000039;I0100;shop;view;2026/02/14;176;11;;;
E0003931;U000039;I0100;shop;add_to_cart;2026/02/14;41;12;E0003930;;
E0003932;U000039;I0100;shop;purchase;2026/02/14;8;11;E0003931;331.29;1
E0003933;U000039;I0173;rewards;view;2026/02/14;13;1;;;
E0003934;U000039;I0173;rewards;redeem_reward;2026/02/14;270;6;E0003933;;
E0003935;U000039;I0112;shop;view;2025/12/30;321;5;;;
E0003936;U000039;I0066;shop;view;2026/03/12;335;9;;;
E0003937;U000039;I0066;shop;add_to_cart;2026/03/12;391;3;E0003936;;
E0003938;U000039;I0194;shop;view;2026/01/22;414;2;;;
E0003939;U000039;I0039;shop;view;2026/01/22;470;12;;;
E0003940;U000039;I0195;shop;view;2025/10/21;547;9;;;
E0003941;U000039;I0036;shop;view;2025/10/21;237;2;;;
E0003942;U000039;I0036;shop;add_to_cart;2025/10/21;311;4;E0003941;;
E0003943;U000039;I0065;shop;view;2026/02/27;130;12;;;
E0003944;U000039;I0220;shop;view;2026/02/27;422;1;;;
E0003945;U000039;I0220;shop;add_to_cart;2026/02/27;567;6;E0003944;;
E0003946;U000039;I0220;shop;purchase;2026/02/27;492;10;E0003945;25.00;1
E0003947;U000039;I0068;shop;view;2025/10/25;113;9;;;
E0003948;U000039;I0023;rewards;view;2026/01/30;359;4;;;
E0003949;U000039;I0230;shop;view;2026/01/30;462;7;;;
E0003950;U000039;I0230;shop;add_to_cart;2026/01/30;19;6;E0003949;;
E0003951;U000039;I0230;shop;purchase;2026/01/30;566;11;E0003950;3.41;1
E0003952;U000039;I0104;rewards;view;2025/11/26;380;6;;;
E0003953;U000039;I0104;rewards;redeem_reward;2025/11/26;115;11;E0003952;;
E0003954;U000039;I0154;home;view;2025/11/26;88;6;;;
E0003955;U000039;I0023;shop;view;2025/11/09;85;9;;;
E0003956;U000039;I0234;rewards;view;2025/11/09;27;12;;;
E0003957;U000039;I0234;rewards;add_to_cart;2025/11/09;289;7;E0003956;;
E0003958;U000039;I0234;rewards;purchase;2025/11/09;443;11;E0003957;6.48;1
E0003959;U000039;I0117;shop;view;2026/02/14;255;10;;;
E0003960;U000039;I0117;shop;wishlist;2026/02/14;284;6;E0003959;;
E0003961;U000039;I0108;shop;view;2026/02/09;292;12;;;
E0003962;U000039;I0108;shop;add_to_cart;2026/02/09;418;5;E0003961;;
E0003963;U000039;I0108;shop;purchase;2026/02/09;53;3;E0003962;199.46;1
E0003964;U000039;I0108;shop;wishlist;2026/02/09;72;7;E0003963;;
E0003965;U000039;I0174;shop;view;2026/02/09;261;7;;;
E0003966;U000039;I0174;shop;add_to_cart;2026/02/09;94;7;E0003965;;
E0003967;U000039;I0027;shop;view;2025/12/07;226;1;;;
E0003968;U000039;I0027;shop;add_to_cart;2025/12/07;313;2;E0003967;;
E0003969;U000039;I0027;shop;purchase;2025/12/07;121;3;E0003968;182.38;1
E0003970;U000039;I0027;shop;wishlist;2025/12/07;315;12;E0003969;;
E0003971;U000039;I0066;home;view;2026/02/14;324;7;;;
E0003972;U000039;I0027;shop;view;2026/01/11;169;4;;;
E0003973;U000039;I0109;shop;view;2025/10/08;142;11;;;
E0003974;U000039;I0148;shop;view;2025/10/08;10;5;;;
E0003975;U000039;I0115;shop;view;2025/10/12;111;10;;;
E0003976;U000039;I0164;rewards;view;2025/10/12;340;7;;;
E0003977;U000039;I0164;rewards;add_to_cart;2025/10/12;458;2;E0003976;;
E0003978;U000039;I0020;shop;view;2026/02/21;93;7;;;
E0003979;U000039;I0104;rewards;view;2025/12/29;407;8;;;
E0003980;U000039;I0073;shop;view;2025/12/02;557;3;;;
E0003981;U000039;I0073;shop;add_to_cart;2025/12/02;523;1;E0003980;;
E0003982;U000039;I0221;home;view;2025/12/02;528;11;;;
E0003983;U000039;I0221;home;add_to_cart;2025/12/02;319;9;E0003982;;
E0003984;U000039;I0057;home;view;2025/11/25;486;3;;;
E0003985;U000039;I0057;home;add_to_cart;2025/11/25;70;6;E0003984;;
E0003986;U000039;I0057;home;purchase;2025/11/25;242;3;E0003985;357.80;1
E0003987;U000039;I0072;home;view;2025/11/14;295;1;;;
E0003988;U000039;I0223;shop;view;2025/11/14;422;7;;;
E0003989;U000039;I0223;shop;add_to_cart;2025/11/14;13;6;E0003988;;
E0003990;U000039;I0223;shop;purchase;2025/11/14;263;7;E0003989;5.25;1
E0003991;U000039;I0070;shop;view;2025/10/11;94;4;;;
E0003992;U000039;I0070;shop;add_to_cart;2025/10/11;414;1;E0003991;;
E0003993;U000039;I0014;shop;view;2025/10/11;149;12;;;
E0003994;U000039;I0014;shop;add_to_cart;2025/10/11;414;5;E0003993;;
E0003995;U000039;I0075;home;view;2026/03/03;317;8;;;
E0003996;U000039;I0220;shop;view;2026/03/03;220;8;;;
E0003997;U000039;I0072;home;view;2026/01/17;77;4;;;
E0003998;U000039;I0072;home;add_to_cart;2026/01/17;403;6;E0003997;;
E0003999;U000039;I0015;shop;view;2026/01/17;247;8;;;
E0004000;U000039;I0015;shop;add_to_cart;2026/01/17;379;5;E0003999;;
E0004001;U000039;I0015;shop;wishlist;2026/01/17;521;8;E0004000;;
E0004002;U000039;I0023;rewards;view;2026/01/07;121;10;;;
E0004003;U000039;I0231;home;view;2026/01/07;537;10;;;
E0004004;U000039;I0056;shop;view;2025/10/24;579;4;;;
E0004005;U000039;I0099;shop;view;2025/10/24;159;10;;;
E0004006;U000039;I0141;shop;view;2025/10/01;132;1;;;
E0004007;U000039;I0173;rewards;view;2025/10/01;430;2;;;
E0004008;U000039;I0173;rewards;add_to_cart;2025/10/01;249;5;E0004007;;
E0004009;U000039;I0122;rewards;view;2025/11/12;510;2;;;
E0004010;U000039;I0122;rewards;add_to_cart;2025/11/12;545;3;E0004009;;
E0004011;U000039;I0122;rewards;purchase;2025/11/12;281;1;E0004010;211.34;1
E0004012;U000039;I0023;shop;view;2026/03/22;290;7;;;
E0004013;U000039;I0234;rewards;view;2026/03/22;525;6;;;
E0004014;U000039;I0234;rewards;redeem_reward;2026/03/22;385;12;E0004013;;
E0004015;U000039;I0052;shop;view;2026/03/02;375;9;;;
E0004016;U000039;I0052;shop;add_to_cart;2026/03/02;94;12;E0004015;;
E0004017;U000039;I0052;shop;purchase;2026/03/02;395;1;E0004016;254.32;1
E0004018;U000039;I0096;shop;view;2026/03/02;262;10;;;
E0004019;U000039;I0195;home;view;2026/02/07;224;5;;;
E0004020;U000039;I0062;shop;view;2025/10/28;137;4;;;
E0004021;U000039;I0097;shop;view;2025/10/28;43;7;;;
E0004022;U000039;I0194;shop;view;2026/01/15;43;10;;;
E0004023;U000039;I0194;shop;add_to_cart;2026/01/15;523;9;E0004022;;
E0004024;U000039;I0194;shop;purchase;2026/01/15;397;7;E0004023;243.64;1
E0004025;U000039;I0026;shop;view;2026/03/27;343;1;;;
E0004026;U000039;I0070;shop;view;2026/03/21;345;2;;;
E0004027;U000039;I0222;shop;view;2026/03/21;598;11;;;
E0004028;U000039;I0195;rewards;view;2026/02/26;252;2;;;
E0004029;U000039;I0110;shop;view;2025/12/22;597;1;;;
E0004030;U000039;I0110;shop;add_to_cart;2025/12/22;502;5;E0004029;;
E0004031;U000039;I0017;rewards;view;2026/03/13;27;2;;;
E0004032;U000039;I0105;home;view;2026/01/18;560;7;;;
E0004033;U000039;I0143;home;view;2025/10/24;257;1;;;
E0004034;U000039;I0143;home;add_to_cart;2025/10/24;412;9;E0004033;;
E0004035;U000039;I0143;home;purchase;2025/10/24;566;6;E0004034;180.42;1
