product_id,domain,category,brand_id,product_name,price,quality_tier,style_tags,is_repeatable,is_subscription,available_from,available_regions,compatible_os,offer_discount,description
I0000,electronics,audio,B00,Audio 01,91.8,1,premium social,0,0,2025-10-01,north south east west central coastal,any,0.0,"Synthetic audio offering; premium and social design, quality tier 1."
I0001,electronics,audio,B01,Audio 02,120.03,2,social practical,0,0,2025-10-01,north south east west central coastal,any,0.3,"Synthetic audio offering; social and practical design, quality tier 2."
I0002,electronics,audio,B02,Audio 03,118.07,3,practical compact,0,0,2025-10-01,north south east west central coastal,any,0.0,"Synthetic audio offering; practical and compact design, quality tier 3."
I0003,electronics,audio,B03,Audio 04,173.79,4,premium family,0,0,2025-10-01,north south east west central coastal,any,0.1,"Synthetic audio offering; premium and family design, quality tier 4."
I0004,electronics,audio,B04,Audio 05,213.84,5,compact creative,0,0,2025-10-01,north south east west central coastal,any,0.2,"Synthetic audio offering; compact and creative design, quality tier 5."
I0005,electronics,audio,B05,Audio 06,78.2,1,practical family,0,0,2025-10-01,north south east west central coastal,any,0.0,"Synthetic audio offering; practical and family design, quality tier 1."
I0006,electronics,audio,B06,Audio 07,126.02,2,active eco,0,0,2025-10-01,north south east west central coastal,any,0.0,"Synthetic audio offering; active and eco design, quality tier 2."
I0007,electronics,audio,B07,Audio 08,182.5,3,practical compact,0,0,2025-10-01,north south east west central coastal,any,0.3,"Synthetic audio offering; practical and compact design, quality tier 3."
I0008,electronics,audio,B00,Audio 09,184.99,4,active creative,0,0,2025-10-01,north south east west central coastal,any,0.1,"Synthetic audio offering; active and creative design, quality tier 4."
I0009,electronics,audio,B01,Audio 10,219.11,5,premium family,0,0,2025-10-01,north south east west central coastal,any,0.2,"Synthetic audio offering; premium and family design, quality tier 5."
I0010,electronics,audio,B02,Audio 11,65.24,1,practical active,0,0,2025-10-01,north south east west central coastal,any,0.0,"Synthetic audio offering; practical and active design, quality tier 1."
I0011,electronics,audio,B03,Audio 12,112.83,2,practical compact,0,0,2025-10-01,north south east west central coastal,any,0.0,"Synthetic audio offering; practical and compact design, quality tier 2."
I0012,electronics,audio,B04,Audio 13,120.32,3,premium creative,0,0,2025-10-01,north south east west central coastal,any,0.1,"Synthetic audio offering; premium and creative design, quality tier 3."
I0013,electronics,audio,B05,Audio 14,152.93,4,creative eco,0,0,2025-10-01,north south east west central coastal,any,0.0,"Synthetic audio offering; creative and eco design, quality tier 4."
I0014,electronics,audio,B06,Audio 15,192.71,5,premium creative,0,0,2025-10-01,north south east west central coastal,any,0.0,"Synthetic audio offering; premium and creative design, quality tier 5."
I0015,electronics,audio,B07,Audio 16,67.53,1,social eco,0,0,2025-10-01,north south east west central coastal,any,0.0,"Synthetic audio offering; social and eco design, quality tier 1."
I0016,electronics,audio,B00,Audio 17,84.21,2,premium creative,0,0,2025-10-01,north south east west central coastal,any,0.0,"Synthetic audio offering; premium and creative design, quality tier 2."
I0017,electronics,audio,B01,Audio 18,154.9,3,premium active,0,0,2025-10-01,coastal east south,any,0.0,"Synthetic audio offering; premium and active design, quality tier 3."
I0018,electronics,audio,B02,Audio 19,158.11,4,compact social,0,0,2025-10-01,north south east west central coastal,any,0.0,"Synthetic audio offering; compact and social design, quality tier 4."
I0019,electronics,audio,B03,Audio 20,250.27,5,premium compact,0,0,2025-10-01,north south east west central coastal,any,0.0,"Synthetic audio offering; premium and compact design, quality tier 5."
I0020,electronics,audio,B04,Audio 21,70.45,1,premium active,0,0,2025-10-01,north south east west central coastal,any,0.0,"Synthetic audio offering; premium and active design, quality tier 1."
I0021,electronics,audio,B05,Audio 22,91.34,2,eco practical,0,0,2025-10-01,north south east west central coastal,any,0.0,"Synthetic audio offering; eco and practical design, quality tier 2."
I0022,electronics,audio,B06,Audio 23,151.75,3,family eco,0,0,2025-10-01,north south east west central coastal,any,0.1,"Synthetic audio offering; family and eco design, quality tier 3."
I0023,electronics,audio,B07,Audio 24,164.93,4,premium social,0,0,2025-10-01,central coastal south,any,0.0,"Synthetic audio offering; premium and social design, quality tier 4."
I0024,electronics,audio,B00,Audio 25,311.57,5,family eco,0,0,2025-10-01,north south east west central coastal,any,0.0,"Synthetic audio offering; family and eco design, quality tier 5."
I0025,electronics,audio,B01,Audio 26,83.94,1,compact family,0,0,2025-10-01,north south east west central coastal,any,0.0,"Synthetic audio offering; compact and family design, quality tier 1."
I0026,electronics,audio,B02,Audio 27,128.36,2,active creative,0,0,2025-10-01,north south east west central coastal,any,0.0,"Synthetic audio offering; active and creative design, quality tier 2."
I0027,electronics,audio,B03,Audio 28,94.59,3,creative active,0,0,2025-10-01,north south east west central coastal,any,0.0,"Synthetic audio offering; creative and active design, quality tier 3."
I0028,electronics,audio,B04,Audio 29,161.32,4,eco active,0,0,2025-10-01,north south east west central coastal,any,0.0,"Synthetic audio offering; eco and active design, quality tier 4."
I0029,electronics,audio,B05,Audio 30,169.73,5,premium family,0,0,2025-10-01,coastal east west,any,0.0,"Synthetic audio offering; premium and family design, quality tier 5."
I0030,electronics,audio,B06,Audio 31,66.09,1,eco active,0,0,2025-10-01,north south east west central coastal,any,0.0,"Synthetic audio offering; eco and active design, quality tier 1."
I0031,electronics,audio,B07,Audio 32,116.13,2,premium practical,0,0,2025-10-01,north south east west central coastal,any,0.0,"Synthetic audio offering; premium and practical design, quality tier 2."
I0032,electronics,audio,B00,Audio 33,160.83,3,active premium,0,0,2025-10-01,north south east west central coastal,any,0.1,"Synthetic audio offering; active and premium design, quality tier 3."
I0033,electronics,audio,B01,Audio 34,156.47,4,practical social,0,0,2025-10-01,north south east west central coastal,any,0.1,"Synthetic audio offering; practical and social design, quality tier 4."
I0034,electronics,audio,B02,Audio 35,257.13,5,active creative,0,0,2025-10-01,north south east west central coastal,any,0.0,"Synthetic audio offering; active and creative design, quality tier 5."
I0035,electronics,audio,B03,Audio 36,67.64,1,active social,0,0,2025-10-01,north south east west central coastal,any,0.0,"Synthetic audio offering; active and social design, quality tier 1."
I0036,electronics,audio,B04,Audio 37,121.76,2,social compact,0,0,2025-10-01,north south east west central coastal,any,0.2,"Synthetic audio offering; social and compact design, quality tier 2."
I0037,electronics,audio,B05,Audio 38,181.48,3,social premium,0,0,2025-10-01,north south east west central coastal,any,0.0,"Synthetic audio offering; social and premium design, quality tier 3."
I0038,electronics,audio,B06,Audio 39,183.76,4,practical premium,0,0,2025-10-01,north south east west central coastal,any,0.0,"Synthetic audio offering; practical and premium design, quality tier 4."
I0039,electronics,audio,B07,Audio 40,148.8,5,social eco,0,0,2025-10-01,north south east west central coastal,any,0.2,"Synthetic audio offering; social and eco design, quality tier 5."
I0040,electronics,audio,B00,Audio 41,80.9,1,practical active,0,0,2025-10-01,north south east west central coastal,any,0.0,"Synthetic audio offering; practical and active design, quality tier 1."
I0041,electronics,audio,B01,Audio 42,147.54,2,creative premium,0,0,2025-10-01,north south east west central coastal,any,0.3,"Synthetic audio offering; creative and premium design, quality tier 2."
I0042,electronics,audio,B02,Audio 43,155.5,3,eco active,0,0,2025-10-01,central north west,any,0.0,"Synthetic audio offering; eco and active design, quality tier 3."
I0043,electronics,audio,B03,Audio 44,161.81,4,creative compact,0,0,2025-10-01,north south east west central coastal,any,0.0,"Synthetic audio offering; creative and compact design, quality tier 4."
I0044,electronics,audio,B04,Audio 45,190.43,5,practical compact,0,0,2025-10-01,north south east west central coastal,any,0.0,"Synthetic audio offering; practical and compact design, quality tier 5."
I0045,electronics,audio,B05,Audio 46,81.18,1,creative practical,0,0,2026-05-01,north south east west central coastal,any,0.0,"Synthetic audio offering; creative and practical design, quality tier 1."
I0046,electronics,audio,B06,Audio 47,116.73,2,eco active,0,0,2026-05-01,north south east west central coastal,any,0.0,"Synthetic audio offering; eco and active design, quality tier 2."
I0047,electronics,audio,B07,Audio 48,192.62,3,creative compact,0,0,2026-05-01,north south east west central coastal,any,0.0,"Synthetic audio offering; creative and compact design, quality tier 3."
I0048,electronics,audio,B00,Audio 49,172.97,4,eco practical,0,0,2026-05-01,north south east west central coastal,any,0.0,"Synthetic audio offering; eco and practical design, quality tier 4."
I0049,electronics,audio,B01,Audio 50,177.28,5,creative premium,0,0,2026-05-01,north south east west central coastal,any,0.3,"Synthetic audio offering; creative and premium design, quality tier 5."
I0050,electronics,computing,B00,Computing 01,603.65,1,practical family,0,0,2025-10-01,north south east west central coastal,any,0.1,"Synthetic computing offering; practical and family design, quality tier 1."
I0051,electronics,computing,B01,Computing 02,539.78,2,practical eco,0,0,2025-10-01,north south east west central coastal,any,0.1,"Synthetic computing offering; practical and eco design, quality tier 2."
I0052,electronics,computing,B02,Computing 03,512.51,3,social active,0,0,2025-10-01,north south east west central coastal,any,0.2,"Synthetic computing offering; social and active design, quality tier 3."
I0053,electronics,computing,B03,Computing 04,702.11,4,active creative,0,0,2025-10-01,central east west,any,0.2,"Synthetic computing offering; active and creative design, quality tier 4."
I0054,electronics,computing,B04,Computing 05,795.15,5,compact practical,0,0,2025-10-01,north south east west central coastal,any,0.1,"Synthetic computing offering; compact and practical design, quality tier 5."
I0055,electronics,computing,B05,Computing 06,293.35,1,premium creative,0,0,2025-10-01,north south east west central coastal,any,0.1,"Synthetic computing offering; premium and creative design, quality tier 1."
I0056,electronics,computing,B06,Computing 07,729.18,2,eco family,0,0,2025-10-01,north south east west central coastal,any,0.0,"Synthetic computing offering; eco and family design, quality tier 2."
I0057,electronics,computing,B07,Computing 08,1099.73,3,creative social,0,0,2025-10-01,north south east west central coastal,any,0.0,"Synthetic computing offering; creative and social design, quality tier 3."
I0058,electronics,computing,B00,Computing 09,682.84,4,social family,0,0,2025-10-01,north south east west central coastal,any,0.0,"Synthetic computing offering; social and family design, quality tier 4."
I0059,electronics,computing,B01,Computing 10,1019.19,5,premium compact,0,0,2025-10-01,north south east west central coastal,any,0.0,"Synthetic computing offering; premium and compact design, quality tier 5."
I0060,electronics,computing,B02,Computing 11,404.35,1,active practical,0,0,2025-10-01,north south east west central coastal,any,0.0,"Synthetic computing offering; active and practical design, quality tier 1."
I0061,electronics,computing,B03,Computing 12,362.75,2,creative active,0,0,2025-10-01,north south east west central coastal,any,0.0,"Synthetic computing offering; creative and active design, quality tier 2."
I0062,electronics,computing,B04,Computing 13,435.08,3,compact family,0,0,2025-10-01,north south east west central coastal,any,0.0,"Synthetic computing offering; compact and family design, quality tier 3."
I0063,electronics,computing,B05,Computing 14,844.39,4,eco family,0,0,2025-10-01,north south east west central coastal,any,0.0,"Synthetic computing offering; eco and family design, quality tier 4."
I0064,electronics,computing,B06,Computing 15,981.59,5,practical eco,0,0,2025-10-01,north south east west central coastal,any,0.3,"Synthetic computing offering; practical and eco design, quality tier 5."
I0065,electronics,computing,B07,Computing 16,353.88,1,family active,0,0,2025-10-01,north south east west central coastal,any,0.0,"Synthetic computing offering; family and active design, quality tier 1."
I0066,electronics,computing,B00,Computing 17,524.21,2,compact social,0,0,2025-10-01,north south east west central coastal,any,0.0,"Synthetic computing offering; compact and social design, quality tier 2."
I0067,electronics,computing,B01,Computing 18,661.05,3,active compact,0,0,2025-10-01,north south east west central coastal,any,0.0,"Synthetic computing offering; active and compact design, quality tier 3."
I0068,electronics,computing,B02,Computing 19,993.8,4,creative practical,0,0,2025-10-01,north south west,any,0.0,"Synthetic computing offering; creative and practical design, quality tier 4."
I0069,electronics,computing,B03,Computing 20,776.29,5,active premium,0,0,2025-10-01,north south east west central coastal,any,0.2,"Synthetic computing offering; active and premium design, quality tier 5."
I0070,electronics,computing,B04,Computing 21,319.57,1,premium creative,0,0,2025-10-01,north south east west central coastal,any,0.2,"Synthetic computing offering; premium and creative design, quality tier 1."
I0071,electronics,computing,B05,Computing 22,449.63,2,family premium,0,0,2025-10-01,north south east west central coastal,any,0.1,"Synthetic computing offering; family and premium design, quality tier 2."
I0072,electronics,computing,B06,Computing 23,679.0,3,premium active,0,0,2025-10-01,north south east west central coastal,any,0.2,"Synthetic computing offering; premium and active design, quality tier 3."
I0073,electronics,computing,B07,Computing 24,761.23,4,active compact,0,0,2025-10-01,north south east west central coastal,any,0.0,"Synthetic computing offering; active and compact design, quality tier 4."
I0074,electronics,computing,B00,Computing 25,644.31,5,family practical,0,0,2025-10-01,north south east west central coastal,any,0.1,"Synthetic computing offering; family and practical design, quality tier 5."
I0075,electronics,computing,B01,Computing 26,458.43,1,family premium,0,0,2025-10-01,north south east west central coastal,any,0.1,"Synthetic computing offering; family and premium design, quality tier 1."
I0076,electronics,computing,B02,Computing 27,356.09,2,practical creative,0,0,2025-10-01,north south east west central coastal,any,0.1,"Synthetic computing offering; practical and creative design, quality tier 2."
I0077,electronics,computing,B03,Computing 28,756.16,3,practical active,0,0,2025-10-01,north south east west central coastal,any,0.1,"Synthetic computing offering; practical and active design, quality tier 3."
I0078,electronics,computing,B04,Computing 29,826.62,4,practical premium,0,0,2025-10-01,north south east west central coastal,any,0.1,"Synthetic computing offering; practical and premium design, quality tier 4."
I0079,electronics,computing,B05,Computing 30,806.0,5,social family,0,0,2025-10-01,north south east west central coastal,any,0.0,"Synthetic computing offering; social and family design, quality tier 5."
I0080,electronics,computing,B06,Computing 31,357.75,1,premium eco,0,0,2025-10-01,north south east west central coastal,any,0.0,"Synthetic computing offering; premium and eco design, quality tier 1."
I0081,electronics,computing,B07,Computing 32,491.04,2,active social,0,0,2025-10-01,north south east west central coastal,any,0.0,"Synthetic computing offering; active and social design, quality tier 2."
I0082,electronics,computing,B00,Computing 33,743.06,3,family social,0,0,2025-10-01,north south east west central coastal,any,0.1,"Synthetic computing offering; family and social design, quality tier 3."
I0083,electronics,computing,B01,Computing 34,472.78,4,eco active,0,0,2025-10-01,north south east west central coastal,any,0.0,"Synthetic computing offering; eco and active design, quality tier 4."
I0084,electronics,computing,B02,Computing 35,1047.5,5,creative premium,0,0,2025-10-01,north south east west central coastal,any,0.0,"Synthetic computing offering; creative and premium design, quality tier 5."
I0085,electronics,computing,B03,Computing 36,354.65,1,compact social,0,0,2025-10-01,north south east west central coastal,any,0.2,"Synthetic computing offering; compact and social design, quality tier 1."
I0086,electronics,computing,B04,Computing 37,350.93,2,creative practical,0,0,2025-10-01,north south east west central coastal,any,0.2,"Synthetic computing offering; creative and practical design, quality tier 2."
I0087,electronics,computing,B05,Computing 38,853.87,3,practical premium,0,0,2025-10-01,north south east west central coastal,any,0.0,"Synthetic computing offering; practical and premium design, quality tier 3."
I0088,electronics,computing,B06,Computing 39,571.96,4,creative social,0,0,2025-10-01,north south east west central coastal,any,0.3,"Synthetic computing offering; creative and social design, quality tier 4."
I0089,electronics,computing,B07,Computing 40,1021.06,5,compact active,0,0,2025-10-01,north south east west central coastal,any,0.1,"Synthetic computing offering; compact and active design, quality tier 5."
I0090,electronics,computing,B00,Computing 41,443.05,1,compact active,0,0,2025-10-01,north south east west central coastal,any,0.3,"Synthetic computing offering; compact and active design, quality tier 1."
I0091,electronics,computing,B01,Computing 42,639.35,2,compact eco,0,0,2025-10-01,north south east west central coastal,any,0.0,"Synthetic computing offering; compact and eco design, quality tier 2."
I0092,electronics,computing,B02,Computing 43,803.44,3,eco practical,0,0,2025-10-01,north south east west central coastal,any,0.2,"Synthetic computing offering; eco and practical design, quality tier 3."
I0093,electronics,computing,B03,Computing 44,897.49,4,practical compact,0,0,2025-10-01,north south east west central coastal,any,0.0,"Synthetic computing offering; practical and compact design, quality tier 4."
I0094,electronics,computing,B04,Computing 45,1039.45,5,creative practical,0,0,2025-10-01,north south east west central coastal,any,0.1,"Synthetic computing offering; creative and practical design, quality tier 5."
I0095,electronics,computing,B05,Computing 46,497.34,1,compact practical,0,0,2026-05-01,north south east west central coastal,any,0.1,"Synthetic computing offering; compact and practical design, quality tier 1."
I0096,electronics,computing,B06,Computing 47,504.17,2,family premium,0,0,2026-05-01,north south east west central coastal,any,0.1,"Synthetic computing offering; family and premium design, quality tier 2."
I0097,electronics,computing,B07,Computing 48,532.89,3,compact practical,0,0,2026-05-01,north south east west central coastal,any,0.0,"Synthetic computing offering; compact and practical design, quality tier 3."
I0098,electronics,computing,B00,Computing 49,748.1,4,creative social,0,0,2026-05-01,north south east west central coastal,any,0.0,"Synthetic computing offering; creative and social design, quality tier 4."
I0099,electronics,computing,B01,Computing 50,985.87,5,creative premium,0,0,2026-05-01,north south east west central coastal,any,0.0,"Synthetic computing offering; creative and premium design, quality tier 5."
I0100,electronics,mobile_accessories,B00,Mobile Accessories 01,30.08,1,family eco,0,0,2025-10-01,north south east west central coastal,android,0.1,"Synthetic mobile accessories offering; family and eco design, quality tier 1."
I0101,electronics,mobile_accessories,B01,Mobile Accessories 02,60.9,2,eco compact,0,0,2025-10-01,north south east west central coastal,ios,0.0,"Synthetic mobile accessories offering; eco and compact design, quality tier 2."
I0102,electronics,mobile_accessories,B02,Mobile Accessories 03,70.76,3,family social,0,0,2025-10-01,north south east west central coastal,any,0.0,"Synthetic mobile accessories offering; family and social design, quality tier 3."
I0103,electronics,mobile_accessories,B03,Mobile Accessories 04,48.74,4,eco social,0,0,2025-10-01,north south east west central coastal,any,0.3,"Synthetic mobile accessories offering; eco and social design, quality tier 4."
I0104,electronics,mobile_accessories,B04,Mobile Accessories 05,68.35,5,family compact,0,0,2025-10-01,north south east west central coastal,ios,0.0,"Synthetic mobile accessories offering; family and compact design, quality tier 5."
I0105,electronics,mobile_accessories,B05,Mobile Accessories 06,25.04,1,eco creative,0,0,2025-10-01,north south east west central coastal,ios,0.0,"Synthetic mobile accessories offering; eco and creative design, quality tier 1."
I0106,electronics,mobile_accessories,B06,Mobile Accessories 07,63.8,2,family premium,0,0,2025-10-01,north south east west central coastal,any,0.0,"Synthetic mobile accessories offering; family and premium design, quality tier 2."
I0107,electronics,mobile_accessories,B07,Mobile Accessories 08,70.49,3,premium social,0,0,2025-10-01,coastal north west,ios,0.0,"Synthetic mobile accessories offering; premium and social design, quality tier 3."
I0108,electronics,mobile_accessories,B00,Mobile Accessories 09,82.78,4,creative eco,0,0,2025-10-01,central east south,android,0.1,"Synthetic mobile accessories offering; creative and eco design, quality tier 4."
I0109,electronics,mobile_accessories,B01,Mobile Accessories 10,75.55,5,social eco,0,0,2025-10-01,north south east west central coastal,ios,0.0,"Synthetic mobile accessories offering; social and eco design, quality tier 5."
I0110,electronics,mobile_accessories,B02,Mobile Accessories 11,22.66,1,practical creative,0,0,2025-10-01,north south east west central coastal,android,0.0,"Synthetic mobile accessories offering; practical and creative design, quality tier 1."
I0111,electronics,mobile_accessories,B03,Mobile Accessories 12,37.08,2,creative compact,0,0,2025-10-01,north south east west central coastal,any,0.3,"Synthetic mobile accessories offering; creative and compact design, quality tier 2."
I0112,electronics,mobile_accessories,B04,Mobile Accessories 13,45.46,3,active family,0,0,2025-10-01,north south east west central coastal,any,0.0,"Synthetic mobile accessories offering; active and family design, quality tier 3."
I0113,electronics,mobile_accessories,B05,Mobile Accessories 14,59.91,4,compact social,0,0,2025-10-01,north south east west central coastal,any,0.0,"Synthetic mobile accessories offering; compact and social design, quality tier 4."
I0114,electronics,mobile_accessories,B06,Mobile Accessories 15,80.16,5,eco compact,0,0,2025-10-01,north south east west central coastal,any,0.0,"Synthetic mobile accessories offering; eco and compact design, quality tier 5."
I0115,electronics,mobile_accessories,B07,Mobile Accessories 16,26.09,1,practical premium,0,0,2025-10-01,north south east west central coastal,ios,0.1,"Synthetic mobile accessories offering; practical and premium design, quality tier 1."
I0116,electronics,mobile_accessories,B00,Mobile Accessories 17,34.88,2,compact active,0,0,2025-10-01,north south east west central coastal,android,0.1,"Synthetic mobile accessories offering; compact and active design, quality tier 2."
I0117,electronics,mobile_accessories,B01,Mobile Accessories 18,47.93,3,social compact,0,0,2025-10-01,north south east west central coastal,ios,0.0,"Synthetic mobile accessories offering; social and compact design, quality tier 3."
I0118,electronics,mobile_accessories,B02,Mobile Accessories 19,68.72,4,practical eco,0,0,2025-10-01,north south east west central coastal,any,0.0,"Synthetic mobile accessories offering; practical and eco design, quality tier 4."
I0119,electronics,mobile_accessories,B03,Mobile Accessories 20,97.6,5,family premium,0,0,2025-10-01,north south east west central coastal,any,0.0,"Synthetic mobile accessories offering; family and premium design, quality tier 5."
I0120,electronics,mobile_accessories,B04,Mobile Accessories 21,25.89,1,compact premium,0,0,2025-10-01,north south east west central coastal,android,0.0,"Synthetic mobile accessories offering; compact and premium design, quality tier 1."
I0121,electronics,mobile_accessories,B05,Mobile Accessories 22,41.37,2,practical compact,0,0,2025-10-01,north south east west central coastal,any,0.0,"Synthetic mobile accessories offering; practical and compact design, quality tier 2."
I0122,electronics,mobile_accessories,B06,Mobile Accessories 23,75.15,3,social active,0,0,2025-10-01,north south east west central coastal,any,0.0,"Synthetic mobile accessories offering; social and active design, quality tier 3."
I0123,electronics,mobile_accessories,B07,Mobile Accessories 24,67.87,4,active family,0,0,2025-10-01,north south east west central coastal,any,0.0,"Synthetic mobile accessories offering; active and family design, quality tier 4."
I0124,electronics,mobile_accessories,B00,Mobile Accessories 25,83.34,5,premium social,0,0,2025-10-01,north south east west central coastal,any,0.0,"Synthetic mobile accessories offering; premium and social design, quality tier 5."
I0125,electronics,mobile_accessories,B01,Mobile Accessories 26,23.27,1,family compact,0,0,2025-10-01,north south east west central coastal,android,0.1,"Synthetic mobile accessories offering; family and compact design, quality tier 1."
I0126,electronics,mobile_accessories,B02,Mobile Accessories 27,47.22,2,creative family,0,0,2025-10-01,north south east west central coastal,android,0.0,"Synthetic mobile accessories offering; creative and family design, quality tier 2."
I0127,electronics,mobile_accessories,B03,Mobile Accessories 28,31.24,3,eco family,0,0,2025-10-01,north south east west central coastal,any,0.2,"Synthetic mobile accessories offering; eco and family design, quality tier 3."
I0128,electronics,mobile_accessories,B04,Mobile Accessories 29,72.08,4,family practical,0,0,2025-10-01,central east north,ios,0.0,"Synthetic mobile accessories offering; family and practical design, quality tier 4."
I0129,electronics,mobile_accessories,B05,Mobile Accessories 30,66.35,5,premium compact,0,0,2025-10-01,north south east west central coastal,any,0.0,"Synthetic mobile accessories offering; premium and compact design, quality tier 5."
I0130,electronics,mobile_accessories,B06,Mobile Accessories 31,30.84,1,compact eco,0,0,2025-10-01,north south east west central coastal,any,0.0,"Synthetic mobile accessories offering; compact and eco design, quality tier 1."
I0131,electronics,mobile_accessories,B07,Mobile Accessories 32,30.0,2,premium family,0,0,2025-10-01,north south east west central coastal,any,0.0,"Synthetic mobile accessories offering; premium and family design, quality tier 2."
I0132,electronics,mobile_accessories,B00,Mobile Accessories 33,66.77,3,compact active,0,0,2025-10-01,north south east west central coastal,any,0.3,"Synthetic mobile accessories offering; compact and active design, quality tier 3."
I0133,electronics,mobile_accessories,B01,Mobile Accessories 34,56.15,4,social eco,0,0,2025-10-01,north south east west central coastal,ios,0.1,"Synthetic mobile accessories offering; social and eco design, quality tier 4."
I0134,electronics,mobile_accessories,B02,Mobile Accessories 35,60.69,5,premium eco,0,0,2025-10-01,central east north,android,0.0,"Synthetic mobile accessories offering; premium and eco design, quality tier 5."
I0135,electronics,mobile_accessories,B03,Mobile Accessories 36,32.97,1,eco social,0,0,2025-10-01,north south east west central coastal,any,0.3,"Synthetic mobile accessories offering; eco and social design, quality tier 1."
I0136,electronics,mobile_accessories,B04,Mobile Accessories 37,39.81,2,practical compact,0,0,2025-10-01,north south east west central coastal,any,0.0,"Synthetic mobile accessories offering; practical and compact design, quality tier 2."
I0137,electronics,mobile_accessories,B05,Mobile Accessories 38,65.09,3,premium compact,0,0,2025-10-01,north south east west central coastal,ios,0.2,"Synthetic mobile accessories offering; premium and compact design, quality tier 3."
I0138,electronics,mobile_accessories,B06,Mobile Accessories 39,66.43,4,family premium,0,0,2025-10-01,north south east west central coastal,android,0.0,"Synthetic mobile accessories offering; family and premium design, quality tier 4."
I0139,electronics,mobile_accessories,B07,Mobile Accessories 40,74.65,5,family practical,0,0,2025-10-01,north south east west central coastal,any,0.0,"Synthetic mobile accessories offering; family and practical design, quality tier 5."
I0140,electronics,mobile_accessories,B00,Mobile Accessories 41,25.76,1,creative compact,0,0,2025-10-01,north south east west central coastal,ios,0.0,"Synthetic mobile accessories offering; creative and compact design, quality tier 1."
I0141,electronics,mobile_accessories,B01,Mobile Accessories 42,32.16,2,premium active,0,0,2025-10-01,north south east west central coastal,any,0.0,"Synthetic mobile accessories offering; premium and active design, quality tier 2."
I0142,electronics,mobile_accessories,B02,Mobile Accessories 43,40.86,3,family active,0,0,2025-10-01,north south east west central coastal,any,0.0,"Synthetic mobile accessories offering; family and active design, quality tier 3."
I0143,electronics,mobile_accessories,B03,Mobile Accessories 44,66.45,4,creative eco,0,0,2025-10-01,east north south,any,0.2,"Synthetic mobile accessories offering; creative and eco design, quality tier 4."
I0144,electronics,mobile_accessories,B04,Mobile Accessories 45,77.23,5,eco social,0,0,2025-10-01,north south east west central coastal,ios,0.3,"Synthetic mobile accessories offering; eco and social design, quality tier 5."
I0145,electronics,mobile_accessories,B05,Mobile Accessories 46,31.43,1,social eco,0,0,2026-05-01,north south east west central coastal,android,0.0,"Synthetic mobile accessories offering; social and eco design, quality tier 1."
I0146,electronics,mobile_accessories,B06,Mobile Accessories 47,70.08,2,eco social,0,0,2026-05-01,north south east west central coastal,any,0.2,"Synthetic mobile accessories offering; eco and social design, quality tier 2."
I0147,electronics,mobile_accessories,B07,Mobile Accessories 48,51.53,3,social eco,0,0,2026-05-01,north south east west central coastal,android,0.1,"Synthetic mobile accessories offering; social and eco design, quality tier 3."
I0148,electronics,mobile_accessories,B00,Mobile Accessories 49,82.07,4,premium compact,0,0,2026-05-01,central south west,android,0.0,"Synthetic mobile accessories offering; premium and compact design, quality tier 4."
I0149,electronics,mobile_accessories,B01,Mobile Accessories 50,116.98,5,premium social,0,0,2026-05-01,north south east west central coastal,ios,0.0,"Synthetic mobile accessories offering; premium and social design, quality tier 5."
I0150,electronics,smart_devices,B00,Smart Devices 01,127.31,1,active eco,0,0,2025-10-01,north south east west central coastal,any,0.0,"Synthetic smart devices offering; active and eco design, quality tier 1."
I0151,electronics,smart_devices,B01,Smart Devices 02,209.27,2,active creative,0,0,2025-10-01,coastal south west,ios,0.0,"Synthetic smart devices offering; active and creative design, quality tier 2."
I0152,electronics,smart_devices,B02,Smart Devices 03,393.25,3,family social,0,0,2025-10-01,north south east west central coastal,any,0.0,"Synthetic smart devices offering; family and social design, quality tier 3."
I0153,electronics,smart_devices,B03,Smart Devices 04,293.29,4,eco social,0,0,2025-10-01,north south east west central coastal,any,0.0,"Synthetic smart devices offering; eco and social design, quality tier 4."
I0154,electronics,smart_devices,B04,Smart Devices 05,203.07,5,eco social,0,0,2025-10-01,north south east west central coastal,android,0.0,"Synthetic smart devices offering; eco and social design, quality tier 5."
I0155,electronics,smart_devices,B05,Smart Devices 06,136.47,1,creative premium,0,0,2025-10-01,coastal south west,ios,0.0,"Synthetic smart devices offering; creative and premium design, quality tier 1."
I0156,electronics,smart_devices,B06,Smart Devices 07,137.49,2,eco creative,0,0,2025-10-01,north south east west central coastal,ios,0.0,"Synthetic smart devices offering; eco and creative design, quality tier 2."
I0157,electronics,smart_devices,B07,Smart Devices 08,175.3,3,compact creative,0,0,2025-10-01,north south east west central coastal,any,0.0,"Synthetic smart devices offering; compact and creative design, quality tier 3."
I0158,electronics,smart_devices,B00,Smart Devices 09,386.09,4,social family,0,0,2025-10-01,central east north,any,0.1,"Synthetic smart devices offering; social and family design, quality tier 4."
I0159,electronics,smart_devices,B01,Smart Devices 10,299.12,5,practical premium,0,0,2025-10-01,north south east west central coastal,any,0.0,"Synthetic smart devices offering; practical and premium design, quality tier 5."
I0160,electronics,smart_devices,B02,Smart Devices 11,150.41,1,practical active,0,0,2025-10-01,north south east west central coastal,android,0.1,"Synthetic smart devices offering; practical and active design, quality tier 1."
I0161,electronics,smart_devices,B03,Smart Devices 12,128.12,2,practical premium,0,0,2025-10-01,north south east west central coastal,android,0.0,"Synthetic smart devices offering; practical and premium design, quality tier 2."
I0162,electronics,smart_devices,B04,Smart Devices 13,162.0,3,creative eco,0,0,2025-10-01,north south east west central coastal,android,0.2,"Synthetic smart devices offering; creative and eco design, quality tier 3."
I0163,electronics,smart_devices,B05,Smart Devices 14,235.16,4,creative social,0,0,2025-10-01,north south east west central coastal,any,0.0,"Synthetic smart devices offering; creative and social design, quality tier 4."
I0164,electronics,smart_devices,B06,Smart Devices 15,253.04,5,social eco,0,0,2025-10-01,north south east west central coastal,ios,0.0,"Synthetic smart devices offering; social and eco design, quality tier 5."
I0165,electronics,smart_devices,B07,Smart Devices 16,117.26,1,premium social,0,0,2025-10-01,central east south,android,0.0,"Synthetic smart devices offering; premium and social design, quality tier 1."
I0166,electronics,smart_devices,B00,Smart Devices 17,131.58,2,practical family,0,0,2025-10-01,north south east west central coastal,any,0.0,"Synthetic smart devices offering; practical and family design, quality tier 2."
I0167,electronics,smart_devices,B01,Smart Devices 18,198.3,3,compact eco,0,0,2025-10-01,north south east west central coastal,android,0.1,"Synthetic smart devices offering; compact and eco design, quality tier 3."
I0168,electronics,smart_devices,B02,Smart Devices 19,343.59,4,active practical,0,0,2025-10-01,north south east west central coastal,any,0.2,"Synthetic smart devices offering; active and practical design, quality tier 4."
I0169,electronics,smart_devices,B03,Smart Devices 20,255.94,5,creative family,0,0,2025-10-01,north south east west central coastal,android,0.0,"Synthetic smart devices offering; creative and family design, quality tier 5."
I0170,electronics,smart_devices,B04,Smart Devices 21,152.67,1,compact practical,0,0,2025-10-01,north south east west central coastal,any,0.0,"Synthetic smart devices offering; compact and practical design, quality tier 1."
I0171,electronics,smart_devices,B05,Smart Devices 22,129.02,2,practical premium,0,0,2025-10-01,north south east west central coastal,ios,0.0,"Synthetic smart devices offering; practical and premium design, quality tier 2."
I0172,electronics,smart_devices,B06,Smart Devices 23,204.71,3,creative social,0,0,2025-10-01,north south east west central coastal,any,0.0,"Synthetic smart devices offering; creative and social design, quality tier 3."
I0173,electronics,smart_devices,B07,Smart Devices 24,234.16,4,social family,0,0,2025-10-01,central east south,android,0.0,"Synthetic smart devices offering; social and family design, quality tier 4."
I0174,electronics,smart_devices,B00,Smart Devices 25,389.62,5,social creative,0,0,2025-10-01,north south east west central coastal,any,0.0,"Synthetic smart devices offering; social and creative design, quality tier 5."
I0175,electronics,smart_devices,B01,Smart Devices 26,160.45,1,family practical,0,0,2025-10-01,north south east west central coastal,any,0.0,"Synthetic smart devices offering; family and practical design, quality tier 1."
I0176,electronics,smart_devices,B02,Smart Devices 27,132.31,2,eco creative,0,0,2025-10-01,north south east west central coastal,ios,0.0,"Synthetic smart devices offering; eco and creative design, quality tier 2."
I0177,electronics,smart_devices,B03,Smart Devices 28,184.67,3,compact active,0,0,2025-10-01,north south east west central coastal,ios,0.1,"Synthetic smart devices offering; compact and active design, quality tier 3."
I0178,electronics,smart_devices,B04,Smart Devices 29,252.31,4,premium family,0,0,2025-10-01,central north south,android,0.0,"Synthetic smart devices offering; premium and family design, quality tier 4."
I0179,electronics,smart_devices,B05,Smart Devices 30,314.17,5,creative practical,0,0,2025-10-01,north south east west central coastal,ios,0.0,"Synthetic smart devices offering; creative and practical design, quality tier 5."
I0180,electronics,smart_devices,B06,Smart Devices 31,110.85,1,family premium,0,0,2025-10-01,north south east west central coastal,android,0.1,"Synthetic smart devices offering; family and premium design, quality tier 1."
I0181,electronics,smart_devices,B07,Smart Devices 32,154.31,2,practical active,0,0,2025-10-01,east south west,android,0.2,"Synthetic smart devices offering; practical and active design, quality tier 2."
I0182,electronics,smart_devices,B00,Smart Devices 33,179.91,3,creative active,0,0,2025-10-01,north south east west central coastal,android,0.0,"Synthetic smart devices offering; creative and active design, quality tier 3."
I0183,electronics,smart_devices,B01,Smart Devices 34,179.42,4,family practical,0,0,2025-10-01,north south east west central coastal,android,0.0,"Synthetic smart devices offering; family and practical design, quality tier 4."
I0184,electronics,smart_devices,B02,Smart Devices 35,220.89,5,compact creative,0,0,2025-10-01,north south east west central coastal,android,0.0,"Synthetic smart devices offering; compact and creative design, quality tier 5."
I0185,electronics,smart_devices,B03,Smart Devices 36,109.72,1,social practical,0,0,2025-10-01,north south east west central coastal,ios,0.0,"Synthetic smart devices offering; social and practical design, quality tier 1."
I0186,electronics,smart_devices,B04,Smart Devices 37,195.91,2,creative premium,0,0,2025-10-01,central east south,android,0.0,"Synthetic smart devices offering; creative and premium design, quality tier 2."
I0187,electronics,smart_devices,B05,Smart Devices 38,178.27,3,eco active,0,0,2025-10-01,north south east west central coastal,any,0.0,"Synthetic smart devices offering; eco and active design, quality tier 3."
I0188,electronics,smart_devices,B06,Smart Devices 39,236.33,4,eco premium,0,0,2025-10-01,north south east west central coastal,any,0.2,"Synthetic smart devices offering; eco and premium design, quality tier 4."
I0189,electronics,smart_devices,B07,Smart Devices 40,316.82,5,creative social,0,0,2025-10-01,north south east west central coastal,any,0.0,"Synthetic smart devices offering; creative and social design, quality tier 5."
I0190,electronics,smart_devices,B00,Smart Devices 41,96.04,1,active creative,0,0,2025-10-01,north south east west central coastal,android,0.0,"Synthetic smart devices offering; active and creative design, quality tier 1."
I0191,electronics,smart_devices,B01,Smart Devices 42,176.1,2,practical creative,0,0,2025-10-01,north south east west central coastal,any,0.0,"Synthetic smart devices offering; practical and creative design, quality tier 2."
I0192,electronics,smart_devices,B02,Smart Devices 43,216.87,3,social premium,0,0,2025-10-01,central coastal north,any,0.2,"Synthetic smart devices offering; social and premium design, quality tier 3."
I0193,electronics,smart_devices,B03,Smart Devices 44,435.13,4,practical compact,0,0,2025-10-01,north south east west central coastal,any,0.2,"Synthetic smart devices offering; practical and compact design, quality tier 4."
I0194,electronics,smart_devices,B04,Smart Devices 45,321.77,5,eco premium,0,0,2025-10-01,north south east west central coastal,android,0.2,"Synthetic smart devices offering; eco and premium design, quality tier 5."
I0195,electronics,smart_devices,B05,Smart Devices 46,66.48,1,premium family,0,0,2026-05-01,north south east west central coastal,any,0.1,"Synthetic smart devices offering; premium and family design, quality tier 1."
I0196,electronics,smart_devices,B06,Smart Devices 47,190.07,2,premium eco,0,0,2026-05-01,north south east west central coastal,any,0.0,"Synthetic smart devices offering; premium and eco design, quality tier 2."
I0197,electronics,smart_devices,B07,Smart Devices 48,269.21,3,compact social,0,0,2026-05-01,north south east west central coastal,any,0.0,"Synthetic smart devices offering; compact and social design, quality tier 3."
I0198,electronics,smart_devices,B00,Smart Devices 49,174.5,4,family practical,0,0,2026-05-01,north south east west central coastal,android,0.0,"Synthetic smart devices offering; family and practical design, quality tier 4."
I0199,electronics,smart_devices,B01,Smart Devices 50,312.63,5,premium eco,0,0,2026-05-01,north south east west central coastal,android,0.0,"Synthetic smart devices offering; premium and eco design, quality tier 5."
I0200,home,kitchen,B08,Kitchen 01,70.05,1,family social,0,0,2025-10-01,north south east west central coastal,any,0.0,"Synthetic kitchen offering; family and social design, quality tier 1."
I0201,home,kitchen,B09,Kitchen 02,109.22,2,creative practical,0,0,2025-10-01,coastal south west,any,0.0,"Synthetic kitchen offering; creative and practical design, quality tier 2."
I0202,home,kitchen,B10,Kitchen 03,125.0,3,practical family,0,0,2025-10-01,north south east west central coastal,any,0.0,"Synthetic kitchen offering; practical and family design, quality tier 3."
I0203,home,kitchen,B11,Kitchen 04,156.22,4,practical eco,0,0,2025-10-01,north south east west central coastal,any,0.0,"Synthetic kitchen offering; practical and eco design, quality tier 4."
I0204,home,kitchen,B12,Kitchen 05,155.33,5,creative family,0,0,2025-10-01,north south east west central coastal,any,0.0,"Synthetic kitchen offering; creative and family design, quality tier 5."
I0205,home,kitchen,B13,Kitchen 06,90.55,1,compact family,0,0,2025-10-01,central coastal north,any,0.0,"Synthetic kitchen offering; compact and family design, quality tier 1."
I0206,home,kitchen,B14,Kitchen 07,56.47,2,compact family,0,0,2025-10-01,north south east west central coastal,any,0.0,"Synthetic kitchen offering; compact and family design, quality tier 2."
I0207,home,kitchen,B15,Kitchen 08,123.56,3,practical compact,0,0,2025-10-01,north south east west central coastal,any,0.0,"Synthetic kitchen offering; practical and compact design, quality tier 3."
I0208,home,kitchen,B08,Kitchen 09,159.48,4,premium family,0,0,2025-10-01,north south east west central coastal,any,0.0,"Synthetic kitchen offering; premium and family design, quality tier 4."
I0209,home,kitchen,B09,Kitchen 10,212.42,5,social practical,0,0,2025-10-01,north south east west central coastal,any,0.0,"Synthetic kitchen offering; social and practical design, quality tier 5."
I0210,home,kitchen,B10,Kitchen 11,61.99,1,practical active,0,0,2025-10-01,north south east west central coastal,any,0.3,"Synthetic kitchen offering; practical and active design, quality tier 1."
I0211,home,kitchen,B11,Kitchen 12,130.71,2,premium active,0,0,2025-10-01,central east north,any,0.0,"Synthetic kitchen offering; premium and active design, quality tier 2."
I0212,home,kitchen,B12,Kitchen 13,75.25,3,creative social,0,0,2025-10-01,north south east west central coastal,any,0.0,"Synthetic kitchen offering; creative and social design, quality tier 3."
I0213,home,kitchen,B13,Kitchen 14,130.9,4,creative premium,0,0,2025-10-01,north south east west central coastal,any,0.0,"Synthetic kitchen offering; creative and premium design, quality tier 4."
I0214,home,kitchen,B14,Kitchen 15,191.01,5,practical family,0,0,2025-10-01,north south east west central coastal,any,0.0,"Synthetic kitchen offering; practical and family design, quality tier 5."
I0215,home,kitchen,B15,Kitchen 16,107.73,1,compact practical,0,0,2025-10-01,north south east west central coastal,any,0.0,"Synthetic kitchen offering; compact and practical design, quality tier 1."
I0216,home,kitchen,B08,Kitchen 17,108.89,2,social eco,0,0,2025-10-01,north south east west central coastal,any,0.0,"Synthetic kitchen offering; social and eco design, quality tier 2."
I0217,home,kitchen,B09,Kitchen 18,144.44,3,family compact,0,0,2025-10-01,north south west,any,0.0,"Synthetic kitchen offering; family and compact design, quality tier 3."
I0218,home,kitchen,B10,Kitchen 19,149.46,4,compact practical,0,0,2025-10-01,north south east west central coastal,any,0.0,"Synthetic kitchen offering; compact and practical design, quality tier 4."
I0219,home,kitchen,B11,Kitchen 20,126.21,5,creative family,0,0,2025-10-01,coastal north south,any,0.3,"Synthetic kitchen offering; creative and family design, quality tier 5."
I0220,home,kitchen,B12,Kitchen 21,83.35,1,creative eco,0,0,2025-10-01,north south east west central coastal,any,0.0,"Synthetic kitchen offering; creative and eco design, quality tier 1."
I0221,home,kitchen,B13,Kitchen 22,111.37,2,family compact,0,0,2025-10-01,central coastal south,any,0.0,"Synthetic kitchen offering; family and compact design, quality tier 2."
I0222,home,kitchen,B14,Kitchen 23,148.91,3,active compact,0,0,2025-10-01,north south east west central coastal,any,0.0,"Synthetic kitchen offering; active and compact design, quality tier 3."
I0223,home,kitchen,B15,Kitchen 24,151.94,4,premium social,0,0,2025-10-01,north south east west central coastal,any,0.0,"Synthetic kitchen offering; premium and social design, quality tier 4."
I0224,home,kitchen,B08,Kitchen 25,193.78,5,creative practical,0,0,2025-10-01,north south east west central coastal,any,0.0,"Synthetic kitchen offering; creative and practical design, quality tier 5."
I0225,home,kitchen,B09,Kitchen 26,43.08,1,eco active,0,0,2025-10-01,north south east west central coastal,any,0.3,"Synthetic kitchen offering; eco and active design, quality tier 1."
I0226,home,kitchen,B10,Kitchen 27,86.54,2,eco social,0,0,2025-10-01,north south east west central coastal,any,0.0,"Synthetic kitchen offering; eco and social design, quality tier 2."
I0227,home,kitchen,B11,Kitchen 28,117.0,3,practical family,0,0,2025-10-01,east north south,any,0.0,"Synthetic kitchen offering; practical and family design, quality tier 3."
I0228,home,kitchen,B12,Kitchen 29,236.27,4,family active,0,0,2025-10-01,north south east west central coastal,any,0.0,"Synthetic kitchen offering; family and active design, quality tier 4."
I0229,home,kitchen,B13,Kitchen 30,221.16,5,practical family,0,0,2025-10-01,north south east west central coastal,any,0.0,"Synthetic kitchen offering; practical and family design, quality tier 5."
I0230,home,kitchen,B14,Kitchen 31,89.53,1,eco practical,0,0,2025-10-01,north south east west central coastal,any,0.0,"Synthetic kitchen offering; eco and practical design, quality tier 1."
I0231,home,kitchen,B15,Kitchen 32,101.68,2,family social,0,0,2025-10-01,coastal east south,any,0.0,"Synthetic kitchen offering; family and social design, quality tier 2."
I0232,home,kitchen,B08,Kitchen 33,123.76,3,family social,0,0,2025-10-01,north south east west central coastal,any,0.0,"Synthetic kitchen offering; family and social design, quality tier 3."
I0233,home,kitchen,B09,Kitchen 34,127.72,4,practical premium,0,0,2025-10-01,north south east west central coastal,any,0.3,"Synthetic kitchen offering; practical and premium design, quality tier 4."
I0234,home,kitchen,B10,Kitchen 35,228.62,5,social family,0,0,2025-10-01,north south east west central coastal,any,0.3,"Synthetic kitchen offering; social and family design, quality tier 5."
I0235,home,kitchen,B11,Kitchen 36,89.66,1,social premium,0,0,2025-10-01,north south east west central coastal,any,0.0,"Synthetic kitchen offering; social and premium design, quality tier 1."
I0236,home,kitchen,B12,Kitchen 37,101.52,2,practical premium,0,0,2025-10-01,north south east west central coastal,any,0.0,"Synthetic kitchen offering; practical and premium design, quality tier 2."
I0237,home,kitchen,B13,Kitchen 38,187.33,3,active family,0,0,2025-10-01,north south east west central coastal,any,0.0,"Synthetic kitchen offering; active and family design, quality tier 3."
I0238,home,kitchen,B14,Kitchen 39,152.65,4,premium compact,0,0,2025-10-01,central east west,any,0.0,"Synthetic kitchen offering; premium and compact design, quality tier 4."
I0239,home,kitchen,B15,Kitchen 40,167.74,5,social eco,0,0,2025-10-01,north south east west central coastal,any,0.3,"Synthetic kitchen offering; social and eco design, quality tier 5."
I0240,home,kitchen,B08,Kitchen 41,73.34,1,creative social,0,0,2025-10-01,north south east west central coastal,any,0.0,"Synthetic kitchen offering; creative and social design, quality tier 1."
I0241,home,kitchen,B09,Kitchen 42,121.16,2,social compact,0,0,2025-10-01,north south east west central coastal,any,0.1,"Synthetic kitchen offering; social and compact design, quality tier 2."
I0242,home,kitchen,B10,Kitchen 43,91.76,3,active premium,0,0,2025-10-01,north south east west central coastal,any,0.0,"Synthetic kitchen offering; active and premium design, quality tier 3."
I0243,home,kitchen,B11,Kitchen 44,166.25,4,creative practical,0,0,2025-10-01,north south east west central coastal,any,0.2,"Synthetic kitchen offering; creative and practical design, quality tier 4."
I0244,home,kitchen,B12,Kitchen 45,179.77,5,compact premium,0,0,2025-10-01,north south east west central coastal,any,0.0,"Synthetic kitchen offering; compact and premium design, quality tier 5."
I0245,home,kitchen,B13,Kitchen 46,59.49,1,eco active,0,0,2026-05-01,north south east west central coastal,any,0.1,"Synthetic kitchen offering; eco and active design, quality tier 1."
I0246,home,kitchen,B14,Kitchen 47,92.8,2,premium creative,0,0,2026-05-01,north south east west central coastal,any,0.0,"Synthetic kitchen offering; premium and creative design, quality tier 2."
I0247,home,kitchen,B15,Kitchen 48,125.58,3,active family,0,0,2026-05-01,north south east west central coastal,any,0.1,"Synthetic kitchen offering; active and family design, quality tier 3."
I0248,home,kitchen,B08,Kitchen 49,145.32,4,compact family,0,0,2026-05-01,north south east west central coastal,any,0.3,"Synthetic kitchen offering; compact and family design, quality tier 4."
I0249,home,kitchen,B09,Kitchen 50,233.86,5,social premium,0,0,2026-05-01,north south east west central coastal,any,0.3,"Synthetic kitchen offering; social and premium design, quality tier 5."
I0250,home,furnishings,B08,Furnishings 01,196.17,1,social premium,0,0,2025-10-01,north south east west central coastal,any,0.0,"Synthetic furnishings offering; social and premium design, quality tier 1."
I0251,home,furnishings,B09,Furnishings 02,149.09,2,premium family,0,0,2025-10-01,north south east west central coastal,any,0.1,"Synthetic furnishings offering; premium and family design, quality tier 2."
I0252,home,furnishings,B10,Furnishings 03,413.69,3,active premium,0,0,2025-10-01,central coastal north,any,0.0,"Synthetic furnishings offering; active and premium design, quality tier 3."
I0253,home,furnishings,B11,Furnishings 04,269.51,4,premium creative,0,0,2025-10-01,coastal east south,any,0.0,"Synthetic furnishings offering; premium and creative design, quality tier 4."
I0254,home,furnishings,B12,Furnishings 05,516.19,5,compact eco,0,0,2025-10-01,north south east west central coastal,any,0.0,"Synthetic furnishings offering; compact and eco design, quality tier 5."
I0255,home,furnishings,B13,Furnishings 06,187.58,1,social creative,0,0,2025-10-01,north south east west central coastal,any,0.2,"Synthetic furnishings offering; social and creative design, quality tier 1."
I0256,home,furnishings,B14,Furnishings 07,187.47,2,eco active,0,0,2025-10-01,north south east west central coastal,any,0.0,"Synthetic furnishings offering; eco and active design, quality tier 2."
I0257,home,furnishings,B15,Furnishings 08,175.62,3,compact practical,0,0,2025-10-01,north south east west central coastal,any,0.0,"Synthetic furnishings offering; compact and practical design, quality tier 3."
I0258,home,furnishings,B08,Furnishings 09,259.97,4,compact eco,0,0,2025-10-01,north south east west central coastal,any,0.0,"Synthetic furnishings offering; compact and eco design, quality tier 4."
I0259,home,furnishings,B09,Furnishings 10,418.53,5,active compact,0,0,2025-10-01,north south east west central coastal,any,0.2,"Synthetic furnishings offering; active and compact design, quality tier 5."
I0260,home,furnishings,B10,Furnishings 11,153.77,1,compact family,0,0,2025-10-01,north south east west central coastal,any,0.0,"Synthetic furnishings offering; compact and family design, quality tier 1."
I0261,home,furnishings,B11,Furnishings 12,272.61,2,premium active,0,0,2025-10-01,north south east west central coastal,any,0.2,"Synthetic furnishings offering; premium and active design, quality tier 2."
I0262,home,furnishings,B12,Furnishings 13,277.12,3,eco creative,0,0,2025-10-01,north south east west central coastal,any,0.1,"Synthetic furnishings offering; eco and creative design, quality tier 3."
I0263,home,furnishings,B13,Furnishings 14,424.75,4,family compact,0,0,2025-10-01,north south east west central coastal,any,0.0,"Synthetic furnishings offering; family and compact design, quality tier 4."
I0264,home,furnishings,B14,Furnishings 15,513.57,5,active compact,0,0,2025-10-01,north south east west central coastal,any,0.1,"Synthetic furnishings offering; active and compact design, quality tier 5."
I0265,home,furnishings,B15,Furnishings 16,239.23,1,premium active,0,0,2025-10-01,north south east west central coastal,any,0.3,"Synthetic furnishings offering; premium and active design, quality tier 1."
I0266,home,furnishings,B08,Furnishings 17,261.16,2,compact social,0,0,2025-10-01,north south east west central coastal,any,0.1,"Synthetic furnishings offering; compact and social design, quality tier 2."
I0267,home,furnishings,B09,Furnishings 18,166.02,3,eco creative,0,0,2025-10-01,north south east west central coastal,any,0.1,"Synthetic furnishings offering; eco and creative design, quality tier 3."
I0268,home,furnishings,B10,Furnishings 19,240.87,4,social eco,0,0,2025-10-01,north south east west central coastal,any,0.1,"Synthetic furnishings offering; social and eco design, quality tier 4."
I0269,home,furnishings,B11,Furnishings 20,511.31,5,creative eco,0,0,2025-10-01,central coastal east,any,0.0,"Synthetic furnishings offering; creative and eco design, quality tier 5."
I0270,home,furnishings,B12,Furnishings 21,178.82,1,premium eco,0,0,2025-10-01,central coastal east,any,0.3,"Synthetic furnishings offering; premium and eco design, quality tier 1."
I0271,home,furnishings,B13,Furnishings 22,177.52,2,social creative,0,0,2025-10-01,north south east west central coastal,any,0.0,"Synthetic furnishings offering; social and creative design, quality tier 2."
I0272,home,furnishings,B14,Furnishings 23,287.46,3,premium active,0,0,2025-10-01,north south east west central coastal,any,0.3,"Synthetic furnishings offering; premium and active design, quality tier 3."
I0273,home,furnishings,B15,Furnishings 24,428.6,4,creative active,0,0,2025-10-01,north south east west central coastal,any,0.2,"Synthetic furnishings offering; creative and active design, quality tier 4."
I0274,home,furnishings,B08,Furnishings 25,433.39,5,creative social,0,0,2025-10-01,north south east west central coastal,any,0.0,"Synthetic furnishings offering; creative and social design, quality tier 5."
I0275,home,furnishings,B09,Furnishings 26,130.01,1,practical creative,0,0,2025-10-01,north south east west central coastal,any,0.0,"Synthetic furnishings offering; practical and creative design, quality tier 1."
I0276,home,furnishings,B10,Furnishings 27,195.88,2,creative eco,0,0,2025-10-01,north south east west central coastal,any,0.0,"Synthetic furnishings offering; creative and eco design, quality tier 2."
I0277,home,furnishings,B11,Furnishings 28,228.86,3,active premium,0,0,2025-10-01,north south east west central coastal,any,0.0,"Synthetic furnishings offering; active and premium design, quality tier 3."
I0278,home,furnishings,B12,Furnishings 29,288.91,4,creative active,0,0,2025-10-01,north south east west central coastal,any,0.0,"Synthetic furnishings offering; creative and active design, quality tier 4."
I0279,home,furnishings,B13,Furnishings 30,361.95,5,eco social,0,0,2025-10-01,north south east west central coastal,any,0.2,"Synthetic furnishings offering; eco and social design, quality tier 5."
I0280,home,furnishings,B14,Furnishings 31,148.25,1,social active,0,0,2025-10-01,north south east west central coastal,any,0.0,"Synthetic furnishings offering; social and active design, quality tier 1."
I0281,home,furnishings,B15,Furnishings 32,172.9,2,premium compact,0,0,2025-10-01,north south east west central coastal,any,0.0,"Synthetic furnishings offering; premium and compact design, quality tier 2."
I0282,home,furnishings,B08,Furnishings 33,277.39,3,eco practical,0,0,2025-10-01,north south east west central coastal,any,0.0,"Synthetic furnishings offering; eco and practical design, quality tier 3."
I0283,home,furnishings,B09,Furnishings 34,415.66,4,creative social,0,0,2025-10-01,north south east west central coastal,any,0.2,"Synthetic furnishings offering; creative and social design, quality tier 4."
I0284,home,furnishings,B10,Furnishings 35,505.4,5,creative premium,0,0,2025-10-01,north south east west central coastal,any,0.0,"Synthetic furnishings offering; creative and premium design, quality tier 5."
I0285,home,furnishings,B11,Furnishings 36,212.43,1,social active,0,0,2025-10-01,north south east west central coastal,any,0.3,"Synthetic furnishings offering; social and active design, quality tier 1."
I0286,home,furnishings,B12,Furnishings 37,171.14,2,active family,0,0,2025-10-01,north south east west central coastal,any,0.0,"Synthetic furnishings offering; active and family design, quality tier 2."
I0287,home,furnishings,B13,Furnishings 38,208.38,3,practical social,0,0,2025-10-01,central east south,any,0.0,"Synthetic furnishings offering; practical and social design, quality tier 3."
I0288,home,furnishings,B14,Furnishings 39,294.96,4,practical social,0,0,2025-10-01,north south east west central coastal,any,0.0,"Synthetic furnishings offering; practical and social design, quality tier 4."
I0289,home,furnishings,B15,Furnishings 40,479.57,5,social active,0,0,2025-10-01,north south east west central coastal,any,0.0,"Synthetic furnishings offering; social and active design, quality tier 5."
I0290,home,furnishings,B08,Furnishings 41,184.69,1,practical compact,0,0,2025-10-01,north south east west central coastal,any,0.0,"Synthetic furnishings offering; practical and compact design, quality tier 1."
I0291,home,furnishings,B09,Furnishings 42,192.17,2,eco creative,0,0,2025-10-01,north south east west central coastal,any,0.1,"Synthetic furnishings offering; eco and creative design, quality tier 2."
I0292,home,furnishings,B10,Furnishings 43,240.01,3,eco creative,0,0,2025-10-01,coastal east north,any,0.0,"Synthetic furnishings offering; eco and creative design, quality tier 3."
I0293,home,furnishings,B11,Furnishings 44,343.62,4,compact social,0,0,2025-10-01,north south east west central coastal,any,0.0,"Synthetic furnishings offering; compact and social design, quality tier 4."
I0294,home,furnishings,B12,Furnishings 45,457.74,5,family active,0,0,2025-10-01,north south east west central coastal,any,0.1,"Synthetic furnishings offering; family and active design, quality tier 5."
I0295,home,furnishings,B13,Furnishings 46,152.22,1,family compact,0,0,2026-05-01,north south east west central coastal,any,0.3,"Synthetic furnishings offering; family and compact design, quality tier 1."
I0296,home,furnishings,B14,Furnishings 47,238.8,2,creative eco,0,0,2026-05-01,north south east west central coastal,any,0.0,"Synthetic furnishings offering; creative and eco design, quality tier 2."
I0297,home,furnishings,B15,Furnishings 48,303.11,3,social eco,0,0,2026-05-01,north south east west central coastal,any,0.0,"Synthetic furnishings offering; social and eco design, quality tier 3."
I0298,home,furnishings,B08,Furnishings 49,453.76,4,creative active,0,0,2026-05-01,north south east west central coastal,any,0.2,"Synthetic furnishings offering; creative and active design, quality tier 4."
I0299,home,furnishings,B09,Furnishings 50,468.26,5,eco premium,0,0,2026-05-01,north south east west central coastal,any,0.0,"Synthetic furnishings offering; eco and premium design, quality tier 5."
I0300,home,garden,B08,Garden 01,48.8,1,practical compact,0,0,2025-10-01,north south east west central coastal,any,0.0,"Synthetic garden offering; practical and compact design, quality tier 1."
I0301,home,garden,B09,Garden 02,97.34,2,social creative,0,0,2025-10-01,north south east west central coastal,any,0.0,"Synthetic garden offering; social and creative design, quality tier 2."
I0302,home,garden,B10,Garden 03,98.46,3,practical compact,0,0,2025-10-01,north south east west central coastal,any,0.1,"Synthetic garden offering; practical and compact design, quality tier 3."
I0303,home,garden,B11,Garden 04,116.08,4,premium compact,0,0,2025-10-01,north south east west central coastal,any,0.1,"Synthetic garden offering; premium and compact design, quality tier 4."
I0304,home,garden,B12,Garden 05,111.97,5,eco practical,0,0,2025-10-01,north south east west central coastal,any,0.0,"Synthetic garden offering; eco and practical design, quality tier 5."
I0305,home,garden,B13,Garden 06,50.61,1,eco social,0,0,2025-10-01,north south east west central coastal,any,0.0,"Synthetic garden offering; eco and social design, quality tier 1."
I0306,home,garden,B14,Garden 07,61.14,2,premium compact,0,0,2025-10-01,north south east west central coastal,any,0.0,"Synthetic garden offering; premium and compact design, quality tier 2."
I0307,home,garden,B15,Garden 08,108.01,3,premium compact,0,0,2025-10-01,north south east west central coastal,any,0.3,"Synthetic garden offering; premium and compact design, quality tier 3."
I0308,home,garden,B08,Garden 09,172.13,4,family creative,0,0,2025-10-01,north south east west central coastal,any,0.3,"Synthetic garden offering; family and creative design, quality tier 4."
I0309,home,garden,B09,Garden 10,151.35,5,practical premium,0,0,2025-10-01,north south east west central coastal,any,0.2,"Synthetic garden offering; practical and premium design, quality tier 5."
I0310,home,garden,B10,Garden 11,45.79,1,active creative,0,0,2025-10-01,north south east west central coastal,any,0.3,"Synthetic garden offering; active and creative design, quality tier 1."
I0311,home,garden,B11,Garden 12,69.27,2,practical social,0,0,2025-10-01,north south east west central coastal,any,0.0,"Synthetic garden offering; practical and social design, quality tier 2."
I0312,home,garden,B12,Garden 13,93.79,3,premium compact,0,0,2025-10-01,north south east west central coastal,any,0.1,"Synthetic garden offering; premium and compact design, quality tier 3."
I0313,home,garden,B13,Garden 14,128.36,4,premium social,0,0,2025-10-01,north south east west central coastal,any,0.0,"Synthetic garden offering; premium and social design, quality tier 4."
I0314,home,garden,B14,Garden 15,91.42,5,practical family,0,0,2025-10-01,north south east west central coastal,any,0.2,"Synthetic garden offering; practical and family design, quality tier 5."
I0315,home,garden,B15,Garden 16,53.85,1,social eco,0,0,2025-10-01,north south east west central coastal,any,0.0,"Synthetic garden offering; social and eco design, quality tier 1."
I0316,home,garden,B08,Garden 17,67.16,2,social creative,0,0,2025-10-01,central south west,any,0.1,"Synthetic garden offering; social and creative design, quality tier 2."
I0317,home,garden,B09,Garden 18,116.38,3,practical creative,0,0,2025-10-01,north south east west central coastal,any,0.0,"Synthetic garden offering; practical and creative design, quality tier 3."
I0318,home,garden,B10,Garden 19,123.09,4,practical eco,0,0,2025-10-01,north south east west central coastal,any,0.0,"Synthetic garden offering; practical and eco design, quality tier 4."
I0319,home,garden,B11,Garden 20,156.68,5,family compact,0,0,2025-10-01,north south east west central coastal,any,0.3,"Synthetic garden offering; family and compact design, quality tier 5."
I0320,home,garden,B12,Garden 21,47.38,1,family compact,0,0,2025-10-01,north south east west central coastal,any,0.3,"Synthetic garden offering; family and compact design, quality tier 1."
I0321,home,garden,B13,Garden 22,78.36,2,social practical,0,0,2025-10-01,north south east west central coastal,any,0.0,"Synthetic garden offering; social and practical design, quality tier 2."
I0322,home,garden,B14,Garden 23,79.57,3,creative compact,0,0,2025-10-01,north south east west central coastal,any,0.0,"Synthetic garden offering; creative and compact design, quality tier 3."
I0323,home,garden,B15,Garden 24,155.16,4,social practical,0,0,2025-10-01,north south east west central coastal,any,0.0,"Synthetic garden offering; social and practical design, quality tier 4."
I0324,home,garden,B08,Garden 25,130.75,5,compact eco,0,0,2025-10-01,north south east west central coastal,any,0.3,"Synthetic garden offering; compact and eco design, quality tier 5."
I0325,home,garden,B09,Garden 26,60.2,1,practical family,0,0,2025-10-01,north south east west central coastal,any,0.1,"Synthetic garden offering; practical and family design, quality tier 1."
I0326,home,garden,B10,Garden 27,76.8,2,active compact,0,0,2025-10-01,north south east west central coastal,any,0.0,"Synthetic garden offering; active and compact design, quality tier 2."
I0327,home,garden,B11,Garden 28,63.74,3,creative active,0,0,2025-10-01,north south east west central coastal,any,0.0,"Synthetic garden offering; creative and active design, quality tier 3."
I0328,home,garden,B12,Garden 29,157.49,4,family premium,0,0,2025-10-01,north south east west central coastal,any,0.0,"Synthetic garden offering; family and premium design, quality tier 4."
I0329,home,garden,B13,Garden 30,114.05,5,social practical,0,0,2025-10-01,north south east west central coastal,any,0.0,"Synthetic garden offering; social and practical design, quality tier 5."
I0330,home,garden,B14,Garden 31,50.11,1,premium eco,0,0,2025-10-01,north south east west central coastal,any,0.2,"Synthetic garden offering; premium and eco design, quality tier 1."
I0331,home,garden,B15,Garden 32,62.73,2,creative eco,0,0,2025-10-01,north south east west central coastal,any,0.1,"Synthetic garden offering; creative and eco design, quality tier 2."
I0332,home,garden,B08,Garden 33,77.13,3,practical premium,0,0,2025-10-01,north south east west central coastal,any,0.0,"Synthetic garden offering; practical and premium design, quality tier 3."
I0333,home,garden,B09,Garden 34,98.88,4,active practical,0,0,2025-10-01,central coastal east,any,0.0,"Synthetic garden offering; active and practical design, quality tier 4."
I0334,home,garden,B10,Garden 35,117.32,5,family social,0,0,2025-10-01,north south east west central coastal,any,0.0,"Synthetic garden offering; family and social design, quality tier 5."
I0335,home,garden,B11,Garden 36,40.56,1,practical creative,0,0,2025-10-01,coastal north south,any,0.0,"Synthetic garden offering; practical and creative design, quality tier 1."
I0336,home,garden,B12,Garden 37,79.0,2,practical active,0,0,2025-10-01,north south east west central coastal,any,0.0,"Synthetic garden offering; practical and active design, quality tier 2."
I0337,home,garden,B13,Garden 38,79.2,3,eco compact,0,0,2025-10-01,north south east west central coastal,any,0.0,"Synthetic garden offering; eco and compact design, quality tier 3."
I0338,home,garden,B14,Garden 39,136.32,4,family creative,0,0,2025-10-01,coastal north south,any,0.0,"Synthetic garden offering; family and creative design, quality tier 4."
I0339,home,garden,B15,Garden 40,119.12,5,compact practical,0,0,2025-10-01,north south east west central coastal,any,0.0,"Synthetic garden offering; compact and practical design, quality tier 5."
I0340,home,garden,B08,Garden 41,30.45,1,family eco,0,0,2025-10-01,east south west,any,0.0,"Synthetic garden offering; family and eco design, quality tier 1."
I0341,home,garden,B09,Garden 42,63.57,2,eco practical,0,0,2025-10-01,north south east west central coastal,any,0.0,"Synthetic garden offering; eco and practical design, quality tier 2."
I0342,home,garden,B10,Garden 43,59.7,3,active premium,0,0,2025-10-01,central coastal east,any,0.3,"Synthetic garden offering; active and premium design, quality tier 3."
I0343,home,garden,B11,Garden 44,105.01,4,family social,0,0,2025-10-01,north south east west central coastal,any,0.0,"Synthetic garden offering; family and social design, quality tier 4."
I0344,home,garden,B12,Garden 45,103.86,5,eco creative,0,0,2025-10-01,north south east west central coastal,any,0.0,"Synthetic garden offering; eco and creative design, quality tier 5."
I0345,home,garden,B13,Garden 46,54.51,1,creative family,0,0,2026-05-01,north south east west central coastal,any,0.1,"Synthetic garden offering; creative and family design, quality tier 1."
I0346,home,garden,B14,Garden 47,65.09,2,eco premium,0,0,2026-05-01,north south east west central coastal,any,0.1,"Synthetic garden offering; eco and premium design, quality tier 2."
I0347,home,garden,B15,Garden 48,61.99,3,family eco,0,0,2026-05-01,central coastal north,any,0.0,"Synthetic garden offering; family and eco design, quality tier 3."
I0348,home,garden,B08,Garden 49,114.65,4,social family,0,0,2026-05-01,north south east west central coastal,any,0.0,"Synthetic garden offering; social and family design, quality tier 4."
I0349,home,garden,B09,Garden 50,133.28,5,compact premium,0,0,2026-05-01,coastal north south,any,0.2,"Synthetic garden offering; compact and premium design, quality tier 5."
I0350,home,home_care,B08,Home Care 01,31.79,1,family eco,1,0,2025-10-01,north south east west central coastal,any,0.0,"Synthetic home care offering; family and eco design, quality tier 1."
I0351,home,home_care,B09,Home Care 02,29.06,2,creative social,1,0,2025-10-01,north south east west central coastal,any,0.2,"Synthetic home care offering; creative and social design, quality tier 2."
I0352,home,home_care,B10,Home Care 03,45.32,3,compact premium,1,0,2025-10-01,north south east west central coastal,any,0.3,"Synthetic home care offering; compact and premium design, quality tier 3."
I0353,home,home_care,B11,Home Care 04,60.53,4,eco premium,1,0,2025-10-01,north south east west central coastal,any,0.3,"Synthetic home care offering; eco and premium design, quality tier 4."
I0354,home,home_care,B12,Home Care 05,67.5,5,social active,1,0,2025-10-01,north south east west central coastal,any,0.2,"Synthetic home care offering; social and active design, quality tier 5."
I0355,home,home_care,B13,Home Care 06,22.07,1,family compact,1,0,2025-10-01,north south east west central coastal,any,0.0,"Synthetic home care offering; family and compact design, quality tier 1."
I0356,home,home_care,B14,Home Care 07,44.23,2,practical creative,1,0,2025-10-01,north south east west central coastal,any,0.0,"Synthetic home care offering; practical and creative design, quality tier 2."
I0357,home,home_care,B15,Home Care 08,38.96,3,family social,1,0,2025-10-01,north south east west central coastal,any,0.0,"Synthetic home care offering; family and social design, quality tier 3."
I0358,home,home_care,B08,Home Care 09,41.72,4,creative premium,1,0,2025-10-01,north south east west central coastal,any,0.3,"Synthetic home care offering; creative and premium design, quality tier 4."
I0359,home,home_care,B09,Home Care 10,94.54,5,premium creative,1,0,2025-10-01,north south east west central coastal,any,0.3,"Synthetic home care offering; premium and creative design, quality tier 5."
I0360,home,home_care,B10,Home Care 11,23.83,1,social eco,1,0,2025-10-01,east north south,any,0.1,"Synthetic home care offering; social and eco design, quality tier 1."
I0361,home,home_care,B11,Home Care 12,70.1,2,premium active,1,0,2025-10-01,north south east west central coastal,any,0.0,"Synthetic home care offering; premium and active design, quality tier 2."
I0362,home,home_care,B12,Home Care 13,45.41,3,eco premium,1,0,2025-10-01,north south east west central coastal,any,0.0,"Synthetic home care offering; eco and premium design, quality tier 3."
I0363,home,home_care,B13,Home Care 14,63.61,4,premium practical,1,0,2025-10-01,north south east west central coastal,any,0.0,"Synthetic home care offering; premium and practical design, quality tier 4."
I0364,home,home_care,B14,Home Care 15,70.6,5,family premium,1,0,2025-10-01,north south east west central coastal,any,0.0,"Synthetic home care offering; family and premium design, quality tier 5."
I0365,home,home_care,B15,Home Care 16,20.38,1,creative active,1,0,2025-10-01,north south east west central coastal,any,0.1,"Synthetic home care offering; creative and active design, quality tier 1."
I0366,home,home_care,B08,Home Care 17,50.17,2,creative practical,1,0,2025-10-01,north south east west central coastal,any,0.0,"Synthetic home care offering; creative and practical design, quality tier 2."
I0367,home,home_care,B09,Home Care 18,48.64,3,active eco,1,0,2025-10-01,north south east west central coastal,any,0.0,"Synthetic home care offering; active and eco design, quality tier 3."
I0368,home,home_care,B10,Home Care 19,50.32,4,practical active,1,0,2025-10-01,north south east west central coastal,any,0.1,"Synthetic home care offering; practical and active design, quality tier 4."
I0369,home,home_care,B11,Home Care 20,65.65,5,family compact,1,0,2025-10-01,north south east west central coastal,any,0.3,"Synthetic home care offering; family and compact design, quality tier 5."
I0370,home,home_care,B12,Home Care 21,31.72,1,active family,1,0,2025-10-01,north south east west central coastal,any,0.1,"Synthetic home care offering; active and family design, quality tier 1."
I0371,home,home_care,B13,Home Care 22,42.0,2,practical compact,1,0,2025-10-01,north south east west central coastal,any,0.3,"Synthetic home care offering; practical and compact design, quality tier 2."
I0372,home,home_care,B14,Home Care 23,45.39,3,practical active,1,0,2025-10-01,north south east west central coastal,any,0.0,"Synthetic home care offering; practical and active design, quality tier 3."
I0373,home,home_care,B15,Home Care 24,79.9,4,social eco,1,0,2025-10-01,north south east west central coastal,any,0.3,"Synthetic home care offering; social and eco design, quality tier 4."
I0374,home,home_care,B08,Home Care 25,66.95,5,family active,1,0,2025-10-01,north south east west central coastal,any,0.0,"Synthetic home care offering; family and active design, quality tier 5."
I0375,home,home_care,B09,Home Care 26,40.55,1,premium practical,1,0,2025-10-01,north south east west central coastal,any,0.1,"Synthetic home care offering; premium and practical design, quality tier 1."
I0376,home,home_care,B10,Home Care 27,40.38,2,social compact,1,0,2025-10-01,north south east west central coastal,any,0.0,"Synthetic home care offering; social and compact design, quality tier 2."
I0377,home,home_care,B11,Home Care 28,47.99,3,family social,1,0,2025-10-01,north south east west central coastal,any,0.0,"Synthetic home care offering; family and social design, quality tier 3."
I0378,home,home_care,B12,Home Care 29,86.83,4,family social,1,0,2025-10-01,north south east west central coastal,any,0.0,"Synthetic home care offering; family and social design, quality tier 4."
I0379,home,home_care,B13,Home Care 30,48.3,5,premium eco,1,0,2025-10-01,central south west,any,0.0,"Synthetic home care offering; premium and eco design, quality tier 5."
I0380,home,home_care,B14,Home Care 31,27.29,1,eco social,1,0,2025-10-01,north south east west central coastal,any,0.0,"Synthetic home care offering; eco and social design, quality tier 1."
I0381,home,home_care,B15,Home Care 32,55.91,2,family active,1,0,2025-10-01,north south east west central coastal,any,0.1,"Synthetic home care offering; family and active design, quality tier 2."
I0382,home,home_care,B08,Home Care 33,67.18,3,compact social,1,0,2025-10-01,north south east west central coastal,any,0.0,"Synthetic home care offering; compact and social design, quality tier 3."
I0383,home,home_care,B09,Home Care 34,72.16,4,premium practical,1,0,2025-10-01,north south east west central coastal,any,0.1,"Synthetic home care offering; premium and practical design, quality tier 4."
I0384,home,home_care,B10,Home Care 35,73.68,5,creative premium,1,0,2025-10-01,north south east west central coastal,any,0.0,"Synthetic home care offering; creative and premium design, quality tier 5."
I0385,home,home_care,B11,Home Care 36,23.83,1,premium social,1,0,2025-10-01,north south east west central coastal,any,0.0,"Synthetic home care offering; premium and social design, quality tier 1."
I0386,home,home_care,B12,Home Care 37,48.37,2,eco compact,1,0,2025-10-01,north south east west central coastal,any,0.0,"Synthetic home care offering; eco and compact design, quality tier 2."
I0387,home,home_care,B13,Home Care 38,64.17,3,active eco,1,0,2025-10-01,north south east west central coastal,any,0.0,"Synthetic home care offering; active and eco design, quality tier 3."
I0388,home,home_care,B14,Home Care 39,52.08,4,eco creative,1,0,2025-10-01,north south east west central coastal,any,0.0,"Synthetic home care offering; eco and creative design, quality tier 4."
I0389,home,home_care,B15,Home Care 40,79.67,5,practical eco,1,0,2025-10-01,north south east west central coastal,any,0.0,"Synthetic home care offering; practical and eco design, quality tier 5."
I0390,home,home_care,B08,Home Care 41,35.35,1,eco compact,1,0,2025-10-01,north south east west central coastal,any,0.3,"Synthetic home care offering; eco and compact design, quality tier 1."
I0391,home,home_care,B09,Home Care 42,31.49,2,creative active,1,0,2025-10-01,north south east west central coastal,any,0.0,"Synthetic home care offering; creative and active design, quality tier 2."
I0392,home,home_care,B10,Home Care 43,37.65,3,active practical,1,0,2025-10-01,north south east west central coastal,any,0.0,"Synthetic home care offering; active and practical design, quality tier 3."
I0393,home,home_care,B11,Home Care 44,67.98,4,compact active,1,0,2025-10-01,north south east west central coastal,any,0.0,"Synthetic home care offering; compact and active design, quality tier 4."
I0394,home,home_care,B12,Home Care 45,67.97,5,compact family,1,0,2025-10-01,north south east west central coastal,any,0.1,"Synthetic home care offering; compact and family design, quality tier 5."
I0395,home,home_care,B13,Home Care 46,37.65,1,social premium,1,0,2026-05-01,central east north,any,0.0,"Synthetic home care offering; social and premium design, quality tier 1."
I0396,home,home_care,B14,Home Care 47,37.61,2,family social,1,0,2026-05-01,north south east west central coastal,any,0.2,"Synthetic home care offering; family and social design, quality tier 2."
I0397,home,home_care,B15,Home Care 48,44.36,3,eco family,1,0,2026-05-01,north south east west central coastal,any,0.3,"Synthetic home care offering; eco and family design, quality tier 3."
I0398,home,home_care,B08,Home Care 49,61.4,4,compact active,1,0,2026-05-01,north south east west central coastal,any,0.0,"Synthetic home care offering; compact and active design, quality tier 4."
I0399,home,home_care,B09,Home Care 50,74.37,5,compact creative,1,0,2026-05-01,north south east west central coastal,any,0.0,"Synthetic home care offering; compact and creative design, quality tier 5."
I0400,fashion,clothing,B16,Clothing 01,35.25,1,premium eco,1,0,2025-10-01,east north west,any,0.0,"Synthetic clothing offering; premium and eco design, quality tier 1."
I0401,fashion,clothing,B17,Clothing 02,65.73,2,compact social,1,0,2025-10-01,north south east west central coastal,any,0.0,"Synthetic clothing offering; compact and social design, quality tier 2."
I0402,fashion,clothing,B18,Clothing 03,58.96,3,social compact,1,0,2025-10-01,north south east west central coastal,any,0.1,"Synthetic clothing offering; social and compact design, quality tier 3."
I0403,fashion,clothing,B19,Clothing 04,80.47,4,eco practical,1,0,2025-10-01,north south east west central coastal,any,0.0,"Synthetic clothing offering; eco and practical design, quality tier 4."
I0404,fashion,clothing,B20,Clothing 05,105.92,5,premium active,1,0,2025-10-01,north south east west central coastal,any,0.2,"Synthetic clothing offering; premium and active design, quality tier 5."
I0405,fashion,clothing,B21,Clothing 06,42.01,1,social practical,1,0,2025-10-01,north south east west central coastal,any,0.3,"Synthetic clothing offering; social and practical design, quality tier 1."
I0406,fashion,clothing,B22,Clothing 07,57.65,2,family compact,1,0,2025-10-01,north south east west central coastal,any,0.0,"Synthetic clothing offering; family and compact design, quality tier 2."
I0407,fashion,clothing,B23,Clothing 08,80.49,3,family compact,1,0,2025-10-01,north south east west central coastal,any,0.0,"Synthetic clothing offering; family and compact design, quality tier 3."
I0408,fashion,clothing,B16,Clothing 09,65.25,4,eco active,1,0,2025-10-01,north south east west central coastal,any,0.0,"Synthetic clothing offering; eco and active design, quality tier 4."
I0409,fashion,clothing,B17,Clothing 10,110.46,5,family active,1,0,2025-10-01,north south east west central coastal,any,0.0,"Synthetic clothing offering; family and active design, quality tier 5."
I0410,fashion,clothing,B18,Clothing 11,43.51,1,eco creative,1,0,2025-10-01,north south east west central coastal,any,0.3,"Synthetic clothing offering; eco and creative design, quality tier 1."
I0411,fashion,clothing,B19,Clothing 12,42.59,2,premium creative,1,0,2025-10-01,north south east west central coastal,any,0.1,"Synthetic clothing offering; premium and creative design, quality tier 2."
I0412,fashion,clothing,B20,Clothing 13,69.03,3,family social,1,0,2025-10-01,central east west,any,0.2,"Synthetic clothing offering; family and social design, quality tier 3."
I0413,fashion,clothing,B21,Clothing 14,75.53,4,eco creative,1,0,2025-10-01,north south east west central coastal,any,0.2,"Synthetic clothing offering; eco and creative design, quality tier 4."
I0414,fashion,clothing,B22,Clothing 15,124.67,5,premium creative,1,0,2025-10-01,north south east west central coastal,any,0.1,"Synthetic clothing offering; premium and creative design, quality tier 5."
I0415,fashion,clothing,B23,Clothing 16,69.2,1,eco compact,1,0,2025-10-01,north south east west central coastal,any,0.0,"Synthetic clothing offering; eco and compact design, quality tier 1."
I0416,fashion,clothing,B16,Clothing 17,78.55,2,practical creative,1,0,2025-10-01,north south east west central coastal,any,0.0,"Synthetic clothing offering; practical and creative design, quality tier 2."
I0417,fashion,clothing,B17,Clothing 18,54.11,3,active premium,1,0,2025-10-01,north south east west central coastal,any,0.0,"Synthetic clothing offering; active and premium design, quality tier 3."
I0418,fashion,clothing,B18,Clothing 19,73.09,4,eco premium,1,0,2025-10-01,north south east west central coastal,any,0.0,"Synthetic clothing offering; eco and premium design, quality tier 4."
I0419,fashion,clothing,B19,Clothing 20,95.38,5,family eco,1,0,2025-10-01,central east west,any,0.0,"Synthetic clothing offering; family and eco design, quality tier 5."
I0420,fashion,clothing,B20,Clothing 21,35.82,1,compact creative,1,0,2025-10-01,north south east west central coastal,any,0.0,"Synthetic clothing offering; compact and creative design, quality tier 1."
I0421,fashion,clothing,B21,Clothing 22,41.83,2,compact active,1,0,2025-10-01,north south east west central coastal,any,0.0,"Synthetic clothing offering; compact and active design, quality tier 2."
I0422,fashion,clothing,B22,Clothing 23,108.69,3,premium active,1,0,2025-10-01,north south east west central coastal,any,0.1,"Synthetic clothing offering; premium and active design, quality tier 3."
I0423,fashion,clothing,B23,Clothing 24,72.79,4,active practical,1,0,2025-10-01,north south east west central coastal,any,0.0,"Synthetic clothing offering; active and practical design, quality tier 4."
I0424,fashion,clothing,B16,Clothing 25,137.82,5,practical premium,1,0,2025-10-01,north south east west central coastal,any,0.0,"Synthetic clothing offering; practical and premium design, quality tier 5."
I0425,fashion,clothing,B17,Clothing 26,41.12,1,compact creative,1,0,2025-10-01,north south east west central coastal,any,0.0,"Synthetic clothing offering; compact and creative design, quality tier 1."
I0426,fashion,clothing,B18,Clothing 27,58.16,2,family eco,1,0,2025-10-01,north south east west central coastal,any,0.0,"Synthetic clothing offering; family and eco design, quality tier 2."
I0427,fashion,clothing,B19,Clothing 28,62.85,3,practical premium,1,0,2025-10-01,north south east west central coastal,any,0.0,"Synthetic clothing offering; practical and premium design, quality tier 3."
I0428,fashion,clothing,B20,Clothing 29,67.98,4,family eco,1,0,2025-10-01,north south east west central coastal,any,0.0,"Synthetic clothing offering; family and eco design, quality tier 4."
I0429,fashion,clothing,B21,Clothing 30,111.78,5,premium active,1,0,2025-10-01,north south east west central coastal,any,0.0,"Synthetic clothing offering; premium and active design, quality tier 5."
I0430,fashion,clothing,B22,Clothing 31,32.97,1,social creative,1,0,2025-10-01,north south east west central coastal,any,0.0,"Synthetic clothing offering; social and creative design, quality tier 1."
I0431,fashion,clothing,B23,Clothing 32,47.18,2,creative eco,1,0,2025-10-01,north south east west central coastal,any,0.0,"Synthetic clothing offering; creative and eco design, quality tier 2."
I0432,fashion,clothing,B16,Clothing 33,69.14,3,creative compact,1,0,2025-10-01,north south east west central coastal,any,0.1,"Synthetic clothing offering; creative and compact design, quality tier 3."
I0433,fashion,clothing,B17,Clothing 34,115.26,4,creative compact,1,0,2025-10-01,north south east west central coastal,any,0.0,"Synthetic clothing offering; creative and compact design, quality tier 4."
I0434,fashion,clothing,B18,Clothing 35,97.38,5,practical creative,1,0,2025-10-01,north south east west central coastal,any,0.0,"Synthetic clothing offering; practical and creative design, quality tier 5."
I0435,fashion,clothing,B19,Clothing 36,27.91,1,creative practical,1,0,2025-10-01,central coastal north,any,0.0,"Synthetic clothing offering; creative and practical design, quality tier 1."
I0436,fashion,clothing,B20,Clothing 37,54.52,2,compact practical,1,0,2025-10-01,north south east west central coastal,any,0.0,"Synthetic clothing offering; compact and practical design, quality tier 2."
I0437,fashion,clothing,B21,Clothing 38,89.07,3,creative family,1,0,2025-10-01,north south east west central coastal,any,0.0,"Synthetic clothing offering; creative and family design, quality tier 3."
I0438,fashion,clothing,B22,Clothing 39,89.11,4,active premium,1,0,2025-10-01,north south east west central coastal,any,0.2,"Synthetic clothing offering; active and premium design, quality tier 4."
I0439,fashion,clothing,B23,Clothing 40,149.76,5,compact creative,1,0,2025-10-01,coastal north west,any,0.1,"Synthetic clothing offering; compact and creative design, quality tier 5."
I0440,fashion,clothing,B16,Clothing 41,26.46,1,creative eco,1,0,2025-10-01,north south east west central coastal,any,0.0,"Synthetic clothing offering; creative and eco design, quality tier 1."
I0441,fashion,clothing,B17,Clothing 42,52.59,2,premium eco,1,0,2025-10-01,north south east west central coastal,any,0.0,"Synthetic clothing offering; premium and eco design, quality tier 2."
I0442,fashion,clothing,B18,Clothing 43,65.03,3,compact premium,1,0,2025-10-01,north south east west central coastal,any,0.0,"Synthetic clothing offering; compact and premium design, quality tier 3."
I0443,fashion,clothing,B19,Clothing 44,130.47,4,premium family,1,0,2025-10-01,north south east west central coastal,any,0.0,"Synthetic clothing offering; premium and family design, quality tier 4."
I0444,fashion,clothing,B20,Clothing 45,90.25,5,family practical,1,0,2025-10-01,north south east west central coastal,any,0.0,"Synthetic clothing offering; family and practical design, quality tier 5."
I0445,fashion,clothing,B21,Clothing 46,41.53,1,compact social,1,0,2026-05-01,north south east west central coastal,any,0.0,"Synthetic clothing offering; compact and social design, quality tier 1."
I0446,fashion,clothing,B22,Clothing 47,39.55,2,eco social,1,0,2026-05-01,north south east west central coastal,any,0.0,"Synthetic clothing offering; eco and social design, quality tier 2."
I0447,fashion,clothing,B23,Clothing 48,67.15,3,compact family,1,0,2026-05-01,north south east west central coastal,any,0.0,"Synthetic clothing offering; compact and family design, quality tier 3."
I0448,fashion,clothing,B16,Clothing 49,116.25,4,practical compact,1,0,2026-05-01,north south east west central coastal,any,0.0,"Synthetic clothing offering; practical and compact design, quality tier 4."
I0449,fashion,clothing,B17,Clothing 50,132.67,5,practical active,1,0,2026-05-01,north south east west central coastal,any,0.0,"Synthetic clothing offering; practical and active design, quality tier 5."
I0450,fashion,footwear,B16,Footwear 01,50.86,1,premium active,0,0,2025-10-01,north south east west central coastal,any,0.0,"Synthetic footwear offering; premium and active design, quality tier 1."
I0451,fashion,footwear,B17,Footwear 02,87.54,2,compact creative,0,0,2025-10-01,north south east west central coastal,any,0.0,"Synthetic footwear offering; compact and creative design, quality tier 2."
I0452,fashion,footwear,B18,Footwear 03,128.48,3,compact social,0,0,2025-10-01,central coastal east,any,0.0,"Synthetic footwear offering; compact and social design, quality tier 3."
I0453,fashion,footwear,B19,Footwear 04,175.71,4,compact social,0,0,2025-10-01,north south east west central coastal,any,0.0,"Synthetic footwear offering; compact and social design, quality tier 4."
I0454,fashion,footwear,B20,Footwear 05,192.41,5,premium compact,0,0,2025-10-01,north south east west central coastal,any,0.0,"Synthetic footwear offering; premium and compact design, quality tier 5."
I0455,fashion,footwear,B21,Footwear 06,69.64,1,family creative,0,0,2025-10-01,north south east west central coastal,any,0.2,"Synthetic footwear offering; family and creative design, quality tier 1."
I0456,fashion,footwear,B22,Footwear 07,67.0,2,eco compact,0,0,2025-10-01,north south east west central coastal,any,0.1,"Synthetic footwear offering; eco and compact design, quality tier 2."
I0457,fashion,footwear,B23,Footwear 08,134.74,3,eco creative,0,0,2025-10-01,north south east west central coastal,any,0.1,"Synthetic footwear offering; eco and creative design, quality tier 3."
I0458,fashion,footwear,B16,Footwear 09,180.33,4,premium eco,0,0,2025-10-01,east south west,any,0.0,"Synthetic footwear offering; premium and eco design, quality tier 4."
I0459,fashion,footwear,B17,Footwear 10,248.73,5,active compact,0,0,2025-10-01,north south east west central coastal,any,0.0,"Synthetic footwear offering; active and compact design, quality tier 5."
I0460,fashion,footwear,B18,Footwear 11,64.84,1,eco family,0,0,2025-10-01,north south east west central coastal,any,0.0,"Synthetic footwear offering; eco and family design, quality tier 1."
I0461,fashion,footwear,B19,Footwear 12,80.74,2,compact family,0,0,2025-10-01,north south east west central coastal,any,0.2,"Synthetic footwear offering; compact and family design, quality tier 2."
I0462,fashion,footwear,B20,Footwear 13,103.99,3,social active,0,0,2025-10-01,north south east west central coastal,any,0.0,"Synthetic footwear offering; social and active design, quality tier 3."
I0463,fashion,footwear,B21,Footwear 14,290.16,4,eco compact,0,0,2025-10-01,north south east west central coastal,any,0.0,"Synthetic footwear offering; eco and compact design, quality tier 4."
I0464,fashion,footwear,B22,Footwear 15,180.07,5,compact creative,0,0,2025-10-01,north south east west central coastal,any,0.1,"Synthetic footwear offering; compact and creative design, quality tier 5."
I0465,fashion,footwear,B23,Footwear 16,104.86,1,social compact,0,0,2025-10-01,north south east west central coastal,any,0.2,"Synthetic footwear offering; social and compact design, quality tier 1."
I0466,fashion,footwear,B16,Footwear 17,81.38,2,eco family,0,0,2025-10-01,north south east west central coastal,any,0.2,"Synthetic footwear offering; eco and family design, quality tier 2."
I0467,fashion,footwear,B17,Footwear 18,142.78,3,family active,0,0,2025-10-01,north south east west central coastal,any,0.0,"Synthetic footwear offering; family and active design, quality tier 3."
I0468,fashion,footwear,B18,Footwear 19,104.58,4,creative family,0,0,2025-10-01,north south east west central coastal,any,0.0,"Synthetic footwear offering; creative and family design, quality tier 4."
I0469,fashion,footwear,B19,Footwear 20,168.93,5,compact family,0,0,2025-10-01,central north west,any,0.1,"Synthetic footwear offering; compact and family design, quality tier 5."
I0470,fashion,footwear,B20,Footwear 21,56.07,1,family compact,0,0,2025-10-01,north south east west central coastal,any,0.0,"Synthetic footwear offering; family and compact design, quality tier 1."
I0471,fashion,footwear,B21,Footwear 22,78.09,2,creative premium,0,0,2025-10-01,north south east west central coastal,any,0.1,"Synthetic footwear offering; creative and premium design, quality tier 2."
I0472,fashion,footwear,B22,Footwear 23,100.29,3,eco active,0,0,2025-10-01,north south east west central coastal,any,0.0,"Synthetic footwear offering; eco and active design, quality tier 3."
I0473,fashion,footwear,B23,Footwear 24,165.88,4,active premium,0,0,2025-10-01,east south west,any,0.0,"Synthetic footwear offering; active and premium design, quality tier 4."
I0474,fashion,footwear,B16,Footwear 25,141.08,5,active premium,0,0,2025-10-01,north south east west central coastal,any,0.0,"Synthetic footwear offering; active and premium design, quality tier 5."
I0475,fashion,footwear,B17,Footwear 26,102.3,1,practical family,0,0,2025-10-01,north south east west central coastal,any,0.0,"Synthetic footwear offering; practical and family design, quality tier 1."
I0476,fashion,footwear,B18,Footwear 27,130.97,2,eco active,0,0,2025-10-01,north south east west central coastal,any,0.0,"Synthetic footwear offering; eco and active design, quality tier 2."
I0477,fashion,footwear,B19,Footwear 28,100.28,3,creative premium,0,0,2025-10-01,coastal north south,any,0.0,"Synthetic footwear offering; creative and premium design, quality tier 3."
I0478,fashion,footwear,B20,Footwear 29,168.71,4,social eco,0,0,2025-10-01,north south east west central coastal,any,0.0,"Synthetic footwear offering; social and eco design, quality tier 4."
I0479,fashion,footwear,B21,Footwear 30,148.36,5,practical premium,0,0,2025-10-01,north south east west central coastal,any,0.2,"Synthetic footwear offering; practical and premium design, quality tier 5."
I0480,fashion,footwear,B22,Footwear 31,89.1,1,creative premium,0,0,2025-10-01,north south east west central coastal,any,0.0,"Synthetic footwear offering; creative and premium design, quality tier 1."
I0481,fashion,footwear,B23,Footwear 32,80.77,2,practical creative,0,0,2025-10-01,north south east west central coastal,any,0.0,"Synthetic footwear offering; practical and creative design, quality tier 2."
I0482,fashion,footwear,B16,Footwear 33,116.59,3,eco creative,0,0,2025-10-01,north south east west central coastal,any,0.2,"Synthetic footwear offering; eco and creative design, quality tier 3."
I0483,fashion,footwear,B17,Footwear 34,158.9,4,practical creative,0,0,2025-10-01,north south east west central coastal,any,0.0,"Synthetic footwear offering; practical and creative design, quality tier 4."
I0484,fashion,footwear,B18,Footwear 35,125.16,5,premium family,0,0,2025-10-01,north south east west central coastal,any,0.1,"Synthetic footwear offering; premium and family design, quality tier 5."
I0485,fashion,footwear,B19,Footwear 36,65.04,1,family premium,0,0,2025-10-01,central north west,any,0.2,"Synthetic footwear offering; family and premium design, quality tier 1."
I0486,fashion,footwear,B20,Footwear 37,75.99,2,premium creative,0,0,2025-10-01,north south east west central coastal,any,0.0,"Synthetic footwear offering; premium and creative design, quality tier 2."
I0487,fashion,footwear,B21,Footwear 38,151.97,3,active premium,0,0,2025-10-01,north south east west central coastal,any,0.0,"Synthetic footwear offering; active and premium design, quality tier 3."
I0488,fashion,footwear,B22,Footwear 39,148.28,4,compact social,0,0,2025-10-01,north south east west central coastal,any,0.0,"Synthetic footwear offering; compact and social design, quality tier 4."
I0489,fashion,footwear,B23,Footwear 40,201.55,5,compact creative,0,0,2025-10-01,north south east west central coastal,any,0.0,"Synthetic footwear offering; compact and creative design, quality tier 5."
I0490,fashion,footwear,B16,Footwear 41,88.42,1,practical active,0,0,2025-10-01,north south east west central coastal,any,0.3,"Synthetic footwear offering; practical and active design, quality tier 1."
I0491,fashion,footwear,B17,Footwear 42,110.66,2,eco social,0,0,2025-10-01,north south east west central coastal,any,0.0,"Synthetic footwear offering; eco and social design, quality tier 2."
I0492,fashion,footwear,B18,Footwear 43,158.44,3,social active,0,0,2025-10-01,north south east west central coastal,any,0.1,"Synthetic footwear offering; social and active design, quality tier 3."
I0493,fashion,footwear,B19,Footwear 44,252.58,4,eco social,0,0,2025-10-01,north south east west central coastal,any,0.0,"Synthetic footwear offering; eco and social design, quality tier 4."
I0494,fashion,footwear,B20,Footwear 45,203.25,5,eco premium,0,0,2025-10-01,north south east west central coastal,any,0.0,"Synthetic footwear offering; eco and premium design, quality tier 5."
I0495,fashion,footwear,B21,Footwear 46,81.7,1,creative family,0,0,2026-05-01,north south east west central coastal,any,0.1,"Synthetic footwear offering; creative and family design, quality tier 1."
I0496,fashion,footwear,B22,Footwear 47,101.93,2,social active,0,0,2026-05-01,north south east west central coastal,any,0.2,"Synthetic footwear offering; social and active design, quality tier 2."
I0497,fashion,footwear,B23,Footwear 48,117.96,3,eco creative,0,0,2026-05-01,north south east west central coastal,any,0.0,"Synthetic footwear offering; eco and creative design, quality tier 3."
I0498,fashion,footwear,B16,Footwear 49,207.96,4,social practical,0,0,2026-05-01,north south east west central coastal,any,0.2,"Synthetic footwear offering; social and practical design, quality tier 4."
I0499,fashion,footwear,B17,Footwear 50,161.7,5,premium compact,0,0,2026-05-01,north south east west central coastal,any,0.0,"Synthetic footwear offering; premium and compact design, quality tier 5."
I0500,fashion,bags,B16,Bags 01,40.43,1,active premium,0,0,2025-10-01,north south east west central coastal,any,0.0,"Synthetic bags offering; active and premium design, quality tier 1."
I0501,fashion,bags,B17,Bags 02,70.75,2,active social,0,0,2025-10-01,north south east west central coastal,any,0.0,"Synthetic bags offering; active and social design, quality tier 2."
I0502,fashion,bags,B18,Bags 03,97.16,3,practical family,0,0,2025-10-01,north south east west central coastal,any,0.0,"Synthetic bags offering; practical and family design, quality tier 3."
I0503,fashion,bags,B19,Bags 04,90.71,4,compact active,0,0,2025-10-01,north south east west central coastal,any,0.2,"Synthetic bags offering; compact and active design, quality tier 4."
I0504,fashion,bags,B20,Bags 05,115.51,5,premium compact,0,0,2025-10-01,north south east west central coastal,any,0.0,"Synthetic bags offering; premium and compact design, quality tier 5."
I0505,fashion,bags,B21,Bags 06,36.83,1,family practical,0,0,2025-10-01,north south east west central coastal,any,0.0,"Synthetic bags offering; family and practical design, quality tier 1."
I0506,fashion,bags,B22,Bags 07,81.21,2,eco premium,0,0,2025-10-01,north south east west central coastal,any,0.0,"Synthetic bags offering; eco and premium design, quality tier 2."
I0507,fashion,bags,B23,Bags 08,77.6,3,creative compact,0,0,2025-10-01,north south east west central coastal,any,0.0,"Synthetic bags offering; creative and compact design, quality tier 3."
I0508,fashion,bags,B16,Bags 09,189.34,4,premium family,0,0,2025-10-01,north south east west central coastal,any,0.1,"Synthetic bags offering; premium and family design, quality tier 4."
I0509,fashion,bags,B17,Bags 10,85.7,5,family eco,0,0,2025-10-01,north south east west central coastal,any,0.1,"Synthetic bags offering; family and eco design, quality tier 5."
I0510,fashion,bags,B18,Bags 11,39.24,1,eco family,0,0,2025-10-01,north south east west central coastal,any,0.0,"Synthetic bags offering; eco and family design, quality tier 1."
I0511,fashion,bags,B19,Bags 12,79.25,2,active creative,0,0,2025-10-01,north south east west central coastal,any,0.0,"Synthetic bags offering; active and creative design, quality tier 2."
I0512,fashion,bags,B20,Bags 13,107.34,3,practical compact,0,0,2025-10-01,coastal east west,any,0.0,"Synthetic bags offering; practical and compact design, quality tier 3."
I0513,fashion,bags,B21,Bags 14,107.65,4,family eco,0,0,2025-10-01,north south east west central coastal,any,0.0,"Synthetic bags offering; family and eco design, quality tier 4."
I0514,fashion,bags,B22,Bags 15,148.7,5,compact active,0,0,2025-10-01,north south east west central coastal,any,0.0,"Synthetic bags offering; compact and active design, quality tier 5."
I0515,fashion,bags,B23,Bags 16,63.27,1,eco social,0,0,2025-10-01,north south east west central coastal,any,0.0,"Synthetic bags offering; eco and social design, quality tier 1."
I0516,fashion,bags,B16,Bags 17,72.27,2,eco creative,0,0,2025-10-01,north south east west central coastal,any,0.0,"Synthetic bags offering; eco and creative design, quality tier 2."
I0517,fashion,bags,B17,Bags 18,119.9,3,social compact,0,0,2025-10-01,north south east west central coastal,any,0.0,"Synthetic bags offering; social and compact design, quality tier 3."
I0518,fashion,bags,B18,Bags 19,112.65,4,family creative,0,0,2025-10-01,north south east west central coastal,any,0.0,"Synthetic bags offering; family and creative design, quality tier 4."
I0519,fashion,bags,B19,Bags 20,115.89,5,practical family,0,0,2025-10-01,north south east west central coastal,any,0.0,"Synthetic bags offering; practical and family design, quality tier 5."
I0520,fashion,bags,B20,Bags 21,54.63,1,social creative,0,0,2025-10-01,north south east west central coastal,any,0.1,"Synthetic bags offering; social and creative design, quality tier 1."
I0521,fashion,bags,B21,Bags 22,123.56,2,eco creative,0,0,2025-10-01,north south east west central coastal,any,0.1,"Synthetic bags offering; eco and creative design, quality tier 2."
I0522,fashion,bags,B22,Bags 23,84.5,3,compact eco,0,0,2025-10-01,north south east west central coastal,any,0.2,"Synthetic bags offering; compact and eco design, quality tier 3."
I0523,fashion,bags,B23,Bags 24,97.24,4,premium social,0,0,2025-10-01,north south east west central coastal,any,0.3,"Synthetic bags offering; premium and social design, quality tier 4."
I0524,fashion,bags,B16,Bags 25,207.73,5,compact social,0,0,2025-10-01,north south east west central coastal,any,0.0,"Synthetic bags offering; compact and social design, quality tier 5."
I0525,fashion,bags,B17,Bags 26,45.91,1,active family,0,0,2025-10-01,north south east west central coastal,any,0.1,"Synthetic bags offering; active and family design, quality tier 1."
I0526,fashion,bags,B18,Bags 27,62.63,2,compact practical,0,0,2025-10-01,north south east west central coastal,any,0.0,"Synthetic bags offering; compact and practical design, quality tier 2."
I0527,fashion,bags,B19,Bags 28,111.06,3,compact eco,0,0,2025-10-01,north south east west central coastal,any,0.0,"Synthetic bags offering; compact and eco design, quality tier 3."
I0528,fashion,bags,B20,Bags 29,199.04,4,compact family,0,0,2025-10-01,north south east west central coastal,any,0.0,"Synthetic bags offering; compact and family design, quality tier 4."
I0529,fashion,bags,B21,Bags 30,235.2,5,eco compact,0,0,2025-10-01,north south east west central coastal,any,0.0,"Synthetic bags offering; eco and compact design, quality tier 5."
I0530,fashion,bags,B22,Bags 31,71.56,1,active eco,0,0,2025-10-01,north south east west central coastal,any,0.0,"Synthetic bags offering; active and eco design, quality tier 1."
I0531,fashion,bags,B23,Bags 32,71.85,2,social practical,0,0,2025-10-01,north south east west central coastal,any,0.0,"Synthetic bags offering; social and practical design, quality tier 2."
I0532,fashion,bags,B16,Bags 33,116.65,3,active social,0,0,2025-10-01,east north west,any,0.0,"Synthetic bags offering; active and social design, quality tier 3."
I0533,fashion,bags,B17,Bags 34,118.51,4,creative practical,0,0,2025-10-01,north south east west central coastal,any,0.1,"Synthetic bags offering; creative and practical design, quality tier 4."
I0534,fashion,bags,B18,Bags 35,111.88,5,eco practical,0,0,2025-10-01,north south east west central coastal,any,0.0,"Synthetic bags offering; eco and practical design, quality tier 5."
I0535,fashion,bags,B19,Bags 36,62.85,1,practical creative,0,0,2025-10-01,north south east west central coastal,any,0.0,"Synthetic bags offering; practical and creative design, quality tier 1."
I0536,fashion,bags,B20,Bags 37,58.77,2,eco family,0,0,2025-10-01,north south east west central coastal,any,0.1,"Synthetic bags offering; eco and family design, quality tier 2."
I0537,fashion,bags,B21,Bags 38,95.08,3,creative family,0,0,2025-10-01,north south east west central coastal,any,0.0,"Synthetic bags offering; creative and family design, quality tier 3."
I0538,fashion,bags,B22,Bags 39,109.18,4,practical active,0,0,2025-10-01,north south east west central coastal,any,0.3,"Synthetic bags offering; practical and active design, quality tier 4."
I0539,fashion,bags,B23,Bags 40,162.84,5,compact active,0,0,2025-10-01,central north west,any,0.2,"Synthetic bags offering; compact and active design, quality tier 5."
I0540,fashion,bags,B16,Bags 41,55.34,1,creative practical,0,0,2025-10-01,north south east west central coastal,any,0.0,"Synthetic bags offering; creative and practical design, quality tier 1."
I0541,fashion,bags,B17,Bags 42,97.47,2,compact social,0,0,2025-10-01,north south east west central coastal,any,0.3,"Synthetic bags offering; compact and social design, quality tier 2."
I0542,fashion,bags,B18,Bags 43,67.96,3,active eco,0,0,2025-10-01,north south east west central coastal,any,0.1,"Synthetic bags offering; active and eco design, quality tier 3."
I0543,fashion,bags,B19,Bags 44,113.81,4,family social,0,0,2025-10-01,north south east west central coastal,any,0.0,"Synthetic bags offering; family and social design, quality tier 4."
I0544,fashion,bags,B20,Bags 45,150.55,5,eco social,0,0,2025-10-01,north south east west central coastal,any,0.1,"Synthetic bags offering; eco and social design, quality tier 5."
I0545,fashion,bags,B21,Bags 46,65.22,1,eco premium,0,0,2026-05-01,central coastal south,any,0.0,"Synthetic bags offering; eco and premium design, quality tier 1."
I0546,fashion,bags,B22,Bags 47,115.86,2,eco family,0,0,2026-05-01,north south east west central coastal,any,0.2,"Synthetic bags offering; eco and family design, quality tier 2."
I0547,fashion,bags,B23,Bags 48,93.57,3,compact creative,0,0,2026-05-01,north south east west central coastal,any,0.0,"Synthetic bags offering; compact and creative design, quality tier 3."
I0548,fashion,bags,B16,Bags 49,112.27,4,social creative,0,0,2026-05-01,north south east west central coastal,any,0.0,"Synthetic bags offering; social and creative design, quality tier 4."
I0549,fashion,bags,B17,Bags 50,91.67,5,eco family,0,0,2026-05-01,north south east west central coastal,any,0.1,"Synthetic bags offering; eco and family design, quality tier 5."
I0550,fashion,accessories,B16,Accessories 01,19.49,1,active eco,0,0,2025-10-01,north south east west central coastal,any,0.0,"Synthetic accessories offering; active and eco design, quality tier 1."
I0551,fashion,accessories,B17,Accessories 02,31.22,2,active practical,0,0,2025-10-01,north south east west central coastal,any,0.0,"Synthetic accessories offering; active and practical design, quality tier 2."
I0552,fashion,accessories,B18,Accessories 03,38.61,3,family active,0,0,2025-10-01,north south east west central coastal,any,0.0,"Synthetic accessories offering; family and active design, quality tier 3."
I0553,fashion,accessories,B19,Accessories 04,87.19,4,premium compact,0,0,2025-10-01,north south east west central coastal,any,0.0,"Synthetic accessories offering; premium and compact design, quality tier 4."
I0554,fashion,accessories,B20,Accessories 05,80.25,5,premium eco,0,0,2025-10-01,north south east west central coastal,any,0.0,"Synthetic accessories offering; premium and eco design, quality tier 5."
I0555,fashion,accessories,B21,Accessories 06,22.38,1,active family,0,0,2025-10-01,coastal east south,any,0.0,"Synthetic accessories offering; active and family design, quality tier 1."
I0556,fashion,accessories,B22,Accessories 07,36.97,2,creative active,0,0,2025-10-01,north south east west central coastal,any,0.1,"Synthetic accessories offering; creative and active design, quality tier 2."
I0557,fashion,accessories,B23,Accessories 08,52.61,3,creative family,0,0,2025-10-01,north south east west central coastal,any,0.0,"Synthetic accessories offering; creative and family design, quality tier 3."
I0558,fashion,accessories,B16,Accessories 09,58.59,4,eco social,0,0,2025-10-01,north south east west central coastal,any,0.2,"Synthetic accessories offering; eco and social design, quality tier 4."
I0559,fashion,accessories,B17,Accessories 10,66.34,5,compact social,0,0,2025-10-01,north south east west central coastal,any,0.1,"Synthetic accessories offering; compact and social design, quality tier 5."
I0560,fashion,accessories,B18,Accessories 11,29.41,1,premium active,0,0,2025-10-01,north south east west central coastal,any,0.2,"Synthetic accessories offering; premium and active design, quality tier 1."
I0561,fashion,accessories,B19,Accessories 12,26.14,2,compact active,0,0,2025-10-01,north south east west central coastal,any,0.0,"Synthetic accessories offering; compact and active design, quality tier 2."
I0562,fashion,accessories,B20,Accessories 13,60.67,3,family creative,0,0,2025-10-01,north south east west central coastal,any,0.0,"Synthetic accessories offering; family and creative design, quality tier 3."
I0563,fashion,accessories,B21,Accessories 14,68.39,4,social compact,0,0,2025-10-01,north south east west central coastal,any,0.0,"Synthetic accessories offering; social and compact design, quality tier 4."
I0564,fashion,accessories,B22,Accessories 15,74.07,5,compact family,0,0,2025-10-01,north south east west central coastal,any,0.0,"Synthetic accessories offering; compact and family design, quality tier 5."
I0565,fashion,accessories,B23,Accessories 16,44.87,1,practical premium,0,0,2025-10-01,north south east west central coastal,any,0.2,"Synthetic accessories offering; practical and premium design, quality tier 1."
I0566,fashion,accessories,B16,Accessories 17,43.06,2,premium social,0,0,2025-10-01,north south east west central coastal,any,0.0,"Synthetic accessories offering; premium and social design, quality tier 2."
I0567,fashion,accessories,B17,Accessories 18,53.9,3,premium family,0,0,2025-10-01,north south east west central coastal,any,0.0,"Synthetic accessories offering; premium and family design, quality tier 3."
I0568,fashion,accessories,B18,Accessories 19,72.52,4,practical active,0,0,2025-10-01,north south east west central coastal,any,0.0,"Synthetic accessories offering; practical and active design, quality tier 4."
I0569,fashion,accessories,B19,Accessories 20,70.4,5,creative practical,0,0,2025-10-01,north south east west central coastal,any,0.0,"Synthetic accessories offering; creative and practical design, quality tier 5."
I0570,fashion,accessories,B20,Accessories 21,22.55,1,eco practical,0,0,2025-10-01,north south east west central coastal,any,0.0,"Synthetic accessories offering; eco and practical design, quality tier 1."
I0571,fashion,accessories,B21,Accessories 22,32.29,2,premium family,0,0,2025-10-01,coastal north south,any,0.0,"Synthetic accessories offering; premium and family design, quality tier 2."
I0572,fashion,accessories,B22,Accessories 23,41.37,3,creative family,0,0,2025-10-01,north south east west central coastal,any,0.0,"Synthetic accessories offering; creative and family design, quality tier 3."
I0573,fashion,accessories,B23,Accessories 24,49.55,4,family active,0,0,2025-10-01,north south east west central coastal,any,0.0,"Synthetic accessories offering; family and active design, quality tier 4."
I0574,fashion,accessories,B16,Accessories 25,74.89,5,eco creative,0,0,2025-10-01,north south east west central coastal,any,0.0,"Synthetic accessories offering; eco and creative design, quality tier 5."
I0575,fashion,accessories,B17,Accessories 26,33.39,1,compact active,0,0,2025-10-01,north south east west central coastal,any,0.0,"Synthetic accessories offering; compact and active design, quality tier 1."
I0576,fashion,accessories,B18,Accessories 27,52.27,2,compact premium,0,0,2025-10-01,coastal north south,any,0.0,"Synthetic accessories offering; compact and premium design, quality tier 2."
I0577,fashion,accessories,B19,Accessories 28,44.04,3,practical eco,0,0,2025-10-01,coastal south west,any,0.1,"Synthetic accessories offering; practical and eco design, quality tier 3."
I0578,fashion,accessories,B20,Accessories 29,54.98,4,premium eco,0,0,2025-10-01,north south east west central coastal,any,0.0,"Synthetic accessories offering; premium and eco design, quality tier 4."
I0579,fashion,accessories,B21,Accessories 30,80.46,5,practical creative,0,0,2025-10-01,coastal east north,any,0.0,"Synthetic accessories offering; practical and creative design, quality tier 5."
I0580,fashion,accessories,B22,Accessories 31,33.56,1,eco active,0,0,2025-10-01,north south east west central coastal,any,0.0,"Synthetic accessories offering; eco and active design, quality tier 1."
I0581,fashion,accessories,B23,Accessories 32,54.92,2,creative active,0,0,2025-10-01,north south east west central coastal,any,0.2,"Synthetic accessories offering; creative and active design, quality tier 2."
I0582,fashion,accessories,B16,Accessories 33,41.04,3,family practical,0,0,2025-10-01,north south east west central coastal,any,0.2,"Synthetic accessories offering; family and practical design, quality tier 3."
I0583,fashion,accessories,B17,Accessories 34,62.01,4,compact family,0,0,2025-10-01,north south east west central coastal,any,0.2,"Synthetic accessories offering; compact and family design, quality tier 4."
I0584,fashion,accessories,B18,Accessories 35,70.46,5,creative social,0,0,2025-10-01,north south east west central coastal,any,0.2,"Synthetic accessories offering; creative and social design, quality tier 5."
I0585,fashion,accessories,B19,Accessories 36,25.97,1,compact active,0,0,2025-10-01,north south east west central coastal,any,0.0,"Synthetic accessories offering; compact and active design, quality tier 1."
I0586,fashion,accessories,B20,Accessories 37,27.94,2,active family,0,0,2025-10-01,north south east west central coastal,any,0.0,"Synthetic accessories offering; active and family design, quality tier 2."
I0587,fashion,accessories,B21,Accessories 38,63.54,3,family practical,0,0,2025-10-01,north south east west central coastal,any,0.3,"Synthetic accessories offering; family and practical design, quality tier 3."
I0588,fashion,accessories,B22,Accessories 39,49.78,4,active practical,0,0,2025-10-01,east south west,any,0.0,"Synthetic accessories offering; active and practical design, quality tier 4."
I0589,fashion,accessories,B23,Accessories 40,63.84,5,creative practical,0,0,2025-10-01,north south east west central coastal,any,0.2,"Synthetic accessories offering; creative and practical design, quality tier 5."
I0590,fashion,accessories,B16,Accessories 41,42.28,1,practical active,0,0,2025-10-01,north south east west central coastal,any,0.0,"Synthetic accessories offering; practical and active design, quality tier 1."
I0591,fashion,accessories,B17,Accessories 42,37.67,2,active practical,0,0,2025-10-01,north south east west central coastal,any,0.2,"Synthetic accessories offering; active and practical design, quality tier 2."
I0592,fashion,accessories,B18,Accessories 43,49.43,3,creative active,0,0,2025-10-01,north south east west central coastal,any,0.0,"Synthetic accessories offering; creative and active design, quality tier 3."
I0593,fashion,accessories,B19,Accessories 44,79.95,4,compact premium,0,0,2025-10-01,north south east west central coastal,any,0.0,"Synthetic accessories offering; compact and premium design, quality tier 4."
I0594,fashion,accessories,B20,Accessories 45,62.23,5,family eco,0,0,2025-10-01,north south east west central coastal,any,0.0,"Synthetic accessories offering; family and eco design, quality tier 5."
I0595,fashion,accessories,B21,Accessories 46,28.98,1,eco premium,0,0,2026-05-01,north south east west central coastal,any,0.3,"Synthetic accessories offering; eco and premium design, quality tier 1."
I0596,fashion,accessories,B22,Accessories 47,37.36,2,active compact,0,0,2026-05-01,north south east west central coastal,any,0.1,"Synthetic accessories offering; active and compact design, quality tier 2."
I0597,fashion,accessories,B23,Accessories 48,53.88,3,compact eco,0,0,2026-05-01,north south east west central coastal,any,0.0,"Synthetic accessories offering; compact and eco design, quality tier 3."
I0598,fashion,accessories,B16,Accessories 49,67.12,4,compact social,0,0,2026-05-01,north south east west central coastal,any,0.2,"Synthetic accessories offering; compact and social design, quality tier 4."
I0599,fashion,accessories,B17,Accessories 50,66.79,5,creative premium,0,0,2026-05-01,north south east west central coastal,any,0.3,"Synthetic accessories offering; creative and premium design, quality tier 5."
I0600,entertainment,books,B24,Books 01,12.51,1,premium eco,1,0,2025-10-01,north south east west central coastal,any,0.0,"Synthetic books offering; premium and eco design, quality tier 1."
I0601,entertainment,books,B25,Books 02,17.17,2,premium active,1,0,2025-10-01,north south east west central coastal,any,0.0,"Synthetic books offering; premium and active design, quality tier 2."
I0602,entertainment,books,B26,Books 03,27.12,3,active practical,1,0,2025-10-01,north south east west central coastal,any,0.1,"Synthetic books offering; active and practical design, quality tier 3."
I0603,entertainment,books,B27,Books 04,30.38,4,active practical,1,0,2025-10-01,north south east west central coastal,any,0.0,"Synthetic books offering; active and practical design, quality tier 4."
I0604,entertainment,books,B28,Books 05,40.88,5,creative social,1,0,2025-10-01,north south east west central coastal,any,0.2,"Synthetic books offering; creative and social design, quality tier 5."
I0605,entertainment,books,B29,Books 06,13.04,1,compact creative,1,0,2025-10-01,north south east west central coastal,any,0.0,"Synthetic books offering; compact and creative design, quality tier 1."
I0606,entertainment,books,B30,Books 07,20.54,2,family eco,1,0,2025-10-01,north south east west central coastal,any,0.0,"Synthetic books offering; family and eco design, quality tier 2."
I0607,entertainment,books,B31,Books 08,27.61,3,family active,1,0,2025-10-01,north south east west central coastal,any,0.2,"Synthetic books offering; family and active design, quality tier 3."
I0608,entertainment,books,B24,Books 09,26.98,4,active practical,1,0,2025-10-01,north south east west central coastal,any,0.3,"Synthetic books offering; active and practical design, quality tier 4."
I0609,entertainment,books,B25,Books 10,41.49,5,family creative,1,0,2025-10-01,north south east west central coastal,any,0.0,"Synthetic books offering; family and creative design, quality tier 5."
I0610,entertainment,books,B26,Books 11,12.49,1,eco premium,1,0,2025-10-01,north south east west central coastal,any,0.2,"Synthetic books offering; eco and premium design, quality tier 1."
I0611,entertainment,books,B27,Books 12,18.13,2,social active,1,0,2025-10-01,north south east west central coastal,any,0.2,"Synthetic books offering; social and active design, quality tier 2."
I0612,entertainment,books,B28,Books 13,23.92,3,creative family,1,0,2025-10-01,north south east west central coastal,any,0.0,"Synthetic books offering; creative and family design, quality tier 3."
I0613,entertainment,books,B29,Books 14,35.46,4,family premium,1,0,2025-10-01,north south east west central coastal,any,0.0,"Synthetic books offering; family and premium design, quality tier 4."
I0614,entertainment,books,B30,Books 15,36.08,5,creative premium,1,0,2025-10-01,north south east west central coastal,any,0.2,"Synthetic books offering; creative and premium design, quality tier 5."
I0615,entertainment,books,B31,Books 16,13.37,1,social creative,1,0,2025-10-01,north south east west central coastal,any,0.0,"Synthetic books offering; social and creative design, quality tier 1."
I0616,entertainment,books,B24,Books 17,26.68,2,family eco,1,0,2025-10-01,north south east west central coastal,any,0.0,"Synthetic books offering; family and eco design, quality tier 2."
I0617,entertainment,books,B25,Books 18,26.51,3,premium social,1,0,2025-10-01,north south east west central coastal,any,0.1,"Synthetic books offering; premium and social design, quality tier 3."
I0618,entertainment,books,B26,Books 19,43.22,4,social compact,1,0,2025-10-01,coastal east north,any,0.0,"Synthetic books offering; social and compact design, quality tier 4."
I0619,entertainment,books,B27,Books 20,31.05,5,compact creative,1,0,2025-10-01,north south east west central coastal,any,0.0,"Synthetic books offering; compact and creative design, quality tier 5."
I0620,entertainment,books,B28,Books 21,14.66,1,active premium,1,0,2025-10-01,east north south,any,0.0,"Synthetic books offering; active and premium design, quality tier 1."
I0621,entertainment,books,B29,Books 22,23.35,2,premium practical,1,0,2025-10-01,north south east west central coastal,any,0.0,"Synthetic books offering; premium and practical design, quality tier 2."
I0622,entertainment,books,B30,Books 23,22.05,3,social eco,1,0,2025-10-01,north south east west central coastal,any,0.3,"Synthetic books offering; social and eco design, quality tier 3."
I0623,entertainment,books,B31,Books 24,27.72,4,active premium,1,0,2025-10-01,north south east west central coastal,any,0.0,"Synthetic books offering; active and premium design, quality tier 4."
I0624,entertainment,books,B24,Books 25,35.81,5,social premium,1,0,2025-10-01,north south east west central coastal,any,0.0,"Synthetic books offering; social and premium design, quality tier 5."
I0625,entertainment,books,B25,Books 26,18.68,1,creative active,1,0,2025-10-01,coastal north south,any,0.3,"Synthetic books offering; creative and active design, quality tier 1."
I0626,entertainment,books,B26,Books 27,20.39,2,social creative,1,0,2025-10-01,north south east west central coastal,any,0.3,"Synthetic books offering; social and creative design, quality tier 2."
I0627,entertainment,books,B27,Books 28,27.18,3,compact family,1,0,2025-10-01,central east south,any,0.3,"Synthetic books offering; compact and family design, quality tier 3."
I0628,entertainment,books,B28,Books 29,43.48,4,eco family,1,0,2025-10-01,north south east west central coastal,any,0.0,"Synthetic books offering; eco and family design, quality tier 4."
I0629,entertainment,books,B29,Books 30,52.9,5,social creative,1,0,2025-10-01,north south east west central coastal,any,0.2,"Synthetic books offering; social and creative design, quality tier 5."
I0630,entertainment,books,B30,Books 31,14.08,1,social active,1,0,2025-10-01,north south east west central coastal,any,0.0,"Synthetic books offering; social and active design, quality tier 1."
I0631,entertainment,books,B31,Books 32,14.96,2,family social,1,0,2025-10-01,north south east west central coastal,any,0.0,"Synthetic books offering; family and social design, quality tier 2."
I0632,entertainment,books,B24,Books 33,23.4,3,premium social,1,0,2025-10-01,north south east west central coastal,any,0.0,"Synthetic books offering; premium and social design, quality tier 3."
I0633,entertainment,books,B25,Books 34,39.03,4,active practical,1,0,2025-10-01,central coastal west,any,0.0,"Synthetic books offering; active and practical design, quality tier 4."
I0634,entertainment,books,B26,Books 35,38.19,5,practical compact,1,0,2025-10-01,north south east west central coastal,any,0.0,"Synthetic books offering; practical and compact design, quality tier 5."
I0635,entertainment,books,B27,Books 36,15.25,1,family practical,1,0,2025-10-01,north south east west central coastal,any,0.0,"Synthetic books offering; family and practical design, quality tier 1."
I0636,entertainment,books,B28,Books 37,20.87,2,creative family,1,0,2025-10-01,north south east west central coastal,any,0.0,"Synthetic books offering; creative and family design, quality tier 2."
I0637,entertainment,books,B29,Books 38,30.66,3,premium active,1,0,2025-10-01,north south east west central coastal,any,0.1,"Synthetic books offering; premium and active design, quality tier 3."
I0638,entertainment,books,B30,Books 39,34.85,4,active compact,1,0,2025-10-01,coastal east north,any,0.0,"Synthetic books offering; active and compact design, quality tier 4."
I0639,entertainment,books,B31,Books 40,45.06,5,social compact,1,0,2025-10-01,east north west,any,0.0,"Synthetic books offering; social and compact design, quality tier 5."
I0640,entertainment,books,B24,Books 41,11.03,1,active eco,1,0,2025-10-01,central north south,any,0.2,"Synthetic books offering; active and eco design, quality tier 1."
I0641,entertainment,books,B25,Books 42,25.5,2,social creative,1,0,2025-10-01,north south east west central coastal,any,0.2,"Synthetic books offering; social and creative design, quality tier 2."
I0642,entertainment,books,B26,Books 43,30.04,3,family active,1,0,2025-10-01,north south east west central coastal,any,0.1,"Synthetic books offering; family and active design, quality tier 3."
I0643,entertainment,books,B27,Books 44,21.45,4,creative social,1,0,2025-10-01,north south east west central coastal,any,0.2,"Synthetic books offering; creative and social design, quality tier 4."
I0644,entertainment,books,B28,Books 45,48.73,5,compact social,1,0,2025-10-01,north south east west central coastal,any,0.2,"Synthetic books offering; compact and social design, quality tier 5."
I0645,entertainment,books,B29,Books 46,11.89,1,family compact,1,0,2026-05-01,north south east west central coastal,any,0.0,"Synthetic books offering; family and compact design, quality tier 1."
I0646,entertainment,books,B30,Books 47,21.27,2,eco active,1,0,2026-05-01,north south east west central coastal,any,0.2,"Synthetic books offering; eco and active design, quality tier 2."
I0647,entertainment,books,B31,Books 48,30.8,3,social creative,1,0,2026-05-01,central north south,any,0.0,"Synthetic books offering; social and creative design, quality tier 3."
I0648,entertainment,books,B24,Books 49,36.55,4,family eco,1,0,2026-05-01,north south east west central coastal,any,0.1,"Synthetic books offering; family and eco design, quality tier 4."
I0649,entertainment,books,B25,Books 50,34.89,5,practical eco,1,0,2026-05-01,north south east west central coastal,any,0.1,"Synthetic books offering; practical and eco design, quality tier 5."
I0650,entertainment,gaming,B24,Gaming 01,62.09,1,active compact,0,0,2025-10-01,north south east west central coastal,any,0.3,"Synthetic gaming offering; active and compact design, quality tier 1."
I0651,entertainment,gaming,B25,Gaming 02,59.79,2,active practical,0,0,2025-10-01,north south east west central coastal,any,0.3,"Synthetic gaming offering; active and practical design, quality tier 2."
I0652,entertainment,gaming,B26,Gaming 03,83.12,3,compact active,0,0,2025-10-01,north south east west central coastal,any,0.2,"Synthetic gaming offering; compact and active design, quality tier 3."
I0653,entertainment,gaming,B27,Gaming 04,145.56,4,family active,0,0,2025-10-01,north south east west central coastal,any,0.0,"Synthetic gaming offering; family and active design, quality tier 4."
I0654,entertainment,gaming,B28,Gaming 05,124.79,5,social eco,0,0,2025-10-01,north south east west central coastal,any,0.1,"Synthetic gaming offering; social and eco design, quality tier 5."
I0655,entertainment,gaming,B29,Gaming 06,70.99,1,active premium,0,0,2025-10-01,north south east west central coastal,any,0.0,"Synthetic gaming offering; active and premium design, quality tier 1."
I0656,entertainment,gaming,B30,Gaming 07,60.82,2,social active,0,0,2025-10-01,north south east west central coastal,any,0.2,"Synthetic gaming offering; social and active design, quality tier 2."
I0657,entertainment,gaming,B31,Gaming 08,72.96,3,active creative,0,0,2025-10-01,north south east west central coastal,any,0.0,"Synthetic gaming offering; active and creative design, quality tier 3."
I0658,entertainment,gaming,B24,Gaming 09,131.91,4,premium eco,0,0,2025-10-01,north south east west central coastal,any,0.0,"Synthetic gaming offering; premium and eco design, quality tier 4."
I0659,entertainment,gaming,B25,Gaming 10,158.22,5,creative premium,0,0,2025-10-01,north south east west central coastal,any,0.0,"Synthetic gaming offering; creative and premium design, quality tier 5."
I0660,entertainment,gaming,B26,Gaming 11,65.87,1,social practical,0,0,2025-10-01,north south east west central coastal,any,0.2,"Synthetic gaming offering; social and practical design, quality tier 1."
I0661,entertainment,gaming,B27,Gaming 12,73.11,2,premium eco,0,0,2025-10-01,central east north,any,0.2,"Synthetic gaming offering; premium and eco design, quality tier 2."
I0662,entertainment,gaming,B28,Gaming 13,80.92,3,social family,0,0,2025-10-01,north south east west central coastal,any,0.2,"Synthetic gaming offering; social and family design, quality tier 3."
I0663,entertainment,gaming,B29,Gaming 14,125.93,4,active compact,0,0,2025-10-01,north south east west central coastal,any,0.1,"Synthetic gaming offering; active and compact design, quality tier 4."
I0664,entertainment,gaming,B30,Gaming 15,164.31,5,eco creative,0,0,2025-10-01,north south east west central coastal,any,0.0,"Synthetic gaming offering; eco and creative design, quality tier 5."
I0665,entertainment,gaming,B31,Gaming 16,83.61,1,social family,0,0,2025-10-01,north south east west central coastal,any,0.2,"Synthetic gaming offering; social and family design, quality tier 1."
I0666,entertainment,gaming,B24,Gaming 17,57.32,2,practical social,0,0,2025-10-01,north south east west central coastal,any,0.0,"Synthetic gaming offering; practical and social design, quality tier 2."
I0667,entertainment,gaming,B25,Gaming 18,58.4,3,compact premium,0,0,2025-10-01,north south east west central coastal,any,0.3,"Synthetic gaming offering; compact and premium design, quality tier 3."
I0668,entertainment,gaming,B26,Gaming 19,108.96,4,family compact,0,0,2025-10-01,north south east west central coastal,any,0.0,"Synthetic gaming offering; family and compact design, quality tier 4."
I0669,entertainment,gaming,B27,Gaming 20,150.56,5,premium active,0,0,2025-10-01,north south east west central coastal,any,0.0,"Synthetic gaming offering; premium and active design, quality tier 5."
I0670,entertainment,gaming,B28,Gaming 21,69.92,1,active family,0,0,2025-10-01,north south east west central coastal,any,0.0,"Synthetic gaming offering; active and family design, quality tier 1."
I0671,entertainment,gaming,B29,Gaming 22,87.44,2,social family,0,0,2025-10-01,north south east west central coastal,any,0.0,"Synthetic gaming offering; social and family design, quality tier 2."
I0672,entertainment,gaming,B30,Gaming 23,77.04,3,family eco,0,0,2025-10-01,north south east west central coastal,any,0.0,"Synthetic gaming offering; family and eco design, quality tier 3."
I0673,entertainment,gaming,B31,Gaming 24,103.86,4,compact social,0,0,2025-10-01,east north west,any,0.0,"Synthetic gaming offering; compact and social design, quality tier 4."
I0674,entertainment,gaming,B24,Gaming 25,193.68,5,social family,0,0,2025-10-01,north south east west central coastal,any,0.0,"Synthetic gaming offering; social and family design, quality tier 5."
I0675,entertainment,gaming,B25,Gaming 26,55.48,1,premium social,0,0,2025-10-01,central east west,any,0.0,"Synthetic gaming offering; premium and social design, quality tier 1."
I0676,entertainment,gaming,B26,Gaming 27,72.67,2,family practical,0,0,2025-10-01,north south east west central coastal,any,0.0,"Synthetic gaming offering; family and practical design, quality tier 2."
I0677,entertainment,gaming,B27,Gaming 28,111.41,3,active eco,0,0,2025-10-01,north south east west central coastal,any,0.0,"Synthetic gaming offering; active and eco design, quality tier 3."
I0678,entertainment,gaming,B28,Gaming 29,114.58,4,active practical,0,0,2025-10-01,north south east west central coastal,any,0.3,"Synthetic gaming offering; active and practical design, quality tier 4."
I0679,entertainment,gaming,B29,Gaming 30,107.69,5,compact family,0,0,2025-10-01,north south east west central coastal,any,0.0,"Synthetic gaming offering; compact and family design, quality tier 5."
I0680,entertainment,gaming,B30,Gaming 31,39.12,1,premium family,0,0,2025-10-01,north south east west central coastal,any,0.2,"Synthetic gaming offering; premium and family design, quality tier 1."
I0681,entertainment,gaming,B31,Gaming 32,88.81,2,active premium,0,0,2025-10-01,north south east west central coastal,any,0.3,"Synthetic gaming offering; active and premium design, quality tier 2."
I0682,entertainment,gaming,B24,Gaming 33,109.01,3,compact practical,0,0,2025-10-01,north south east west central coastal,any,0.2,"Synthetic gaming offering; compact and practical design, quality tier 3."
I0683,entertainment,gaming,B25,Gaming 34,124.05,4,social creative,0,0,2025-10-01,north south east west central coastal,any,0.1,"Synthetic gaming offering; social and creative design, quality tier 4."
I0684,entertainment,gaming,B26,Gaming 35,183.08,5,active premium,0,0,2025-10-01,north south east west central coastal,any,0.2,"Synthetic gaming offering; active and premium design, quality tier 5."
I0685,entertainment,gaming,B27,Gaming 36,48.54,1,family active,0,0,2025-10-01,north south east west central coastal,any,0.1,"Synthetic gaming offering; family and active design, quality tier 1."
I0686,entertainment,gaming,B28,Gaming 37,84.56,2,family creative,0,0,2025-10-01,north south east west central coastal,any,0.0,"Synthetic gaming offering; family and creative design, quality tier 2."
I0687,entertainment,gaming,B29,Gaming 38,98.33,3,practical creative,0,0,2025-10-01,north south east west central coastal,any,0.3,"Synthetic gaming offering; practical and creative design, quality tier 3."
I0688,entertainment,gaming,B30,Gaming 39,174.77,4,creative active,0,0,2025-10-01,north south east west central coastal,any,0.0,"Synthetic gaming offering; creative and active design, quality tier 4."
I0689,entertainment,gaming,B31,Gaming 40,137.21,5,creative practical,0,0,2025-10-01,coastal east west,any,0.0,"Synthetic gaming offering; creative and practical design, quality tier 5."
I0690,entertainment,gaming,B24,Gaming 41,42.22,1,practical creative,0,0,2025-10-01,north south east west central coastal,any,0.2,"Synthetic gaming offering; practical and creative design, quality tier 1."
I0691,entertainment,gaming,B25,Gaming 42,63.2,2,compact family,0,0,2025-10-01,north south east west central coastal,any,0.0,"Synthetic gaming offering; compact and family design, quality tier 2."
I0692,entertainment,gaming,B26,Gaming 43,94.01,3,practical creative,0,0,2025-10-01,north south east west central coastal,any,0.0,"Synthetic gaming offering; practical and creative design, quality tier 3."
I0693,entertainment,gaming,B27,Gaming 44,71.45,4,creative social,0,0,2025-10-01,north south east west central coastal,any,0.1,"Synthetic gaming offering; creative and social design, quality tier 4."
I0694,entertainment,gaming,B28,Gaming 45,127.71,5,practical eco,0,0,2025-10-01,north south east west central coastal,any,0.0,"Synthetic gaming offering; practical and eco design, quality tier 5."
I0695,entertainment,gaming,B29,Gaming 46,54.59,1,premium family,0,0,2026-05-01,north south east west central coastal,any,0.2,"Synthetic gaming offering; premium and family design, quality tier 1."
I0696,entertainment,gaming,B30,Gaming 47,74.28,2,family social,0,0,2026-05-01,north south east west central coastal,any,0.0,"Synthetic gaming offering; family and social design, quality tier 2."
I0697,entertainment,gaming,B31,Gaming 48,90.94,3,eco practical,0,0,2026-05-01,north south east west central coastal,any,0.0,"Synthetic gaming offering; eco and practical design, quality tier 3."
I0698,entertainment,gaming,B24,Gaming 49,92.79,4,eco family,0,0,2026-05-01,north south east west central coastal,any,0.0,"Synthetic gaming offering; eco and family design, quality tier 4."
I0699,entertainment,gaming,B25,Gaming 50,111.96,5,family eco,0,0,2026-05-01,north south east west central coastal,any,0.2,"Synthetic gaming offering; family and eco design, quality tier 5."
I0700,entertainment,streaming,B24,Streaming 01,15.27,1,eco compact,1,1,2025-10-01,north south east west central coastal,any,0.1,"Synthetic streaming offering; eco and compact design, quality tier 1."
I0701,entertainment,streaming,B25,Streaming 02,13.92,2,practical active,1,1,2025-10-01,north south east west central coastal,any,0.0,"Synthetic streaming offering; practical and active design, quality tier 2."
I0702,entertainment,streaming,B26,Streaming 03,14.39,3,active family,1,1,2025-10-01,north south east west central coastal,any,0.0,"Synthetic streaming offering; active and family design, quality tier 3."
I0703,entertainment,streaming,B27,Streaming 04,27.74,4,eco practical,1,1,2025-10-01,north south east west central coastal,any,0.0,"Synthetic streaming offering; eco and practical design, quality tier 4."
I0704,entertainment,streaming,B28,Streaming 05,28.06,5,practical social,1,1,2025-10-01,north south east west central coastal,any,0.0,"Synthetic streaming offering; practical and social design, quality tier 5."
I0705,entertainment,streaming,B29,Streaming 06,10.74,1,active creative,1,1,2025-10-01,central east west,any,0.2,"Synthetic streaming offering; active and creative design, quality tier 1."
I0706,entertainment,streaming,B30,Streaming 07,16.63,2,premium compact,1,1,2025-10-01,central north south,any,0.0,"Synthetic streaming offering; premium and compact design, quality tier 2."
I0707,entertainment,streaming,B31,Streaming 08,25.15,3,creative family,1,1,2025-10-01,north south east west central coastal,any,0.2,"Synthetic streaming offering; creative and family design, quality tier 3."
I0708,entertainment,streaming,B24,Streaming 09,20.84,4,eco compact,1,1,2025-10-01,north south east west central coastal,any,0.0,"Synthetic streaming offering; eco and compact design, quality tier 4."
I0709,entertainment,streaming,B25,Streaming 10,30.21,5,eco family,1,1,2025-10-01,north south east west central coastal,any,0.0,"Synthetic streaming offering; eco and family design, quality tier 5."
I0710,entertainment,streaming,B26,Streaming 11,12.44,1,compact practical,1,1,2025-10-01,north south east west central coastal,any,0.2,"Synthetic streaming offering; compact and practical design, quality tier 1."
I0711,entertainment,streaming,B27,Streaming 12,19.02,2,active family,1,1,2025-10-01,north south east west central coastal,any,0.0,"Synthetic streaming offering; active and family design, quality tier 2."
I0712,entertainment,streaming,B28,Streaming 13,21.14,3,eco family,1,1,2025-10-01,north south east west central coastal,any,0.0,"Synthetic streaming offering; eco and family design, quality tier 3."
I0713,entertainment,streaming,B29,Streaming 14,34.52,4,practical social,1,1,2025-10-01,central coastal north,any,0.0,"Synthetic streaming offering; practical and social design, quality tier 4."
I0714,entertainment,streaming,B30,Streaming 15,27.12,5,family compact,1,1,2025-10-01,north south east west central coastal,any,0.0,"Synthetic streaming offering; family and compact design, quality tier 5."
I0715,entertainment,streaming,B31,Streaming 16,9.32,1,active practical,1,1,2025-10-01,north south east west central coastal,any,0.0,"Synthetic streaming offering; active and practical design, quality tier 1."
I0716,entertainment,streaming,B24,Streaming 17,18.42,2,eco compact,1,1,2025-10-01,north south east west central coastal,any,0.0,"Synthetic streaming offering; eco and compact design, quality tier 2."
I0717,entertainment,streaming,B25,Streaming 18,23.77,3,compact creative,1,1,2025-10-01,central coastal west,any,0.0,"Synthetic streaming offering; compact and creative design, quality tier 3."
I0718,entertainment,streaming,B26,Streaming 19,20.67,4,compact premium,1,1,2025-10-01,north south east west central coastal,any,0.0,"Synthetic streaming offering; compact and premium design, quality tier 4."
I0719,entertainment,streaming,B27,Streaming 20,27.1,5,compact family,1,1,2025-10-01,north south east west central coastal,any,0.2,"Synthetic streaming offering; compact and family design, quality tier 5."
I0720,entertainment,streaming,B28,Streaming 21,9.44,1,active eco,1,1,2025-10-01,north south east west central coastal,any,0.0,"Synthetic streaming offering; active and eco design, quality tier 1."
I0721,entertainment,streaming,B29,Streaming 22,12.04,2,compact social,1,1,2025-10-01,north south east west central coastal,any,0.2,"Synthetic streaming offering; compact and social design, quality tier 2."
I0722,entertainment,streaming,B30,Streaming 23,19.24,3,eco family,1,1,2025-10-01,north south east west central coastal,any,0.0,"Synthetic streaming offering; eco and family design, quality tier 3."
I0723,entertainment,streaming,B31,Streaming 24,35.57,4,active social,1,1,2025-10-01,north south east west central coastal,any,0.0,"Synthetic streaming offering; active and social design, quality tier 4."
I0724,entertainment,streaming,B24,Streaming 25,28.18,5,active practical,1,1,2025-10-01,north south east west central coastal,any,0.0,"Synthetic streaming offering; active and practical design, quality tier 5."
I0725,entertainment,streaming,B25,Streaming 26,15.96,1,active creative,1,1,2025-10-01,north south east west central coastal,any,0.1,"Synthetic streaming offering; active and creative design, quality tier 1."
I0726,entertainment,streaming,B26,Streaming 27,24.02,2,eco creative,1,1,2025-10-01,central east north,any,0.0,"Synthetic streaming offering; eco and creative design, quality tier 2."
I0727,entertainment,streaming,B27,Streaming 28,26.42,3,premium family,1,1,2025-10-01,coastal north south,any,0.3,"Synthetic streaming offering; premium and family design, quality tier 3."
I0728,entertainment,streaming,B28,Streaming 29,29.38,4,active premium,1,1,2025-10-01,north south east west central coastal,any,0.0,"Synthetic streaming offering; active and premium design, quality tier 4."
I0729,entertainment,streaming,B29,Streaming 30,33.34,5,eco compact,1,1,2025-10-01,north south east west central coastal,any,0.0,"Synthetic streaming offering; eco and compact design, quality tier 5."
I0730,entertainment,streaming,B30,Streaming 31,16.81,1,active eco,1,1,2025-10-01,north south east west central coastal,any,0.3,"Synthetic streaming offering; active and eco design, quality tier 1."
I0731,entertainment,streaming,B31,Streaming 32,16.58,2,creative social,1,1,2025-10-01,north south east west central coastal,any,0.0,"Synthetic streaming offering; creative and social design, quality tier 2."
I0732,entertainment,streaming,B24,Streaming 33,15.42,3,active practical,1,1,2025-10-01,north south east west central coastal,any,0.0,"Synthetic streaming offering; active and practical design, quality tier 3."
I0733,entertainment,streaming,B25,Streaming 34,23.87,4,eco premium,1,1,2025-10-01,north south east west central coastal,any,0.0,"Synthetic streaming offering; eco and premium design, quality tier 4."
I0734,entertainment,streaming,B26,Streaming 35,40.33,5,social family,1,1,2025-10-01,north south east west central coastal,any,0.1,"Synthetic streaming offering; social and family design, quality tier 5."
I0735,entertainment,streaming,B27,Streaming 36,12.38,1,creative active,1,1,2025-10-01,north south east west central coastal,any,0.0,"Synthetic streaming offering; creative and active design, quality tier 1."
I0736,entertainment,streaming,B28,Streaming 37,15.76,2,family eco,1,1,2025-10-01,central east north,any,0.0,"Synthetic streaming offering; family and eco design, quality tier 2."
I0737,entertainment,streaming,B29,Streaming 38,19.13,3,practical creative,1,1,2025-10-01,north south east west central coastal,any,0.1,"Synthetic streaming offering; practical and creative design, quality tier 3."
I0738,entertainment,streaming,B30,Streaming 39,19.45,4,family practical,1,1,2025-10-01,north south east west central coastal,any,0.1,"Synthetic streaming offering; family and practical design, quality tier 4."
I0739,entertainment,streaming,B31,Streaming 40,29.92,5,family practical,1,1,2025-10-01,north south east west central coastal,any,0.2,"Synthetic streaming offering; family and practical design, quality tier 5."
I0740,entertainment,streaming,B24,Streaming 41,8.95,1,family compact,1,1,2025-10-01,north south east west central coastal,any,0.3,"Synthetic streaming offering; family and compact design, quality tier 1."
I0741,entertainment,streaming,B25,Streaming 42,16.34,2,compact eco,1,1,2025-10-01,north south east west central coastal,any,0.0,"Synthetic streaming offering; compact and eco design, quality tier 2."
I0742,entertainment,streaming,B26,Streaming 43,21.38,3,family social,1,1,2025-10-01,north south east west central coastal,any,0.3,"Synthetic streaming offering; family and social design, quality tier 3."
I0743,entertainment,streaming,B27,Streaming 44,35.08,4,creative compact,1,1,2025-10-01,north south east west central coastal,any,0.0,"Synthetic streaming offering; creative and compact design, quality tier 4."
I0744,entertainment,streaming,B28,Streaming 45,34.0,5,creative premium,1,1,2025-10-01,north south east west central coastal,any,0.3,"Synthetic streaming offering; creative and premium design, quality tier 5."
I0745,entertainment,streaming,B29,Streaming 46,16.67,1,practical premium,1,1,2026-05-01,north south east west central coastal,any,0.2,"Synthetic streaming offering; practical and premium design, quality tier 1."
I0746,entertainment,streaming,B30,Streaming 47,9.88,2,practical compact,1,1,2026-05-01,north south east west central coastal,any,0.0,"Synthetic streaming offering; practical and compact design, quality tier 2."
I0747,entertainment,streaming,B31,Streaming 48,22.96,3,family social,1,1,2026-05-01,north south east west central coastal,any,0.3,"Synthetic streaming offering; family and social design, quality tier 3."
I0748,entertainment,streaming,B24,Streaming 49,21.23,4,practical creative,1,1,2026-05-01,north south east west central coastal,any,0.0,"Synthetic streaming offering; practical and creative design, quality tier 4."
I0749,entertainment,streaming,B25,Streaming 50,38.43,5,active compact,1,1,2026-05-01,north south east west central coastal,any,0.3,"Synthetic streaming offering; active and compact design, quality tier 5."
I0750,entertainment,creative_hobbies,B24,Creative Hobbies 01,35.1,1,creative family,1,0,2025-10-01,north south east west central coastal,any,0.0,"Synthetic creative hobbies offering; creative and family design, quality tier 1."
I0751,entertainment,creative_hobbies,B25,Creative Hobbies 02,60.82,2,family eco,1,0,2025-10-01,north south east west central coastal,any,0.0,"Synthetic creative hobbies offering; family and eco design, quality tier 2."
I0752,entertainment,creative_hobbies,B26,Creative Hobbies 03,41.86,3,practical family,1,0,2025-10-01,north south east west central coastal,any,0.0,"Synthetic creative hobbies offering; practical and family design, quality tier 3."
I0753,entertainment,creative_hobbies,B27,Creative Hobbies 04,46.09,4,creative compact,1,0,2025-10-01,north south east west central coastal,any,0.0,"Synthetic creative hobbies offering; creative and compact design, quality tier 4."
I0754,entertainment,creative_hobbies,B28,Creative Hobbies 05,67.19,5,eco compact,1,0,2025-10-01,north south east west central coastal,any,0.2,"Synthetic creative hobbies offering; eco and compact design, quality tier 5."
I0755,entertainment,creative_hobbies,B29,Creative Hobbies 06,24.32,1,practical active,1,0,2025-10-01,north south east west central coastal,any,0.1,"Synthetic creative hobbies offering; practical and active design, quality tier 1."
I0756,entertainment,creative_hobbies,B30,Creative Hobbies 07,53.2,2,compact active,1,0,2025-10-01,north south east west central coastal,any,0.0,"Synthetic creative hobbies offering; compact and active design, quality tier 2."
I0757,entertainment,creative_hobbies,B31,Creative Hobbies 08,48.86,3,practical active,1,0,2025-10-01,north south east west central coastal,any,0.2,"Synthetic creative hobbies offering; practical and active design, quality tier 3."
I0758,entertainment,creative_hobbies,B24,Creative Hobbies 09,100.9,4,compact active,1,0,2025-10-01,north south east west central coastal,any,0.3,"Synthetic creative hobbies offering; compact and active design, quality tier 4."
I0759,entertainment,creative_hobbies,B25,Creative Hobbies 10,56.07,5,premium active,1,0,2025-10-01,north south east west central coastal,any,0.0,"Synthetic creative hobbies offering; premium and active design, quality tier 5."
I0760,entertainment,creative_hobbies,B26,Creative Hobbies 11,20.55,1,family eco,1,0,2025-10-01,coastal east west,any,0.0,"Synthetic creative hobbies offering; family and eco design, quality tier 1."
I0761,entertainment,creative_hobbies,B27,Creative Hobbies 12,29.07,2,eco compact,1,0,2025-10-01,north south east west central coastal,any,0.2,"Synthetic creative hobbies offering; eco and compact design, quality tier 2."
I0762,entertainment,creative_hobbies,B28,Creative Hobbies 13,48.17,3,active family,1,0,2025-10-01,north south east west central coastal,any,0.0,"Synthetic creative hobbies offering; active and family design, quality tier 3."
I0763,entertainment,creative_hobbies,B29,Creative Hobbies 14,63.77,4,active premium,1,0,2025-10-01,north south east west central coastal,any,0.0,"Synthetic creative hobbies offering; active and premium design, quality tier 4."
I0764,entertainment,creative_hobbies,B30,Creative Hobbies 15,79.08,5,eco family,1,0,2025-10-01,north south east west central coastal,any,0.0,"Synthetic creative hobbies offering; eco and family design, quality tier 5."
I0765,entertainment,creative_hobbies,B31,Creative Hobbies 16,31.16,1,social active,1,0,2025-10-01,north south east west central coastal,any,0.0,"Synthetic creative hobbies offering; social and active design, quality tier 1."
I0766,entertainment,creative_hobbies,B24,Creative Hobbies 17,42.41,2,premium creative,1,0,2025-10-01,north south east west central coastal,any,0.0,"Synthetic creative hobbies offering; premium and creative design, quality tier 2."
I0767,entertainment,creative_hobbies,B25,Creative Hobbies 18,61.56,3,compact family,1,0,2025-10-01,north south east west central coastal,any,0.0,"Synthetic creative hobbies offering; compact and family design, quality tier 3."
I0768,entertainment,creative_hobbies,B26,Creative Hobbies 19,64.78,4,family active,1,0,2025-10-01,north south east west central coastal,any,0.2,"Synthetic creative hobbies offering; family and active design, quality tier 4."
I0769,entertainment,creative_hobbies,B27,Creative Hobbies 20,80.71,5,practical family,1,0,2025-10-01,north south east west central coastal,any,0.1,"Synthetic creative hobbies offering; practical and family design, quality tier 5."
I0770,entertainment,creative_hobbies,B28,Creative Hobbies 21,25.77,1,creative premium,1,0,2025-10-01,north south east west central coastal,any,0.2,"Synthetic creative hobbies offering; creative and premium design, quality tier 1."
I0771,entertainment,creative_hobbies,B29,Creative Hobbies 22,56.35,2,creative eco,1,0,2025-10-01,north south east west central coastal,any,0.0,"Synthetic creative hobbies offering; creative and eco design, quality tier 2."
I0772,entertainment,creative_hobbies,B30,Creative Hobbies 23,51.33,3,compact premium,1,0,2025-10-01,north south east west central coastal,any,0.3,"Synthetic creative hobbies offering; compact and premium design, quality tier 3."
I0773,entertainment,creative_hobbies,B31,Creative Hobbies 24,107.08,4,creative eco,1,0,2025-10-01,north south east west central coastal,any,0.0,"Synthetic creative hobbies offering; creative and eco design, quality tier 4."
I0774,entertainment,creative_hobbies,B24,Creative Hobbies 25,92.93,5,practical creative,1,0,2025-10-01,north south east west central coastal,any,0.0,"Synthetic creative hobbies offering; practical and creative design, quality tier 5."
I0775,entertainment,creative_hobbies,B25,Creative Hobbies 26,38.11,1,practical eco,1,0,2025-10-01,north south east west central coastal,any,0.0,"Synthetic creative hobbies offering; practical and eco design, quality tier 1."
I0776,entertainment,creative_hobbies,B26,Creative Hobbies 27,49.45,2,active eco,1,0,2025-10-01,north south east west central coastal,any,0.2,"Synthetic creative hobbies offering; active and eco design, quality tier 2."
I0777,entertainment,creative_hobbies,B27,Creative Hobbies 28,45.33,3,eco family,1,0,2025-10-01,north south east west central coastal,any,0.0,"Synthetic creative hobbies offering; eco and family design, quality tier 3."
I0778,entertainment,creative_hobbies,B28,Creative Hobbies 29,84.71,4,premium eco,1,0,2025-10-01,north south east west central coastal,any,0.0,"Synthetic creative hobbies offering; premium and eco design, quality tier 4."
I0779,entertainment,creative_hobbies,B29,Creative Hobbies 30,107.64,5,active eco,1,0,2025-10-01,north south east west central coastal,any,0.3,"Synthetic creative hobbies offering; active and eco design, quality tier 5."
I0780,entertainment,creative_hobbies,B30,Creative Hobbies 31,57.44,1,social premium,1,0,2025-10-01,east south west,any,0.0,"Synthetic creative hobbies offering; social and premium design, quality tier 1."
I0781,entertainment,creative_hobbies,B31,Creative Hobbies 32,34.35,2,active premium,1,0,2025-10-01,north south east west central coastal,any,0.0,"Synthetic creative hobbies offering; active and premium design, quality tier 2."
I0782,entertainment,creative_hobbies,B24,Creative Hobbies 33,43.07,3,family premium,1,0,2025-10-01,north south east west central coastal,any,0.0,"Synthetic creative hobbies offering; family and premium design, quality tier 3."
I0783,entertainment,creative_hobbies,B25,Creative Hobbies 34,71.97,4,premium creative,1,0,2025-10-01,north south east west central coastal,any,0.2,"Synthetic creative hobbies offering; premium and creative design, quality tier 4."
I0784,entertainment,creative_hobbies,B26,Creative Hobbies 35,72.82,5,creative family,1,0,2025-10-01,central east south,any,0.2,"Synthetic creative hobbies offering; creative and family design, quality tier 5."
I0785,entertainment,creative_hobbies,B27,Creative Hobbies 36,28.46,1,active premium,1,0,2025-10-01,north south east west central coastal,any,0.0,"Synthetic creative hobbies offering; active and premium design, quality tier 1."
I0786,entertainment,creative_hobbies,B28,Creative Hobbies 37,26.83,2,compact active,1,0,2025-10-01,north south east west central coastal,any,0.0,"Synthetic creative hobbies offering; compact and active design, quality tier 2."
I0787,entertainment,creative_hobbies,B29,Creative Hobbies 38,79.0,3,creative eco,1,0,2025-10-01,north south east west central coastal,any,0.0,"Synthetic creative hobbies offering; creative and eco design, quality tier 3."
I0788,entertainment,creative_hobbies,B30,Creative Hobbies 39,79.3,4,premium active,1,0,2025-10-01,north south east west central coastal,any,0.1,"Synthetic creative hobbies offering; premium and active design, quality tier 4."
I0789,entertainment,creative_hobbies,B31,Creative Hobbies 40,85.13,5,family social,1,0,2025-10-01,north south east west central coastal,any,0.0,"Synthetic creative hobbies offering; family and social design, quality tier 5."
I0790,entertainment,creative_hobbies,B24,Creative Hobbies 41,32.67,1,social creative,1,0,2025-10-01,coastal east south,any,0.2,"Synthetic creative hobbies offering; social and creative design, quality tier 1."
I0791,entertainment,creative_hobbies,B25,Creative Hobbies 42,56.8,2,eco social,1,0,2025-10-01,north south east west central coastal,any,0.0,"Synthetic creative hobbies offering; eco and social design, quality tier 2."
I0792,entertainment,creative_hobbies,B26,Creative Hobbies 43,59.29,3,family creative,1,0,2025-10-01,north south east west central coastal,any,0.1,"Synthetic creative hobbies offering; family and creative design, quality tier 3."
I0793,entertainment,creative_hobbies,B27,Creative Hobbies 44,68.37,4,social eco,1,0,2025-10-01,north south east west central coastal,any,0.1,"Synthetic creative hobbies offering; social and eco design, quality tier 4."
I0794,entertainment,creative_hobbies,B28,Creative Hobbies 45,88.86,5,practical premium,1,0,2025-10-01,north south east west central coastal,any,0.0,"Synthetic creative hobbies offering; practical and premium design, quality tier 5."
I0795,entertainment,creative_hobbies,B29,Creative Hobbies 46,45.79,1,active eco,1,0,2026-05-01,north south east west central coastal,any,0.0,"Synthetic creative hobbies offering; active and eco design, quality tier 1."
I0796,entertainment,creative_hobbies,B30,Creative Hobbies 47,41.12,2,creative social,1,0,2026-05-01,north south east west central coastal,any,0.1,"Synthetic creative hobbies offering; creative and social design, quality tier 2."
I0797,entertainment,creative_hobbies,B31,Creative Hobbies 48,39.45,3,active premium,1,0,2026-05-01,north south east west central coastal,any,0.0,"Synthetic creative hobbies offering; active and premium design, quality tier 3."
I0798,entertainment,creative_hobbies,B24,Creative Hobbies 49,92.25,4,social family,1,0,2026-05-01,north south east west central coastal,any,0.0,"Synthetic creative hobbies offering; social and family design, quality tier 4."
I0799,entertainment,creative_hobbies,B25,Creative Hobbies 50,61.25,5,creative social,1,0,2026-05-01,north south east west central coastal,any,0.0,"Synthetic creative hobbies offering; creative and social design, quality tier 5."
I0800,travel_leisure,local_experiences,B32,Local Experiences 01,45.37,1,compact practical,1,0,2025-10-01,north south east west central coastal,any,0.0,"Synthetic local experiences offering; compact and practical design, quality tier 1."
I0801,travel_leisure,local_experiences,B33,Local Experiences 02,85.67,2,eco creative,1,0,2025-10-01,north south east west central coastal,any,0.1,"Synthetic local experiences offering; eco and creative design, quality tier 2."
I0802,travel_leisure,local_experiences,B34,Local Experiences 03,118.27,3,compact family,1,0,2025-10-01,coastal east north,any,0.0,"Synthetic local experiences offering; compact and family design, quality tier 3."
I0803,travel_leisure,local_experiences,B35,Local Experiences 04,139.72,4,eco creative,1,0,2025-10-01,north south east west central coastal,any,0.2,"Synthetic local experiences offering; eco and creative design, quality tier 4."
I0804,travel_leisure,local_experiences,B36,Local Experiences 05,175.77,5,practical premium,1,0,2025-10-01,north south east west central coastal,any,0.0,"Synthetic local experiences offering; practical and premium design, quality tier 5."
I0805,travel_leisure,local_experiences,B37,Local Experiences 06,51.62,1,family practical,1,0,2025-10-01,north south east west central coastal,any,0.0,"Synthetic local experiences offering; family and practical design, quality tier 1."
I0806,travel_leisure,local_experiences,B38,Local Experiences 07,78.86,2,family compact,1,0,2025-10-01,north south east west central coastal,any,0.0,"Synthetic local experiences offering; family and compact design, quality tier 2."
I0807,travel_leisure,local_experiences,B39,Local Experiences 08,129.62,3,social premium,1,0,2025-10-01,north south east west central coastal,any,0.0,"Synthetic local experiences offering; social and premium design, quality tier 3."
I0808,travel_leisure,local_experiences,B32,Local Experiences 09,102.86,4,creative active,1,0,2025-10-01,north south east west central coastal,any,0.0,"Synthetic local experiences offering; creative and active design, quality tier 4."
I0809,travel_leisure,local_experiences,B33,Local Experiences 10,155.72,5,compact premium,1,0,2025-10-01,north south east west central coastal,any,0.0,"Synthetic local experiences offering; compact and premium design, quality tier 5."
I0810,travel_leisure,local_experiences,B34,Local Experiences 11,57.42,1,creative premium,1,0,2025-10-01,central east west,any,0.0,"Synthetic local experiences offering; creative and premium design, quality tier 1."
I0811,travel_leisure,local_experiences,B35,Local Experiences 12,106.12,2,premium eco,1,0,2025-10-01,north south east west central coastal,any,0.0,"Synthetic local experiences offering; premium and eco design, quality tier 2."
I0812,travel_leisure,local_experiences,B36,Local Experiences 13,109.47,3,premium creative,1,0,2025-10-01,north south east west central coastal,any,0.3,"Synthetic local experiences offering; premium and creative design, quality tier 3."
I0813,travel_leisure,local_experiences,B37,Local Experiences 14,165.77,4,premium compact,1,0,2025-10-01,north south east west central coastal,any,0.1,"Synthetic local experiences offering; premium and compact design, quality tier 4."
I0814,travel_leisure,local_experiences,B38,Local Experiences 15,105.19,5,compact social,1,0,2025-10-01,north south east west central coastal,any,0.0,"Synthetic local experiences offering; compact and social design, quality tier 5."
I0815,travel_leisure,local_experiences,B39,Local Experiences 16,87.66,1,practical eco,1,0,2025-10-01,north south east west central coastal,any,0.0,"Synthetic local experiences offering; practical and eco design, quality tier 1."
I0816,travel_leisure,local_experiences,B32,Local Experiences 17,85.58,2,social active,1,0,2025-10-01,north south east west central coastal,any,0.0,"Synthetic local experiences offering; social and active design, quality tier 2."
I0817,travel_leisure,local_experiences,B33,Local Experiences 18,168.88,3,practical creative,1,0,2025-10-01,north south east west central coastal,any,0.1,"Synthetic local experiences offering; practical and creative design, quality tier 3."
I0818,travel_leisure,local_experiences,B34,Local Experiences 19,132.81,4,social eco,1,0,2025-10-01,north south east west central coastal,any,0.0,"Synthetic local experiences offering; social and eco design, quality tier 4."
I0819,travel_leisure,local_experiences,B35,Local Experiences 20,161.41,5,active family,1,0,2025-10-01,north south east west central coastal,any,0.0,"Synthetic local experiences offering; active and family design, quality tier 5."
I0820,travel_leisure,local_experiences,B36,Local Experiences 21,80.49,1,eco premium,1,0,2025-10-01,coastal east north,any,0.0,"Synthetic local experiences offering; eco and premium design, quality tier 1."
I0821,travel_leisure,local_experiences,B37,Local Experiences 22,62.68,2,creative practical,1,0,2025-10-01,north south east west central coastal,any,0.1,"Synthetic local experiences offering; creative and practical design, quality tier 2."
I0822,travel_leisure,local_experiences,B38,Local Experiences 23,115.48,3,creative family,1,0,2025-10-01,north south east west central coastal,any,0.3,"Synthetic local experiences offering; creative and family design, quality tier 3."
I0823,travel_leisure,local_experiences,B39,Local Experiences 24,182.22,4,practical creative,1,0,2025-10-01,north south east west central coastal,any,0.0,"Synthetic local experiences offering; practical and creative design, quality tier 4."
I0824,travel_leisure,local_experiences,B32,Local Experiences 25,192.38,5,practical premium,1,0,2025-10-01,north south east west central coastal,any,0.0,"Synthetic local experiences offering; practical and premium design, quality tier 5."
I0825,travel_leisure,local_experiences,B33,Local Experiences 26,66.23,1,eco premium,1,0,2025-10-01,north south east west central coastal,any,0.0,"Synthetic local experiences offering; eco and premium design, quality tier 1."
I0826,travel_leisure,local_experiences,B34,Local Experiences 27,88.49,2,premium compact,1,0,2025-10-01,north south east west central coastal,any,0.3,"Synthetic local experiences offering; premium and compact design, quality tier 2."
I0827,travel_leisure,local_experiences,B35,Local Experiences 28,78.39,3,premium eco,1,0,2025-10-01,north south east west central coastal,any,0.3,"Synthetic local experiences offering; premium and eco design, quality tier 3."
I0828,travel_leisure,local_experiences,B36,Local Experiences 29,133.68,4,social family,1,0,2025-10-01,north south east west central coastal,any,0.0,"Synthetic local experiences offering; social and family design, quality tier 4."
I0829,travel_leisure,local_experiences,B37,Local Experiences 30,151.63,5,compact family,1,0,2025-10-01,north south east west central coastal,any,0.1,"Synthetic local experiences offering; compact and family design, quality tier 5."
I0830,travel_leisure,local_experiences,B38,Local Experiences 31,52.97,1,family social,1,0,2025-10-01,north south east west central coastal,any,0.3,"Synthetic local experiences offering; family and social design, quality tier 1."
I0831,travel_leisure,local_experiences,B39,Local Experiences 32,117.77,2,practical creative,1,0,2025-10-01,central coastal west,any,0.0,"Synthetic local experiences offering; practical and creative design, quality tier 2."
I0832,travel_leisure,local_experiences,B32,Local Experiences 33,104.27,3,premium compact,1,0,2025-10-01,north south east west central coastal,any,0.0,"Synthetic local experiences offering; premium and compact design, quality tier 3."
I0833,travel_leisure,local_experiences,B33,Local Experiences 34,114.54,4,social premium,1,0,2025-10-01,north south east west central coastal,any,0.1,"Synthetic local experiences offering; social and premium design, quality tier 4."
I0834,travel_leisure,local_experiences,B34,Local Experiences 35,153.15,5,eco creative,1,0,2025-10-01,north south east west central coastal,any,0.3,"Synthetic local experiences offering; eco and creative design, quality tier 5."
I0835,travel_leisure,local_experiences,B35,Local Experiences 36,88.61,1,eco family,1,0,2025-10-01,north south east west central coastal,any,0.3,"Synthetic local experiences offering; eco and family design, quality tier 1."
I0836,travel_leisure,local_experiences,B36,Local Experiences 37,74.08,2,social creative,1,0,2025-10-01,north south east west central coastal,any,0.3,"Synthetic local experiences offering; social and creative design, quality tier 2."
I0837,travel_leisure,local_experiences,B37,Local Experiences 38,105.31,3,family creative,1,0,2025-10-01,north south east west central coastal,any,0.1,"Synthetic local experiences offering; family and creative design, quality tier 3."
I0838,travel_leisure,local_experiences,B38,Local Experiences 39,110.54,4,practical creative,1,0,2025-10-01,north south east west central coastal,any,0.0,"Synthetic local experiences offering; practical and creative design, quality tier 4."
I0839,travel_leisure,local_experiences,B39,Local Experiences 40,235.45,5,eco social,1,0,2025-10-01,north south east west central coastal,any,0.0,"Synthetic local experiences offering; eco and social design, quality tier 5."
I0840,travel_leisure,local_experiences,B32,Local Experiences 41,48.25,1,active practical,1,0,2025-10-01,north south east west central coastal,any,0.1,"Synthetic local experiences offering; active and practical design, quality tier 1."
I0841,travel_leisure,local_experiences,B33,Local Experiences 42,97.96,2,practical eco,1,0,2025-10-01,north south east west central coastal,any,0.0,"Synthetic local experiences offering; practical and eco design, quality tier 2."
I0842,travel_leisure,local_experiences,B34,Local Experiences 43,123.66,3,eco social,1,0,2025-10-01,north south east west central coastal,any,0.0,"Synthetic local experiences offering; eco and social design, quality tier 3."
I0843,travel_leisure,local_experiences,B35,Local Experiences 44,126.73,4,creative active,1,0,2025-10-01,north south east west central coastal,any,0.0,"Synthetic local experiences offering; creative and active design, quality tier 4."
I0844,travel_leisure,local_experiences,B36,Local Experiences 45,197.44,5,creative practical,1,0,2025-10-01,north south east west central coastal,any,0.0,"Synthetic local experiences offering; creative and practical design, quality tier 5."
I0845,travel_leisure,local_experiences,B37,Local Experiences 46,68.57,1,practical family,1,0,2026-05-01,north south east west central coastal,any,0.0,"Synthetic local experiences offering; practical and family design, quality tier 1."
I0846,travel_leisure,local_experiences,B38,Local Experiences 47,80.41,2,family compact,1,0,2026-05-01,coastal east west,any,0.0,"Synthetic local experiences offering; family and compact design, quality tier 2."
I0847,travel_leisure,local_experiences,B39,Local Experiences 48,90.63,3,social eco,1,0,2026-05-01,north south east west central coastal,any,0.0,"Synthetic local experiences offering; social and eco design, quality tier 3."
I0848,travel_leisure,local_experiences,B32,Local Experiences 49,103.27,4,eco family,1,0,2026-05-01,north south east west central coastal,any,0.0,"Synthetic local experiences offering; eco and family design, quality tier 4."
I0849,travel_leisure,local_experiences,B33,Local Experiences 50,195.07,5,premium active,1,0,2026-05-01,north south east west central coastal,any,0.1,"Synthetic local experiences offering; premium and active design, quality tier 5."
I0850,travel_leisure,outdoor,B32,Outdoor 01,60.58,1,creative compact,0,0,2025-10-01,north south east west central coastal,any,0.0,"Synthetic outdoor offering; creative and compact design, quality tier 1."
I0851,travel_leisure,outdoor,B33,Outdoor 02,95.37,2,eco practical,0,0,2025-10-01,north south east west central coastal,any,0.0,"Synthetic outdoor offering; eco and practical design, quality tier 2."
I0852,travel_leisure,outdoor,B34,Outdoor 03,128.73,3,creative eco,0,0,2025-10-01,north south east west central coastal,any,0.1,"Synthetic outdoor offering; creative and eco design, quality tier 3."
I0853,travel_leisure,outdoor,B35,Outdoor 04,126.61,4,eco active,0,0,2025-10-01,north south east west central coastal,any,0.2,"Synthetic outdoor offering; eco and active design, quality tier 4."
I0854,travel_leisure,outdoor,B36,Outdoor 05,208.07,5,eco family,0,0,2025-10-01,north south east west central coastal,any,0.2,"Synthetic outdoor offering; eco and family design, quality tier 5."
I0855,travel_leisure,outdoor,B37,Outdoor 06,99.22,1,active compact,0,0,2025-10-01,north south east west central coastal,any,0.3,"Synthetic outdoor offering; active and compact design, quality tier 1."
I0856,travel_leisure,outdoor,B38,Outdoor 07,115.45,2,practical active,0,0,2025-10-01,north south east west central coastal,any,0.2,"Synthetic outdoor offering; practical and active design, quality tier 2."
I0857,travel_leisure,outdoor,B39,Outdoor 08,129.7,3,family eco,0,0,2025-10-01,central coastal north,any,0.0,"Synthetic outdoor offering; family and eco design, quality tier 3."
I0858,travel_leisure,outdoor,B32,Outdoor 09,211.71,4,practical active,0,0,2025-10-01,north south east west central coastal,any,0.2,"Synthetic outdoor offering; practical and active design, quality tier 4."
I0859,travel_leisure,outdoor,B33,Outdoor 10,307.32,5,family practical,0,0,2025-10-01,north south east west central coastal,any,0.3,"Synthetic outdoor offering; family and practical design, quality tier 5."
I0860,travel_leisure,outdoor,B34,Outdoor 11,92.52,1,compact practical,0,0,2025-10-01,north south east west central coastal,any,0.2,"Synthetic outdoor offering; compact and practical design, quality tier 1."
I0861,travel_leisure,outdoor,B35,Outdoor 12,124.89,2,compact practical,0,0,2025-10-01,north south east west central coastal,any,0.0,"Synthetic outdoor offering; compact and practical design, quality tier 2."
I0862,travel_leisure,outdoor,B36,Outdoor 13,160.15,3,active eco,0,0,2025-10-01,central coastal west,any,0.2,"Synthetic outdoor offering; active and eco design, quality tier 3."
I0863,travel_leisure,outdoor,B37,Outdoor 14,110.34,4,eco premium,0,0,2025-10-01,north south east west central coastal,any,0.0,"Synthetic outdoor offering; eco and premium design, quality tier 4."
I0864,travel_leisure,outdoor,B38,Outdoor 15,146.3,5,compact creative,0,0,2025-10-01,north south east west central coastal,any,0.1,"Synthetic outdoor offering; compact and creative design, quality tier 5."
I0865,travel_leisure,outdoor,B39,Outdoor 16,58.56,1,premium creative,0,0,2025-10-01,north south east west central coastal,any,0.0,"Synthetic outdoor offering; premium and creative design, quality tier 1."
I0866,travel_leisure,outdoor,B32,Outdoor 17,115.2,2,active family,0,0,2025-10-01,north south east west central coastal,any,0.1,"Synthetic outdoor offering; active and family design, quality tier 2."
I0867,travel_leisure,outdoor,B33,Outdoor 18,186.03,3,family creative,0,0,2025-10-01,north south east west central coastal,any,0.0,"Synthetic outdoor offering; family and creative design, quality tier 3."
I0868,travel_leisure,outdoor,B34,Outdoor 19,129.63,4,practical compact,0,0,2025-10-01,north south east west central coastal,any,0.1,"Synthetic outdoor offering; practical and compact design, quality tier 4."
I0869,travel_leisure,outdoor,B35,Outdoor 20,238.15,5,family premium,0,0,2025-10-01,north south east west central coastal,any,0.1,"Synthetic outdoor offering; family and premium design, quality tier 5."
I0870,travel_leisure,outdoor,B36,Outdoor 21,85.12,1,compact active,0,0,2025-10-01,coastal north west,any,0.0,"Synthetic outdoor offering; compact and active design, quality tier 1."
I0871,travel_leisure,outdoor,B37,Outdoor 22,92.41,2,premium eco,0,0,2025-10-01,north south east west central coastal,any,0.1,"Synthetic outdoor offering; premium and eco design, quality tier 2."
I0872,travel_leisure,outdoor,B38,Outdoor 23,131.29,3,active family,0,0,2025-10-01,north south east west central coastal,any,0.0,"Synthetic outdoor offering; active and family design, quality tier 3."
I0873,travel_leisure,outdoor,B39,Outdoor 24,165.32,4,compact social,0,0,2025-10-01,north south east west central coastal,any,0.0,"Synthetic outdoor offering; compact and social design, quality tier 4."
I0874,travel_leisure,outdoor,B32,Outdoor 25,196.73,5,active premium,0,0,2025-10-01,north south east west central coastal,any,0.0,"Synthetic outdoor offering; active and premium design, quality tier 5."
I0875,travel_leisure,outdoor,B33,Outdoor 26,92.85,1,compact eco,0,0,2025-10-01,north south east west central coastal,any,0.2,"Synthetic outdoor offering; compact and eco design, quality tier 1."
I0876,travel_leisure,outdoor,B34,Outdoor 27,95.37,2,premium compact,0,0,2025-10-01,north south east west central coastal,any,0.0,"Synthetic outdoor offering; premium and compact design, quality tier 2."
I0877,travel_leisure,outdoor,B35,Outdoor 28,132.73,3,compact active,0,0,2025-10-01,east north south,any,0.1,"Synthetic outdoor offering; compact and active design, quality tier 3."
I0878,travel_leisure,outdoor,B36,Outdoor 29,136.86,4,family creative,0,0,2025-10-01,north south east west central coastal,any,0.0,"Synthetic outdoor offering; family and creative design, quality tier 4."
I0879,travel_leisure,outdoor,B37,Outdoor 30,228.47,5,premium practical,0,0,2025-10-01,north south east west central coastal,any,0.0,"Synthetic outdoor offering; premium and practical design, quality tier 5."
I0880,travel_leisure,outdoor,B38,Outdoor 31,145.28,1,active creative,0,0,2025-10-01,north south east west central coastal,any,0.0,"Synthetic outdoor offering; active and creative design, quality tier 1."
I0881,travel_leisure,outdoor,B39,Outdoor 32,111.53,2,creative active,0,0,2025-10-01,north south east west central coastal,any,0.2,"Synthetic outdoor offering; creative and active design, quality tier 2."
I0882,travel_leisure,outdoor,B32,Outdoor 33,142.98,3,compact premium,0,0,2025-10-01,north south east west central coastal,any,0.0,"Synthetic outdoor offering; compact and premium design, quality tier 3."
I0883,travel_leisure,outdoor,B33,Outdoor 34,218.1,4,family practical,0,0,2025-10-01,north south east west central coastal,any,0.0,"Synthetic outdoor offering; family and practical design, quality tier 4."
I0884,travel_leisure,outdoor,B34,Outdoor 35,221.65,5,active premium,0,0,2025-10-01,north south east west central coastal,any,0.0,"Synthetic outdoor offering; active and premium design, quality tier 5."
I0885,travel_leisure,outdoor,B35,Outdoor 36,77.97,1,premium practical,0,0,2025-10-01,central coastal north,any,0.0,"Synthetic outdoor offering; premium and practical design, quality tier 1."
I0886,travel_leisure,outdoor,B36,Outdoor 37,97.81,2,active premium,0,0,2025-10-01,north south east west central coastal,any,0.0,"Synthetic outdoor offering; active and premium design, quality tier 2."
I0887,travel_leisure,outdoor,B37,Outdoor 38,111.06,3,social practical,0,0,2025-10-01,coastal south west,any,0.2,"Synthetic outdoor offering; social and practical design, quality tier 3."
I0888,travel_leisure,outdoor,B38,Outdoor 39,267.97,4,creative eco,0,0,2025-10-01,central coastal west,any,0.0,"Synthetic outdoor offering; creative and eco design, quality tier 4."
I0889,travel_leisure,outdoor,B39,Outdoor 40,153.73,5,premium practical,0,0,2025-10-01,north south east west central coastal,any,0.0,"Synthetic outdoor offering; premium and practical design, quality tier 5."
I0890,travel_leisure,outdoor,B32,Outdoor 41,71.15,1,creative practical,0,0,2025-10-01,north south east west central coastal,any,0.1,"Synthetic outdoor offering; creative and practical design, quality tier 1."
I0891,travel_leisure,outdoor,B33,Outdoor 42,124.19,2,compact eco,0,0,2025-10-01,east north south,any,0.0,"Synthetic outdoor offering; compact and eco design, quality tier 2."
I0892,travel_leisure,outdoor,B34,Outdoor 43,153.39,3,practical social,0,0,2025-10-01,north south east west central coastal,any,0.0,"Synthetic outdoor offering; practical and social design, quality tier 3."
I0893,travel_leisure,outdoor,B35,Outdoor 44,166.09,4,practical active,0,0,2025-10-01,north south east west central coastal,any,0.0,"Synthetic outdoor offering; practical and active design, quality tier 4."
I0894,travel_leisure,outdoor,B36,Outdoor 45,214.36,5,active compact,0,0,2025-10-01,north south east west central coastal,any,0.0,"Synthetic outdoor offering; active and compact design, quality tier 5."
I0895,travel_leisure,outdoor,B37,Outdoor 46,63.75,1,social active,0,0,2026-05-01,north south east west central coastal,any,0.0,"Synthetic outdoor offering; social and active design, quality tier 1."
I0896,travel_leisure,outdoor,B38,Outdoor 47,138.35,2,compact social,0,0,2026-05-01,north south east west central coastal,any,0.0,"Synthetic outdoor offering; compact and social design, quality tier 2."
I0897,travel_leisure,outdoor,B39,Outdoor 48,104.96,3,practical active,0,0,2026-05-01,north south east west central coastal,any,0.0,"Synthetic outdoor offering; practical and active design, quality tier 3."
I0898,travel_leisure,outdoor,B32,Outdoor 49,152.61,4,practical eco,0,0,2026-05-01,north south east west central coastal,any,0.0,"Synthetic outdoor offering; practical and eco design, quality tier 4."
I0899,travel_leisure,outdoor,B33,Outdoor 50,163.67,5,eco compact,0,0,2026-05-01,north south east west central coastal,any,0.0,"Synthetic outdoor offering; eco and compact design, quality tier 5."
I0900,travel_leisure,travel_accessories,B32,Travel Accessories 01,38.59,1,compact family,0,0,2025-10-01,north south east west central coastal,any,0.0,"Synthetic travel accessories offering; compact and family design, quality tier 1."
I0901,travel_leisure,travel_accessories,B33,Travel Accessories 02,46.61,2,family eco,0,0,2025-10-01,north south east west central coastal,any,0.0,"Synthetic travel accessories offering; family and eco design, quality tier 2."
I0902,travel_leisure,travel_accessories,B34,Travel Accessories 03,55.84,3,premium social,0,0,2025-10-01,north south east west central coastal,any,0.3,"Synthetic travel accessories offering; premium and social design, quality tier 3."
I0903,travel_leisure,travel_accessories,B35,Travel Accessories 04,88.92,4,creative family,0,0,2025-10-01,north south east west central coastal,any,0.0,"Synthetic travel accessories offering; creative and family design, quality tier 4."
I0904,travel_leisure,travel_accessories,B36,Travel Accessories 05,92.49,5,social active,0,0,2025-10-01,north south east west central coastal,any,0.0,"Synthetic travel accessories offering; social and active design, quality tier 5."
I0905,travel_leisure,travel_accessories,B37,Travel Accessories 06,26.43,1,social family,0,0,2025-10-01,north south east west central coastal,any,0.0,"Synthetic travel accessories offering; social and family design, quality tier 1."
I0906,travel_leisure,travel_accessories,B38,Travel Accessories 07,58.67,2,creative family,0,0,2025-10-01,north south east west central coastal,any,0.0,"Synthetic travel accessories offering; creative and family design, quality tier 2."
I0907,travel_leisure,travel_accessories,B39,Travel Accessories 08,61.43,3,creative practical,0,0,2025-10-01,north south east west central coastal,any,0.0,"Synthetic travel accessories offering; creative and practical design, quality tier 3."
I0908,travel_leisure,travel_accessories,B32,Travel Accessories 09,90.26,4,compact practical,0,0,2025-10-01,north south east west central coastal,any,0.2,"Synthetic travel accessories offering; compact and practical design, quality tier 4."
I0909,travel_leisure,travel_accessories,B33,Travel Accessories 10,58.99,5,practical creative,0,0,2025-10-01,north south east west central coastal,any,0.0,"Synthetic travel accessories offering; practical and creative design, quality tier 5."
I0910,travel_leisure,travel_accessories,B34,Travel Accessories 11,26.33,1,active social,0,0,2025-10-01,north south east west central coastal,any,0.0,"Synthetic travel accessories offering; active and social design, quality tier 1."
I0911,travel_leisure,travel_accessories,B35,Travel Accessories 12,50.31,2,creative social,0,0,2025-10-01,north south east west central coastal,any,0.2,"Synthetic travel accessories offering; creative and social design, quality tier 2."
I0912,travel_leisure,travel_accessories,B36,Travel Accessories 13,41.89,3,family active,0,0,2025-10-01,north south east west central coastal,any,0.0,"Synthetic travel accessories offering; family and active design, quality tier 3."
I0913,travel_leisure,travel_accessories,B37,Travel Accessories 14,78.56,4,creative active,0,0,2025-10-01,north south east west central coastal,any,0.0,"Synthetic travel accessories offering; creative and active design, quality tier 4."
I0914,travel_leisure,travel_accessories,B38,Travel Accessories 15,88.92,5,premium active,0,0,2025-10-01,north south east west central coastal,any,0.0,"Synthetic travel accessories offering; premium and active design, quality tier 5."
I0915,travel_leisure,travel_accessories,B39,Travel Accessories 16,44.48,1,eco family,0,0,2025-10-01,north south east west central coastal,any,0.3,"Synthetic travel accessories offering; eco and family design, quality tier 1."
I0916,travel_leisure,travel_accessories,B32,Travel Accessories 17,50.59,2,compact active,0,0,2025-10-01,north south east west central coastal,any,0.0,"Synthetic travel accessories offering; compact and active design, quality tier 2."
I0917,travel_leisure,travel_accessories,B33,Travel Accessories 18,54.43,3,creative family,0,0,2025-10-01,north south east west central coastal,any,0.1,"Synthetic travel accessories offering; creative and family design, quality tier 3."
I0918,travel_leisure,travel_accessories,B34,Travel Accessories 19,74.46,4,compact social,0,0,2025-10-01,north south east west central coastal,any,0.0,"Synthetic travel accessories offering; compact and social design, quality tier 4."
I0919,travel_leisure,travel_accessories,B35,Travel Accessories 20,136.1,5,social eco,0,0,2025-10-01,north south east west central coastal,any,0.2,"Synthetic travel accessories offering; social and eco design, quality tier 5."
I0920,travel_leisure,travel_accessories,B36,Travel Accessories 21,42.72,1,family creative,0,0,2025-10-01,north south east west central coastal,any,0.2,"Synthetic travel accessories offering; family and creative design, quality tier 1."
I0921,travel_leisure,travel_accessories,B37,Travel Accessories 22,38.26,2,compact social,0,0,2025-10-01,central east west,any,0.0,"Synthetic travel accessories offering; compact and social design, quality tier 2."
I0922,travel_leisure,travel_accessories,B38,Travel Accessories 23,59.56,3,premium practical,0,0,2025-10-01,north south east west central coastal,any,0.0,"Synthetic travel accessories offering; premium and practical design, quality tier 3."
I0923,travel_leisure,travel_accessories,B39,Travel Accessories 24,94.56,4,active eco,0,0,2025-10-01,north south east west central coastal,any,0.0,"Synthetic travel accessories offering; active and eco design, quality tier 4."
I0924,travel_leisure,travel_accessories,B32,Travel Accessories 25,75.58,5,practical compact,0,0,2025-10-01,north south east west central coastal,any,0.1,"Synthetic travel accessories offering; practical and compact design, quality tier 5."
I0925,travel_leisure,travel_accessories,B33,Travel Accessories 26,29.46,1,family creative,0,0,2025-10-01,central coastal north,any,0.3,"Synthetic travel accessories offering; family and creative design, quality tier 1."
I0926,travel_leisure,travel_accessories,B34,Travel Accessories 27,55.83,2,compact active,0,0,2025-10-01,north south east west central coastal,any,0.3,"Synthetic travel accessories offering; compact and active design, quality tier 2."
I0927,travel_leisure,travel_accessories,B35,Travel Accessories 28,59.71,3,social family,0,0,2025-10-01,central coastal east,any,0.3,"Synthetic travel accessories offering; social and family design, quality tier 3."
I0928,travel_leisure,travel_accessories,B36,Travel Accessories 29,59.84,4,creative compact,0,0,2025-10-01,north south east west central coastal,any,0.1,"Synthetic travel accessories offering; creative and compact design, quality tier 4."
I0929,travel_leisure,travel_accessories,B37,Travel Accessories 30,95.75,5,creative practical,0,0,2025-10-01,north south east west central coastal,any,0.0,"Synthetic travel accessories offering; creative and practical design, quality tier 5."
I0930,travel_leisure,travel_accessories,B38,Travel Accessories 31,28.04,1,social eco,0,0,2025-10-01,north south east west central coastal,any,0.0,"Synthetic travel accessories offering; social and eco design, quality tier 1."
I0931,travel_leisure,travel_accessories,B39,Travel Accessories 32,48.31,2,practical premium,0,0,2025-10-01,north south east west central coastal,any,0.0,"Synthetic travel accessories offering; practical and premium design, quality tier 2."
I0932,travel_leisure,travel_accessories,B32,Travel Accessories 33,66.98,3,compact premium,0,0,2025-10-01,north south east west central coastal,any,0.0,"Synthetic travel accessories offering; compact and premium design, quality tier 3."
I0933,travel_leisure,travel_accessories,B33,Travel Accessories 34,131.16,4,social creative,0,0,2025-10-01,north south east west central coastal,any,0.2,"Synthetic travel accessories offering; social and creative design, quality tier 4."
I0934,travel_leisure,travel_accessories,B34,Travel Accessories 35,109.57,5,compact practical,0,0,2025-10-01,north south east west central coastal,any,0.0,"Synthetic travel accessories offering; compact and practical design, quality tier 5."
I0935,travel_leisure,travel_accessories,B35,Travel Accessories 36,47.28,1,active creative,0,0,2025-10-01,north south east west central coastal,any,0.1,"Synthetic travel accessories offering; active and creative design, quality tier 1."
I0936,travel_leisure,travel_accessories,B36,Travel Accessories 37,53.26,2,social compact,0,0,2025-10-01,north south east west central coastal,any,0.1,"Synthetic travel accessories offering; social and compact design, quality tier 2."
I0937,travel_leisure,travel_accessories,B37,Travel Accessories 38,42.5,3,creative practical,0,0,2025-10-01,north south east west central coastal,any,0.0,"Synthetic travel accessories offering; creative and practical design, quality tier 3."
I0938,travel_leisure,travel_accessories,B38,Travel Accessories 39,92.24,4,family compact,0,0,2025-10-01,north south east west central coastal,any,0.0,"Synthetic travel accessories offering; family and compact design, quality tier 4."
I0939,travel_leisure,travel_accessories,B39,Travel Accessories 40,94.33,5,social compact,0,0,2025-10-01,north south east west central coastal,any,0.1,"Synthetic travel accessories offering; social and compact design, quality tier 5."
I0940,travel_leisure,travel_accessories,B32,Travel Accessories 41,38.98,1,practical family,0,0,2025-10-01,north south east west central coastal,any,0.0,"Synthetic travel accessories offering; practical and family design, quality tier 1."
I0941,travel_leisure,travel_accessories,B33,Travel Accessories 42,40.82,2,premium creative,0,0,2025-10-01,north south east west central coastal,any,0.0,"Synthetic travel accessories offering; premium and creative design, quality tier 2."
I0942,travel_leisure,travel_accessories,B34,Travel Accessories 43,60.71,3,active social,0,0,2025-10-01,north south east west central coastal,any,0.0,"Synthetic travel accessories offering; active and social design, quality tier 3."
I0943,travel_leisure,travel_accessories,B35,Travel Accessories 44,81.69,4,eco social,0,0,2025-10-01,north south east west central coastal,any,0.3,"Synthetic travel accessories offering; eco and social design, quality tier 4."
I0944,travel_leisure,travel_accessories,B36,Travel Accessories 45,92.1,5,active premium,0,0,2025-10-01,north south east west central coastal,any,0.1,"Synthetic travel accessories offering; active and premium design, quality tier 5."
I0945,travel_leisure,travel_accessories,B37,Travel Accessories 46,31.75,1,active social,0,0,2026-05-01,north south east west central coastal,any,0.1,"Synthetic travel accessories offering; active and social design, quality tier 1."
I0946,travel_leisure,travel_accessories,B38,Travel Accessories 47,50.56,2,compact social,0,0,2026-05-01,north south west,any,0.0,"Synthetic travel accessories offering; compact and social design, quality tier 2."
I0947,travel_leisure,travel_accessories,B39,Travel Accessories 48,52.62,3,compact family,0,0,2026-05-01,north south east west central coastal,any,0.0,"Synthetic travel accessories offering; compact and family design, quality tier 3."
I0948,travel_leisure,travel_accessories,B32,Travel Accessories 49,86.62,4,social premium,0,0,2026-05-01,central north west,any,0.0,"Synthetic travel accessories offering; social and premium design, quality tier 4."
I0949,travel_leisure,travel_accessories,B33,Travel Accessories 50,77.34,5,compact family,0,0,2026-05-01,north south east west central coastal,any,0.1,"Synthetic travel accessories offering; compact and family design, quality tier 5."
I0950,travel_leisure,fitness,B32,Fitness 01,41.36,1,creative family,0,0,2025-10-01,north south east west central coastal,any,0.3,"Synthetic fitness offering; creative and family design, quality tier 1."
I0951,travel_leisure,fitness,B33,Fitness 02,45.91,2,social creative,0,0,2025-10-01,north south east west central coastal,any,0.0,"Synthetic fitness offering; social and creative design, quality tier 2."
I0952,travel_leisure,fitness,B34,Fitness 03,48.89,3,premium practical,0,0,2025-10-01,north south east west central coastal,any,0.0,"Synthetic fitness offering; premium and practical design, quality tier 3."
I0953,travel_leisure,fitness,B35,Fitness 04,76.47,4,premium social,0,0,2025-10-01,north south east west central coastal,any,0.1,"Synthetic fitness offering; premium and social design, quality tier 4."
I0954,travel_leisure,fitness,B36,Fitness 05,181.47,5,compact premium,0,0,2025-10-01,north south east west central coastal,any,0.0,"Synthetic fitness offering; compact and premium design, quality tier 5."
I0955,travel_leisure,fitness,B37,Fitness 06,45.65,1,premium active,0,0,2025-10-01,north south east west central coastal,any,0.0,"Synthetic fitness offering; premium and active design, quality tier 1."
I0956,travel_leisure,fitness,B38,Fitness 07,48.49,2,compact family,0,0,2025-10-01,north south east west central coastal,any,0.1,"Synthetic fitness offering; compact and family design, quality tier 2."
I0957,travel_leisure,fitness,B39,Fitness 08,105.71,3,practical premium,0,0,2025-10-01,north south east west central coastal,any,0.0,"Synthetic fitness offering; practical and premium design, quality tier 3."
I0958,travel_leisure,fitness,B32,Fitness 09,90.96,4,practical premium,0,0,2025-10-01,north south east west central coastal,any,0.2,"Synthetic fitness offering; practical and premium design, quality tier 4."
I0959,travel_leisure,fitness,B33,Fitness 10,104.81,5,social eco,0,0,2025-10-01,north south east west central coastal,any,0.3,"Synthetic fitness offering; social and eco design, quality tier 5."
I0960,travel_leisure,fitness,B34,Fitness 11,36.15,1,family social,0,0,2025-10-01,north south east west central coastal,any,0.2,"Synthetic fitness offering; family and social design, quality tier 1."
I0961,travel_leisure,fitness,B35,Fitness 12,47.2,2,social practical,0,0,2025-10-01,north south east west central coastal,any,0.1,"Synthetic fitness offering; social and practical design, quality tier 2."
I0962,travel_leisure,fitness,B36,Fitness 13,85.94,3,active premium,0,0,2025-10-01,central coastal west,any,0.0,"Synthetic fitness offering; active and premium design, quality tier 3."
I0963,travel_leisure,fitness,B37,Fitness 14,97.99,4,eco compact,0,0,2025-10-01,north south east west central coastal,any,0.2,"Synthetic fitness offering; eco and compact design, quality tier 4."
I0964,travel_leisure,fitness,B38,Fitness 15,85.44,5,social premium,0,0,2025-10-01,north south east west central coastal,any,0.0,"Synthetic fitness offering; social and premium design, quality tier 5."
I0965,travel_leisure,fitness,B39,Fitness 16,36.71,1,eco social,0,0,2025-10-01,north south east west central coastal,any,0.0,"Synthetic fitness offering; eco and social design, quality tier 1."
I0966,travel_leisure,fitness,B32,Fitness 17,36.02,2,practical creative,0,0,2025-10-01,north south east west central coastal,any,0.0,"Synthetic fitness offering; practical and creative design, quality tier 2."
I0967,travel_leisure,fitness,B33,Fitness 18,77.91,3,premium practical,0,0,2025-10-01,north south east west central coastal,any,0.3,"Synthetic fitness offering; premium and practical design, quality tier 3."
I0968,travel_leisure,fitness,B34,Fitness 19,100.47,4,creative premium,0,0,2025-10-01,north south east west central coastal,any,0.1,"Synthetic fitness offering; creative and premium design, quality tier 4."
I0969,travel_leisure,fitness,B35,Fitness 20,97.11,5,family eco,0,0,2025-10-01,north south east west central coastal,any,0.0,"Synthetic fitness offering; family and eco design, quality tier 5."
I0970,travel_leisure,fitness,B36,Fitness 21,49.0,1,active compact,0,0,2025-10-01,north south east west central coastal,any,0.0,"Synthetic fitness offering; active and compact design, quality tier 1."
I0971,travel_leisure,fitness,B37,Fitness 22,69.03,2,active social,0,0,2025-10-01,north south east west central coastal,any,0.0,"Synthetic fitness offering; active and social design, quality tier 2."
I0972,travel_leisure,fitness,B38,Fitness 23,49.97,3,family active,0,0,2025-10-01,north south east west central coastal,any,0.2,"Synthetic fitness offering; family and active design, quality tier 3."
I0973,travel_leisure,fitness,B39,Fitness 24,113.47,4,eco practical,0,0,2025-10-01,north south east west central coastal,any,0.0,"Synthetic fitness offering; eco and practical design, quality tier 4."
I0974,travel_leisure,fitness,B32,Fitness 25,74.11,5,premium family,0,0,2025-10-01,north south east west central coastal,any,0.1,"Synthetic fitness offering; premium and family design, quality tier 5."
I0975,travel_leisure,fitness,B33,Fitness 26,36.19,1,premium social,0,0,2025-10-01,north south east west central coastal,any,0.3,"Synthetic fitness offering; premium and social design, quality tier 1."
I0976,travel_leisure,fitness,B34,Fitness 27,49.02,2,active eco,0,0,2025-10-01,north south east west central coastal,any,0.1,"Synthetic fitness offering; active and eco design, quality tier 2."
I0977,travel_leisure,fitness,B35,Fitness 28,66.21,3,creative eco,0,0,2025-10-01,central south west,any,0.1,"Synthetic fitness offering; creative and eco design, quality tier 3."
I0978,travel_leisure,fitness,B36,Fitness 29,83.62,4,active social,0,0,2025-10-01,north south east west central coastal,any,0.1,"Synthetic fitness offering; active and social design, quality tier 4."
I0979,travel_leisure,fitness,B37,Fitness 30,107.97,5,social compact,0,0,2025-10-01,north south east west central coastal,any,0.3,"Synthetic fitness offering; social and compact design, quality tier 5."
I0980,travel_leisure,fitness,B38,Fitness 31,32.94,1,practical premium,0,0,2025-10-01,north south east west central coastal,any,0.0,"Synthetic fitness offering; practical and premium design, quality tier 1."
I0981,travel_leisure,fitness,B39,Fitness 32,61.27,2,family compact,0,0,2025-10-01,north south east west central coastal,any,0.2,"Synthetic fitness offering; family and compact design, quality tier 2."
I0982,travel_leisure,fitness,B32,Fitness 33,67.56,3,eco creative,0,0,2025-10-01,north south east west central coastal,any,0.0,"Synthetic fitness offering; eco and creative design, quality tier 3."
I0983,travel_leisure,fitness,B33,Fitness 34,60.08,4,active social,0,0,2025-10-01,north south east west central coastal,any,0.0,"Synthetic fitness offering; active and social design, quality tier 4."
I0984,travel_leisure,fitness,B34,Fitness 35,139.88,5,social family,0,0,2025-10-01,north south east west central coastal,any,0.0,"Synthetic fitness offering; social and family design, quality tier 5."
I0985,travel_leisure,fitness,B35,Fitness 36,35.24,1,eco practical,0,0,2025-10-01,north south east west central coastal,any,0.0,"Synthetic fitness offering; eco and practical design, quality tier 1."
I0986,travel_leisure,fitness,B36,Fitness 37,46.0,2,creative eco,0,0,2025-10-01,north south east west central coastal,any,0.0,"Synthetic fitness offering; creative and eco design, quality tier 2."
I0987,travel_leisure,fitness,B37,Fitness 38,61.15,3,creative practical,0,0,2025-10-01,north south east west central coastal,any,0.0,"Synthetic fitness offering; creative and practical design, quality tier 3."
I0988,travel_leisure,fitness,B38,Fitness 39,66.74,4,active eco,0,0,2025-10-01,north south east west central coastal,any,0.0,"Synthetic fitness offering; active and eco design, quality tier 4."
I0989,travel_leisure,fitness,B39,Fitness 40,115.93,5,eco premium,0,0,2025-10-01,north south east west central coastal,any,0.2,"Synthetic fitness offering; eco and premium design, quality tier 5."
I0990,travel_leisure,fitness,B32,Fitness 41,56.21,1,active compact,0,0,2025-10-01,north south east west central coastal,any,0.3,"Synthetic fitness offering; active and compact design, quality tier 1."
I0991,travel_leisure,fitness,B33,Fitness 42,65.39,2,active social,0,0,2025-10-01,north south east west central coastal,any,0.0,"Synthetic fitness offering; active and social design, quality tier 2."
I0992,travel_leisure,fitness,B34,Fitness 43,62.22,3,active compact,0,0,2025-10-01,central coastal north,any,0.0,"Synthetic fitness offering; active and compact design, quality tier 3."
I0993,travel_leisure,fitness,B35,Fitness 44,70.79,4,compact creative,0,0,2025-10-01,coastal south west,any,0.1,"Synthetic fitness offering; compact and creative design, quality tier 4."
I0994,travel_leisure,fitness,B36,Fitness 45,168.3,5,family creative,0,0,2025-10-01,central east north,any,0.0,"Synthetic fitness offering; family and creative design, quality tier 5."
I0995,travel_leisure,fitness,B37,Fitness 46,26.31,1,family premium,0,0,2026-05-01,coastal north south,any,0.0,"Synthetic fitness offering; family and premium design, quality tier 1."
I0996,travel_leisure,fitness,B38,Fitness 47,50.76,2,creative practical,0,0,2026-05-01,coastal north south,any,0.1,"Synthetic fitness offering; creative and practical design, quality tier 2."
I0997,travel_leisure,fitness,B39,Fitness 48,66.01,3,compact social,0,0,2026-05-01,north south east west central coastal,any,0.3,"Synthetic fitness offering; compact and social design, quality tier 3."
I0998,travel_leisure,fitness,B32,Fitness 49,80.81,4,compact family,0,0,2026-05-01,north south east west central coastal,any,0.0,"Synthetic fitness offering; compact and family design, quality tier 4."
I0999,travel_leisure,fitness,B33,Fitness 50,116.79,5,active social,0,0,2026-05-01,north south east west central coastal,any,0.0,"Synthetic fitness offering; active and social design, quality tier 5."
I1000,services,learning,B40,Learning 01,46.84,1,compact active,1,1,2025-10-01,coastal east north,any,0.0,"Synthetic learning offering; compact and active design, quality tier 1."
I1001,services,learning,B41,Learning 02,57.66,2,family eco,1,1,2025-10-01,north south east west central coastal,any,0.0,"Synthetic learning offering; family and eco design, quality tier 2."
I1002,services,learning,B42,Learning 03,60.5,3,premium family,1,1,2025-10-01,north south east west central coastal,any,0.0,"Synthetic learning offering; premium and family design, quality tier 3."
I1003,services,learning,B43,Learning 04,129.82,4,eco family,1,1,2025-10-01,north south east west central coastal,any,0.1,"Synthetic learning offering; eco and family design, quality tier 4."
I1004,services,learning,B44,Learning 05,125.37,5,compact eco,1,1,2025-10-01,north south east west central coastal,any,0.0,"Synthetic learning offering; compact and eco design, quality tier 5."
I1005,services,learning,B45,Learning 06,38.4,1,active practical,1,1,2025-10-01,north south east west central coastal,any,0.0,"Synthetic learning offering; active and practical design, quality tier 1."
I1006,services,learning,B46,Learning 07,67.97,2,active compact,1,1,2025-10-01,north south east west central coastal,any,0.0,"Synthetic learning offering; active and compact design, quality tier 2."
I1007,services,learning,B47,Learning 08,98.29,3,eco social,1,1,2025-10-01,coastal east south,any,0.1,"Synthetic learning offering; eco and social design, quality tier 3."
I1008,services,learning,B40,Learning 09,69.09,4,premium social,1,1,2025-10-01,north south east west central coastal,any,0.0,"Synthetic learning offering; premium and social design, quality tier 4."
I1009,services,learning,B41,Learning 10,154.24,5,social practical,1,1,2025-10-01,north south east west central coastal,any,0.0,"Synthetic learning offering; social and practical design, quality tier 5."
I1010,services,learning,B42,Learning 11,56.47,1,social active,1,1,2025-10-01,north south east west central coastal,any,0.0,"Synthetic learning offering; social and active design, quality tier 1."
I1011,services,learning,B43,Learning 12,53.26,2,family social,1,1,2025-10-01,coastal east west,any,0.1,"Synthetic learning offering; family and social design, quality tier 2."
I1012,services,learning,B44,Learning 13,89.98,3,family premium,1,1,2025-10-01,north south east west central coastal,any,0.1,"Synthetic learning offering; family and premium design, quality tier 3."
I1013,services,learning,B45,Learning 14,89.94,4,social practical,1,1,2025-10-01,north south east west central coastal,any,0.0,"Synthetic learning offering; social and practical design, quality tier 4."
I1014,services,learning,B46,Learning 15,92.28,5,eco family,1,1,2025-10-01,north south east west central coastal,any,0.0,"Synthetic learning offering; eco and family design, quality tier 5."
I1015,services,learning,B47,Learning 16,36.14,1,premium active,1,1,2025-10-01,north south east west central coastal,any,0.0,"Synthetic learning offering; premium and active design, quality tier 1."
I1016,services,learning,B40,Learning 17,49.62,2,active family,1,1,2025-10-01,north south east west central coastal,any,0.1,"Synthetic learning offering; active and family design, quality tier 2."
I1017,services,learning,B41,Learning 18,95.97,3,practical premium,1,1,2025-10-01,north south east west central coastal,any,0.2,"Synthetic learning offering; practical and premium design, quality tier 3."
I1018,services,learning,B42,Learning 19,131.38,4,compact social,1,1,2025-10-01,north south east west central coastal,any,0.0,"Synthetic learning offering; compact and social design, quality tier 4."
I1019,services,learning,B43,Learning 20,84.17,5,creative social,1,1,2025-10-01,north south east west central coastal,any,0.0,"Synthetic learning offering; creative and social design, quality tier 5."
I1020,services,learning,B44,Learning 21,41.2,1,eco family,1,1,2025-10-01,north south east west central coastal,any,0.0,"Synthetic learning offering; eco and family design, quality tier 1."
I1021,services,learning,B45,Learning 22,69.72,2,eco practical,1,1,2025-10-01,central east west,any,0.2,"Synthetic learning offering; eco and practical design, quality tier 2."
I1022,services,learning,B46,Learning 23,107.58,3,practical eco,1,1,2025-10-01,north south east west central coastal,any,0.0,"Synthetic learning offering; practical and eco design, quality tier 3."
I1023,services,learning,B47,Learning 24,79.14,4,social eco,1,1,2025-10-01,north south east west central coastal,any,0.0,"Synthetic learning offering; social and eco design, quality tier 4."
I1024,services,learning,B40,Learning 25,94.67,5,eco creative,1,1,2025-10-01,north south east west central coastal,any,0.0,"Synthetic learning offering; eco and creative design, quality tier 5."
I1025,services,learning,B41,Learning 26,64.2,1,practical family,1,1,2025-10-01,north south east west central coastal,any,0.0,"Synthetic learning offering; practical and family design, quality tier 1."
I1026,services,learning,B42,Learning 27,47.76,2,family eco,1,1,2025-10-01,central north south,any,0.0,"Synthetic learning offering; family and eco design, quality tier 2."
I1027,services,learning,B43,Learning 28,57.51,3,compact social,1,1,2025-10-01,north south east west central coastal,any,0.1,"Synthetic learning offering; compact and social design, quality tier 3."
I1028,services,learning,B44,Learning 29,78.76,4,active eco,1,1,2025-10-01,north south east west central coastal,any,0.2,"Synthetic learning offering; active and eco design, quality tier 4."
I1029,services,learning,B45,Learning 30,147.26,5,social family,1,1,2025-10-01,north south east west central coastal,any,0.3,"Synthetic learning offering; social and family design, quality tier 5."
I1030,services,learning,B46,Learning 31,33.9,1,premium social,1,1,2025-10-01,north south east west central coastal,any,0.1,"Synthetic learning offering; premium and social design, quality tier 1."
I1031,services,learning,B47,Learning 32,45.86,2,compact practical,1,1,2025-10-01,north south east west central coastal,any,0.0,"Synthetic learning offering; compact and practical design, quality tier 2."
I1032,services,learning,B40,Learning 33,78.75,3,active practical,1,1,2025-10-01,north south west,any,0.0,"Synthetic learning offering; active and practical design, quality tier 3."
I1033,services,learning,B41,Learning 34,105.22,4,practical active,1,1,2025-10-01,north south east west central coastal,any,0.1,"Synthetic learning offering; practical and active design, quality tier 4."
I1034,services,learning,B42,Learning 35,86.17,5,premium compact,1,1,2025-10-01,north south east west central coastal,any,0.0,"Synthetic learning offering; premium and compact design, quality tier 5."
I1035,services,learning,B43,Learning 36,37.44,1,eco premium,1,1,2025-10-01,north south east west central coastal,any,0.1,"Synthetic learning offering; eco and premium design, quality tier 1."
I1036,services,learning,B44,Learning 37,78.73,2,creative family,1,1,2025-10-01,north south east west central coastal,any,0.0,"Synthetic learning offering; creative and family design, quality tier 2."
I1037,services,learning,B45,Learning 38,60.2,3,social eco,1,1,2025-10-01,central coastal south,any,0.1,"Synthetic learning offering; social and eco design, quality tier 3."
I1038,services,learning,B46,Learning 39,100.72,4,social practical,1,1,2025-10-01,north south east west central coastal,any,0.0,"Synthetic learning offering; social and practical design, quality tier 4."
I1039,services,learning,B47,Learning 40,84.98,5,premium practical,1,1,2025-10-01,central east south,any,0.0,"Synthetic learning offering; premium and practical design, quality tier 5."
I1040,services,learning,B40,Learning 41,56.15,1,family premium,1,1,2025-10-01,north south east west central coastal,any,0.0,"Synthetic learning offering; family and premium design, quality tier 1."
I1041,services,learning,B41,Learning 42,73.46,2,practical family,1,1,2025-10-01,central coastal south,any,0.0,"Synthetic learning offering; practical and family design, quality tier 2."
I1042,services,learning,B42,Learning 43,65.58,3,family active,1,1,2025-10-01,north south east west central coastal,any,0.1,"Synthetic learning offering; family and active design, quality tier 3."
I1043,services,learning,B43,Learning 44,97.66,4,social family,1,1,2025-10-01,east north south,any,0.0,"Synthetic learning offering; social and family design, quality tier 4."
I1044,services,learning,B44,Learning 45,101.77,5,eco family,1,1,2025-10-01,north south east west central coastal,any,0.0,"Synthetic learning offering; eco and family design, quality tier 5."
I1045,services,learning,B45,Learning 46,44.4,1,family social,1,1,2026-05-01,north south east west central coastal,any,0.0,"Synthetic learning offering; family and social design, quality tier 1."
I1046,services,learning,B46,Learning 47,67.93,2,premium compact,1,1,2026-05-01,north south east west central coastal,any,0.0,"Synthetic learning offering; premium and compact design, quality tier 2."
I1047,services,learning,B47,Learning 48,89.75,3,practical compact,1,1,2026-05-01,north south east west central coastal,any,0.0,"Synthetic learning offering; practical and compact design, quality tier 3."
I1048,services,learning,B40,Learning 49,64.37,4,creative compact,1,1,2026-05-01,north south east west central coastal,any,0.0,"Synthetic learning offering; creative and compact design, quality tier 4."
I1049,services,learning,B41,Learning 50,111.85,5,eco practical,1,1,2026-05-01,north south east west central coastal,any,0.0,"Synthetic learning offering; eco and practical design, quality tier 5."
I1050,services,connectivity,B40,Connectivity 01,18.91,1,compact premium,1,1,2025-10-01,north south west,any,0.0,"Synthetic connectivity offering; compact and premium design, quality tier 1."
I1051,services,connectivity,B41,Connectivity 02,39.12,2,social family,1,1,2025-10-01,north south east west central coastal,any,0.2,"Synthetic connectivity offering; social and family design, quality tier 2."
I1052,services,connectivity,B42,Connectivity 03,36.82,3,active compact,1,1,2025-10-01,north south east west central coastal,any,0.1,"Synthetic connectivity offering; active and compact design, quality tier 3."
I1053,services,connectivity,B43,Connectivity 04,58.55,4,creative premium,1,1,2025-10-01,north south east west central coastal,any,0.0,"Synthetic connectivity offering; creative and premium design, quality tier 4."
I1054,services,connectivity,B44,Connectivity 05,69.42,5,social practical,1,1,2025-10-01,north south east west central coastal,any,0.0,"Synthetic connectivity offering; social and practical design, quality tier 5."
I1055,services,connectivity,B45,Connectivity 06,26.96,1,compact creative,1,1,2025-10-01,north south east west central coastal,any,0.1,"Synthetic connectivity offering; compact and creative design, quality tier 1."
I1056,services,connectivity,B46,Connectivity 07,37.82,2,premium compact,1,1,2025-10-01,central east north,any,0.0,"Synthetic connectivity offering; premium and compact design, quality tier 2."
I1057,services,connectivity,B47,Connectivity 08,30.81,3,practical creative,1,1,2025-10-01,north south east west central coastal,any,0.0,"Synthetic connectivity offering; practical and creative design, quality tier 3."
I1058,services,connectivity,B40,Connectivity 09,38.71,4,eco premium,1,1,2025-10-01,north south east west central coastal,any,0.2,"Synthetic connectivity offering; eco and premium design, quality tier 4."
I1059,services,connectivity,B41,Connectivity 10,66.48,5,social eco,1,1,2025-10-01,north south east west central coastal,any,0.0,"Synthetic connectivity offering; social and eco design, quality tier 5."
I1060,services,connectivity,B42,Connectivity 11,22.65,1,social creative,1,1,2025-10-01,north south east west central coastal,any,0.0,"Synthetic connectivity offering; social and creative design, quality tier 1."
I1061,services,connectivity,B43,Connectivity 12,31.3,2,eco active,1,1,2025-10-01,north south east west central coastal,any,0.0,"Synthetic connectivity offering; eco and active design, quality tier 2."
I1062,services,connectivity,B44,Connectivity 13,48.68,3,active eco,1,1,2025-10-01,north south east west central coastal,any,0.0,"Synthetic connectivity offering; active and eco design, quality tier 3."
I1063,services,connectivity,B45,Connectivity 14,64.11,4,family active,1,1,2025-10-01,north south east west central coastal,any,0.0,"Synthetic connectivity offering; family and active design, quality tier 4."
I1064,services,connectivity,B46,Connectivity 15,79.34,5,active premium,1,1,2025-10-01,north south east west central coastal,any,0.1,"Synthetic connectivity offering; active and premium design, quality tier 5."
I1065,services,connectivity,B47,Connectivity 16,22.41,1,premium compact,1,1,2025-10-01,north south east west central coastal,any,0.0,"Synthetic connectivity offering; premium and compact design, quality tier 1."
I1066,services,connectivity,B40,Connectivity 17,33.87,2,family eco,1,1,2025-10-01,north south east west central coastal,any,0.2,"Synthetic connectivity offering; family and eco design, quality tier 2."
I1067,services,connectivity,B41,Connectivity 18,48.52,3,social practical,1,1,2025-10-01,north south east west central coastal,any,0.0,"Synthetic connectivity offering; social and practical design, quality tier 3."
I1068,services,connectivity,B42,Connectivity 19,63.04,4,family social,1,1,2025-10-01,north south east west central coastal,any,0.0,"Synthetic connectivity offering; family and social design, quality tier 4."
I1069,services,connectivity,B43,Connectivity 20,70.58,5,creative social,1,1,2025-10-01,north south east west central coastal,any,0.1,"Synthetic connectivity offering; creative and social design, quality tier 5."
I1070,services,connectivity,B44,Connectivity 21,27.64,1,premium active,1,1,2025-10-01,north south east west central coastal,any,0.0,"Synthetic connectivity offering; premium and active design, quality tier 1."
I1071,services,connectivity,B45,Connectivity 22,27.9,2,family active,1,1,2025-10-01,north south east west central coastal,any,0.3,"Synthetic connectivity offering; family and active design, quality tier 2."
I1072,services,connectivity,B46,Connectivity 23,46.45,3,creative family,1,1,2025-10-01,coastal east north,any,0.0,"Synthetic connectivity offering; creative and family design, quality tier 3."
I1073,services,connectivity,B47,Connectivity 24,52.6,4,practical family,1,1,2025-10-01,north south east west central coastal,any,0.0,"Synthetic connectivity offering; practical and family design, quality tier 4."
I1074,services,connectivity,B40,Connectivity 25,48.02,5,compact practical,1,1,2025-10-01,north south east west central coastal,any,0.0,"Synthetic connectivity offering; compact and practical design, quality tier 5."
I1075,services,connectivity,B41,Connectivity 26,43.65,1,social active,1,1,2025-10-01,north south east west central coastal,any,0.0,"Synthetic connectivity offering; social and active design, quality tier 1."
I1076,services,connectivity,B42,Connectivity 27,39.32,2,eco creative,1,1,2025-10-01,north south east west central coastal,any,0.0,"Synthetic connectivity offering; eco and creative design, quality tier 2."
I1077,services,connectivity,B43,Connectivity 28,45.55,3,premium practical,1,1,2025-10-01,north south east west central coastal,any,0.3,"Synthetic connectivity offering; premium and practical design, quality tier 3."
I1078,services,connectivity,B44,Connectivity 29,44.18,4,practical premium,1,1,2025-10-01,north south east west central coastal,any,0.0,"Synthetic connectivity offering; practical and premium design, quality tier 4."
I1079,services,connectivity,B45,Connectivity 30,69.92,5,eco creative,1,1,2025-10-01,north south east west central coastal,any,0.2,"Synthetic connectivity offering; eco and creative design, quality tier 5."
I1080,services,connectivity,B46,Connectivity 31,24.17,1,family active,1,1,2025-10-01,north south east west central coastal,any,0.1,"Synthetic connectivity offering; family and active design, quality tier 1."
I1081,services,connectivity,B47,Connectivity 32,37.32,2,family eco,1,1,2025-10-01,north south east west central coastal,any,0.3,"Synthetic connectivity offering; family and eco design, quality tier 2."
I1082,services,connectivity,B40,Connectivity 33,47.81,3,compact creative,1,1,2025-10-01,north south east west central coastal,any,0.3,"Synthetic connectivity offering; compact and creative design, quality tier 3."
I1083,services,connectivity,B41,Connectivity 34,48.87,4,family creative,1,1,2025-10-01,north south east west central coastal,any,0.0,"Synthetic connectivity offering; family and creative design, quality tier 4."
I1084,services,connectivity,B42,Connectivity 35,73.0,5,active eco,1,1,2025-10-01,north south east west central coastal,any,0.2,"Synthetic connectivity offering; active and eco design, quality tier 5."
I1085,services,connectivity,B43,Connectivity 36,21.39,1,eco practical,1,1,2025-10-01,north south east west central coastal,any,0.2,"Synthetic connectivity offering; eco and practical design, quality tier 1."
I1086,services,connectivity,B44,Connectivity 37,27.75,2,creative compact,1,1,2025-10-01,north south east west central coastal,any,0.3,"Synthetic connectivity offering; creative and compact design, quality tier 2."
I1087,services,connectivity,B45,Connectivity 38,38.44,3,eco practical,1,1,2025-10-01,north south east west central coastal,any,0.0,"Synthetic connectivity offering; eco and practical design, quality tier 3."
I1088,services,connectivity,B46,Connectivity 39,47.24,4,eco social,1,1,2025-10-01,north south east west central coastal,any,0.2,"Synthetic connectivity offering; eco and social design, quality tier 4."
I1089,services,connectivity,B47,Connectivity 40,74.48,5,social premium,1,1,2025-10-01,north south east west central coastal,any,0.0,"Synthetic connectivity offering; social and premium design, quality tier 5."
I1090,services,connectivity,B40,Connectivity 41,25.88,1,practical active,1,1,2025-10-01,north south east west central coastal,any,0.0,"Synthetic connectivity offering; practical and active design, quality tier 1."
I1091,services,connectivity,B41,Connectivity 42,27.14,2,premium eco,1,1,2025-10-01,north south east west central coastal,any,0.0,"Synthetic connectivity offering; premium and eco design, quality tier 2."
I1092,services,connectivity,B42,Connectivity 43,62.99,3,premium eco,1,1,2025-10-01,north south east west central coastal,any,0.2,"Synthetic connectivity offering; premium and eco design, quality tier 3."
I1093,services,connectivity,B43,Connectivity 44,38.59,4,family compact,1,1,2025-10-01,north south east west central coastal,any,0.0,"Synthetic connectivity offering; family and compact design, quality tier 4."
I1094,services,connectivity,B44,Connectivity 45,70.9,5,family active,1,1,2025-10-01,north south east west central coastal,any,0.0,"Synthetic connectivity offering; family and active design, quality tier 5."
I1095,services,connectivity,B45,Connectivity 46,19.96,1,practical eco,1,1,2026-05-01,east north west,any,0.0,"Synthetic connectivity offering; practical and eco design, quality tier 1."
I1096,services,connectivity,B46,Connectivity 47,22.95,2,active eco,1,1,2026-05-01,north south east west central coastal,any,0.2,"Synthetic connectivity offering; active and eco design, quality tier 2."
I1097,services,connectivity,B47,Connectivity 48,67.47,3,social practical,1,1,2026-05-01,central east north,any,0.2,"Synthetic connectivity offering; social and practical design, quality tier 3."
I1098,services,connectivity,B40,Connectivity 49,62.03,4,premium creative,1,1,2026-05-01,north south east west central coastal,any,0.1,"Synthetic connectivity offering; premium and creative design, quality tier 4."
I1099,services,connectivity,B41,Connectivity 50,57.05,5,creative social,1,1,2026-05-01,north south east west central coastal,any,0.2,"Synthetic connectivity offering; creative and social design, quality tier 5."
I1100,services,delivery,B40,Delivery 01,10.82,1,eco practical,1,1,2025-10-01,north south east west central coastal,any,0.0,"Synthetic delivery offering; eco and practical design, quality tier 1."
I1101,services,delivery,B41,Delivery 02,17.11,2,compact creative,1,1,2025-10-01,north south east west central coastal,any,0.1,"Synthetic delivery offering; compact and creative design, quality tier 2."
I1102,services,delivery,B42,Delivery 03,18.2,3,active social,1,1,2025-10-01,north south east west central coastal,any,0.0,"Synthetic delivery offering; active and social design, quality tier 3."
I1103,services,delivery,B43,Delivery 04,31.07,4,creative family,1,1,2025-10-01,north south east west central coastal,any,0.1,"Synthetic delivery offering; creative and family design, quality tier 4."
I1104,services,delivery,B44,Delivery 05,44.96,5,active practical,1,1,2025-10-01,north south east west central coastal,any,0.3,"Synthetic delivery offering; active and practical design, quality tier 5."
I1105,services,delivery,B45,Delivery 06,14.39,1,compact eco,1,1,2025-10-01,north south east west central coastal,any,0.0,"Synthetic delivery offering; compact and eco design, quality tier 1."
I1106,services,delivery,B46,Delivery 07,15.04,2,active family,1,1,2025-10-01,north south east west central coastal,any,0.2,"Synthetic delivery offering; active and family design, quality tier 2."
I1107,services,delivery,B47,Delivery 08,17.52,3,compact creative,1,1,2025-10-01,north south east west central coastal,any,0.0,"Synthetic delivery offering; compact and creative design, quality tier 3."
I1108,services,delivery,B40,Delivery 09,19.37,4,creative social,1,1,2025-10-01,north south east west central coastal,any,0.2,"Synthetic delivery offering; creative and social design, quality tier 4."
I1109,services,delivery,B41,Delivery 10,27.09,5,eco practical,1,1,2025-10-01,north south east west central coastal,any,0.2,"Synthetic delivery offering; eco and practical design, quality tier 5."
I1110,services,delivery,B42,Delivery 11,12.59,1,active practical,1,1,2025-10-01,north south east west central coastal,any,0.2,"Synthetic delivery offering; active and practical design, quality tier 1."
I1111,services,delivery,B43,Delivery 12,15.92,2,active practical,1,1,2025-10-01,north south east west central coastal,any,0.0,"Synthetic delivery offering; active and practical design, quality tier 2."
I1112,services,delivery,B44,Delivery 13,21.11,3,eco family,1,1,2025-10-01,north south east west central coastal,any,0.0,"Synthetic delivery offering; eco and family design, quality tier 3."
I1113,services,delivery,B45,Delivery 14,17.48,4,family premium,1,1,2025-10-01,north south east west central coastal,any,0.1,"Synthetic delivery offering; family and premium design, quality tier 4."
I1114,services,delivery,B46,Delivery 15,38.8,5,social creative,1,1,2025-10-01,coastal east north,any,0.0,"Synthetic delivery offering; social and creative design, quality tier 5."
I1115,services,delivery,B47,Delivery 16,14.93,1,active practical,1,1,2025-10-01,north south east west central coastal,any,0.0,"Synthetic delivery offering; active and practical design, quality tier 1."
I1116,services,delivery,B40,Delivery 17,19.55,2,active eco,1,1,2025-10-01,north south east west central coastal,any,0.0,"Synthetic delivery offering; active and eco design, quality tier 2."
I1117,services,delivery,B41,Delivery 18,21.87,3,social compact,1,1,2025-10-01,north south east west central coastal,any,0.0,"Synthetic delivery offering; social and compact design, quality tier 3."
I1118,services,delivery,B42,Delivery 19,25.77,4,active eco,1,1,2025-10-01,north south east west central coastal,any,0.1,"Synthetic delivery offering; active and eco design, quality tier 4."
I1119,services,delivery,B43,Delivery 20,31.28,5,compact practical,1,1,2025-10-01,north south east west central coastal,any,0.1,"Synthetic delivery offering; compact and practical design, quality tier 5."
I1120,services,delivery,B44,Delivery 21,11.29,1,compact practical,1,1,2025-10-01,north south east west central coastal,any,0.2,"Synthetic delivery offering; compact and practical design, quality tier 1."
I1121,services,delivery,B45,Delivery 22,15.81,2,social premium,1,1,2025-10-01,north south east west central coastal,any,0.0,"Synthetic delivery offering; social and premium design, quality tier 2."
I1122,services,delivery,B46,Delivery 23,19.75,3,creative eco,1,1,2025-10-01,north south east west central coastal,any,0.0,"Synthetic delivery offering; creative and eco design, quality tier 3."
I1123,services,delivery,B47,Delivery 24,19.22,4,family compact,1,1,2025-10-01,north south east west central coastal,any,0.0,"Synthetic delivery offering; family and compact design, quality tier 4."
I1124,services,delivery,B40,Delivery 25,29.55,5,creative premium,1,1,2025-10-01,north south east west central coastal,any,0.2,"Synthetic delivery offering; creative and premium design, quality tier 5."
I1125,services,delivery,B41,Delivery 26,9.18,1,practical creative,1,1,2025-10-01,north south east west central coastal,any,0.0,"Synthetic delivery offering; practical and creative design, quality tier 1."
I1126,services,delivery,B42,Delivery 27,13.14,2,premium creative,1,1,2025-10-01,north south east west central coastal,any,0.0,"Synthetic delivery offering; premium and creative design, quality tier 2."
I1127,services,delivery,B43,Delivery 28,24.0,3,premium practical,1,1,2025-10-01,north south east west central coastal,any,0.3,"Synthetic delivery offering; premium and practical design, quality tier 3."
I1128,services,delivery,B44,Delivery 29,22.66,4,family social,1,1,2025-10-01,north south east west central coastal,any,0.2,"Synthetic delivery offering; family and social design, quality tier 4."
I1129,services,delivery,B45,Delivery 30,37.31,5,creative compact,1,1,2025-10-01,north south east west central coastal,any,0.0,"Synthetic delivery offering; creative and compact design, quality tier 5."
I1130,services,delivery,B46,Delivery 31,11.55,1,compact practical,1,1,2025-10-01,north south east west central coastal,any,0.0,"Synthetic delivery offering; compact and practical design, quality tier 1."
I1131,services,delivery,B47,Delivery 32,14.6,2,compact eco,1,1,2025-10-01,north south east west central coastal,any,0.0,"Synthetic delivery offering; compact and eco design, quality tier 2."
I1132,services,delivery,B40,Delivery 33,18.2,3,compact social,1,1,2025-10-01,north south east west central coastal,any,0.3,"Synthetic delivery offering; compact and social design, quality tier 3."
I1133,services,delivery,B41,Delivery 34,39.76,4,active premium,1,1,2025-10-01,north south east west central coastal,any,0.1,"Synthetic delivery offering; active and premium design, quality tier 4."
I1134,services,delivery,B42,Delivery 35,36.15,5,premium creative,1,1,2025-10-01,north south east west central coastal,any,0.0,"Synthetic delivery offering; premium and creative design, quality tier 5."
I1135,services,delivery,B43,Delivery 36,9.93,1,practical premium,1,1,2025-10-01,north south east west central coastal,any,0.0,"Synthetic delivery offering; practical and premium design, quality tier 1."
I1136,services,delivery,B44,Delivery 37,22.58,2,family social,1,1,2025-10-01,north south east west central coastal,any,0.1,"Synthetic delivery offering; family and social design, quality tier 2."
I1137,services,delivery,B45,Delivery 38,20.62,3,practical active,1,1,2025-10-01,north south east west central coastal,any,0.0,"Synthetic delivery offering; practical and active design, quality tier 3."
I1138,services,delivery,B46,Delivery 39,29.52,4,social practical,1,1,2025-10-01,north south east west central coastal,any,0.0,"Synthetic delivery offering; social and practical design, quality tier 4."
I1139,services,delivery,B47,Delivery 40,29.43,5,active social,1,1,2025-10-01,north south east west central coastal,any,0.0,"Synthetic delivery offering; active and social design, quality tier 5."
I1140,services,delivery,B40,Delivery 41,13.73,1,practical creative,1,1,2025-10-01,central east north,any,0.0,"Synthetic delivery offering; practical and creative design, quality tier 1."
I1141,services,delivery,B41,Delivery 42,22.92,2,premium active,1,1,2025-10-01,north south east west central coastal,any,0.0,"Synthetic delivery offering; premium and active design, quality tier 2."
I1142,services,delivery,B42,Delivery 43,21.44,3,creative family,1,1,2025-10-01,north south east west central coastal,any,0.0,"Synthetic delivery offering; creative and family design, quality tier 3."
I1143,services,delivery,B43,Delivery 44,30.07,4,practical creative,1,1,2025-10-01,north south east west central coastal,any,0.0,"Synthetic delivery offering; practical and creative design, quality tier 4."
I1144,services,delivery,B44,Delivery 45,34.87,5,eco active,1,1,2025-10-01,north south east west central coastal,any,0.0,"Synthetic delivery offering; eco and active design, quality tier 5."
I1145,services,delivery,B45,Delivery 46,11.4,1,premium creative,1,1,2026-05-01,north south east west central coastal,any,0.0,"Synthetic delivery offering; premium and creative design, quality tier 1."
I1146,services,delivery,B46,Delivery 47,15.48,2,family active,1,1,2026-05-01,north south east west central coastal,any,0.2,"Synthetic delivery offering; family and active design, quality tier 2."
I1147,services,delivery,B47,Delivery 48,25.16,3,family active,1,1,2026-05-01,north south east west central coastal,any,0.0,"Synthetic delivery offering; family and active design, quality tier 3."
I1148,services,delivery,B40,Delivery 49,27.91,4,active compact,1,1,2026-05-01,north south east west central coastal,any,0.1,"Synthetic delivery offering; active and compact design, quality tier 4."
I1149,services,delivery,B41,Delivery 50,37.8,5,eco creative,1,1,2026-05-01,north south east west central coastal,any,0.1,"Synthetic delivery offering; eco and creative design, quality tier 5."
I1150,services,wellness,B40,Wellness 01,42.36,1,social family,1,1,2025-10-01,central north south,any,0.0,"Synthetic wellness offering; social and family design, quality tier 1."
I1151,services,wellness,B41,Wellness 02,45.0,2,creative social,1,1,2025-10-01,north south east west central coastal,any,0.1,"Synthetic wellness offering; creative and social design, quality tier 2."
I1152,services,wellness,B42,Wellness 03,57.23,3,eco family,1,1,2025-10-01,north south east west central coastal,any,0.0,"Synthetic wellness offering; eco and family design, quality tier 3."
I1153,services,wellness,B43,Wellness 04,88.8,4,social premium,1,1,2025-10-01,central east north,any,0.0,"Synthetic wellness offering; social and premium design, quality tier 4."
I1154,services,wellness,B44,Wellness 05,80.09,5,creative family,1,1,2025-10-01,central coastal south,any,0.0,"Synthetic wellness offering; creative and family design, quality tier 5."
I1155,services,wellness,B45,Wellness 06,41.22,1,family practical,1,1,2025-10-01,north south west,any,0.0,"Synthetic wellness offering; family and practical design, quality tier 1."
I1156,services,wellness,B46,Wellness 07,42.7,2,eco premium,1,1,2025-10-01,north south east west central coastal,any,0.2,"Synthetic wellness offering; eco and premium design, quality tier 2."
I1157,services,wellness,B47,Wellness 08,58.43,3,practical premium,1,1,2025-10-01,north south east west central coastal,any,0.0,"Synthetic wellness offering; practical and premium design, quality tier 3."
I1158,services,wellness,B40,Wellness 09,72.01,4,creative practical,1,1,2025-10-01,north south east west central coastal,any,0.0,"Synthetic wellness offering; creative and practical design, quality tier 4."
I1159,services,wellness,B41,Wellness 10,73.31,5,family practical,1,1,2025-10-01,north south east west central coastal,any,0.0,"Synthetic wellness offering; family and practical design, quality tier 5."
I1160,services,wellness,B42,Wellness 11,25.12,1,premium practical,1,1,2025-10-01,north south east west central coastal,any,0.1,"Synthetic wellness offering; premium and practical design, quality tier 1."
I1161,services,wellness,B43,Wellness 12,75.96,2,active practical,1,1,2025-10-01,north south east west central coastal,any,0.1,"Synthetic wellness offering; active and practical design, quality tier 2."
I1162,services,wellness,B44,Wellness 13,51.07,3,active creative,1,1,2025-10-01,north south east west central coastal,any,0.0,"Synthetic wellness offering; active and creative design, quality tier 3."
I1163,services,wellness,B45,Wellness 14,117.95,4,social eco,1,1,2025-10-01,north south east west central coastal,any,0.0,"Synthetic wellness offering; social and eco design, quality tier 4."
I1164,services,wellness,B46,Wellness 15,74.68,5,family active,1,1,2025-10-01,north south east west central coastal,any,0.3,"Synthetic wellness offering; family and active design, quality tier 5."
I1165,services,wellness,B47,Wellness 16,49.97,1,social eco,1,1,2025-10-01,central east north,any,0.0,"Synthetic wellness offering; social and eco design, quality tier 1."
I1166,services,wellness,B40,Wellness 17,40.28,2,compact eco,1,1,2025-10-01,north south east west central coastal,any,0.0,"Synthetic wellness offering; compact and eco design, quality tier 2."
I1167,services,wellness,B41,Wellness 18,78.99,3,eco creative,1,1,2025-10-01,north south east west central coastal,any,0.1,"Synthetic wellness offering; eco and creative design, quality tier 3."
I1168,services,wellness,B42,Wellness 19,48.07,4,premium practical,1,1,2025-10-01,north south east west central coastal,any,0.0,"Synthetic wellness offering; premium and practical design, quality tier 4."
I1169,services,wellness,B43,Wellness 20,99.67,5,eco compact,1,1,2025-10-01,north south east west central coastal,any,0.0,"Synthetic wellness offering; eco and compact design, quality tier 5."
I1170,services,wellness,B44,Wellness 21,25.28,1,eco active,1,1,2025-10-01,north south west,any,0.1,"Synthetic wellness offering; eco and active design, quality tier 1."
I1171,services,wellness,B45,Wellness 22,44.21,2,creative family,1,1,2025-10-01,north south east west central coastal,any,0.1,"Synthetic wellness offering; creative and family design, quality tier 2."
I1172,services,wellness,B46,Wellness 23,91.39,3,eco active,1,1,2025-10-01,north south east west central coastal,any,0.2,"Synthetic wellness offering; eco and active design, quality tier 3."
I1173,services,wellness,B47,Wellness 24,91.46,4,premium compact,1,1,2025-10-01,north south east west central coastal,any,0.0,"Synthetic wellness offering; premium and compact design, quality tier 4."
I1174,services,wellness,B40,Wellness 25,55.43,5,active premium,1,1,2025-10-01,north south east west central coastal,any,0.0,"Synthetic wellness offering; active and premium design, quality tier 5."
I1175,services,wellness,B41,Wellness 26,28.83,1,family active,1,1,2025-10-01,north south east west central coastal,any,0.3,"Synthetic wellness offering; family and active design, quality tier 1."
I1176,services,wellness,B42,Wellness 27,45.41,2,social compact,1,1,2025-10-01,north south east west central coastal,any,0.1,"Synthetic wellness offering; social and compact design, quality tier 2."
I1177,services,wellness,B43,Wellness 28,79.73,3,family premium,1,1,2025-10-01,north south east west central coastal,any,0.0,"Synthetic wellness offering; family and premium design, quality tier 3."
I1178,services,wellness,B44,Wellness 29,75.61,4,social compact,1,1,2025-10-01,north south east west central coastal,any,0.1,"Synthetic wellness offering; social and compact design, quality tier 4."
I1179,services,wellness,B45,Wellness 30,117.32,5,compact social,1,1,2025-10-01,north south east west central coastal,any,0.2,"Synthetic wellness offering; compact and social design, quality tier 5."
I1180,services,wellness,B46,Wellness 31,39.07,1,family active,1,1,2025-10-01,north south east west central coastal,any,0.2,"Synthetic wellness offering; family and active design, quality tier 1."
I1181,services,wellness,B47,Wellness 32,59.04,2,practical creative,1,1,2025-10-01,north south east west central coastal,any,0.0,"Synthetic wellness offering; practical and creative design, quality tier 2."
I1182,services,wellness,B40,Wellness 33,50.92,3,compact practical,1,1,2025-10-01,north south east west central coastal,any,0.2,"Synthetic wellness offering; compact and practical design, quality tier 3."
I1183,services,wellness,B41,Wellness 34,108.86,4,eco compact,1,1,2025-10-01,north south east west central coastal,any,0.0,"Synthetic wellness offering; eco and compact design, quality tier 4."
I1184,services,wellness,B42,Wellness 35,106.42,5,family compact,1,1,2025-10-01,north south east west central coastal,any,0.2,"Synthetic wellness offering; family and compact design, quality tier 5."
I1185,services,wellness,B43,Wellness 36,33.53,1,premium compact,1,1,2025-10-01,north south east west central coastal,any,0.3,"Synthetic wellness offering; premium and compact design, quality tier 1."
I1186,services,wellness,B44,Wellness 37,60.62,2,family premium,1,1,2025-10-01,north south east west central coastal,any,0.0,"Synthetic wellness offering; family and premium design, quality tier 2."
I1187,services,wellness,B45,Wellness 38,54.76,3,family social,1,1,2025-10-01,north south east west central coastal,any,0.1,"Synthetic wellness offering; family and social design, quality tier 3."
I1188,services,wellness,B46,Wellness 39,69.74,4,family creative,1,1,2025-10-01,north south east west central coastal,any,0.2,"Synthetic wellness offering; family and creative design, quality tier 4."
I1189,services,wellness,B47,Wellness 40,72.61,5,social practical,1,1,2025-10-01,north south east west central coastal,any,0.0,"Synthetic wellness offering; social and practical design, quality tier 5."
I1190,services,wellness,B40,Wellness 41,39.35,1,creative family,1,1,2025-10-01,north south east west central coastal,any,0.0,"Synthetic wellness offering; creative and family design, quality tier 1."
I1191,services,wellness,B41,Wellness 42,42.62,2,social active,1,1,2025-10-01,north south east west central coastal,any,0.2,"Synthetic wellness offering; social and active design, quality tier 2."
I1192,services,wellness,B42,Wellness 43,44.54,3,creative social,1,1,2025-10-01,north south east west central coastal,any,0.1,"Synthetic wellness offering; creative and social design, quality tier 3."
I1193,services,wellness,B43,Wellness 44,72.25,4,family social,1,1,2025-10-01,north south east west central coastal,any,0.0,"Synthetic wellness offering; family and social design, quality tier 4."
I1194,services,wellness,B44,Wellness 45,58.03,5,active creative,1,1,2025-10-01,north south east west central coastal,any,0.2,"Synthetic wellness offering; active and creative design, quality tier 5."
I1195,services,wellness,B45,Wellness 46,38.96,1,social eco,1,1,2026-05-01,north south east west central coastal,any,0.0,"Synthetic wellness offering; social and eco design, quality tier 1."
I1196,services,wellness,B46,Wellness 47,74.38,2,premium social,1,1,2026-05-01,north south east west central coastal,any,0.0,"Synthetic wellness offering; premium and social design, quality tier 2."
I1197,services,wellness,B47,Wellness 48,72.8,3,social active,1,1,2026-05-01,north south east west central coastal,any,0.0,"Synthetic wellness offering; social and active design, quality tier 3."
I1198,services,wellness,B40,Wellness 49,107.55,4,eco creative,1,1,2026-05-01,north south east west central coastal,any,0.0,"Synthetic wellness offering; eco and creative design, quality tier 4."
I1199,services,wellness,B41,Wellness 50,97.1,5,premium compact,1,1,2026-05-01,north south east west central coastal,any,0.3,"Synthetic wellness offering; premium and compact design, quality tier 5."
