user_id,snapshot_date,region,age_band,household_size,membership_tier,device_type,device_os,tenure_months,monthly_budget,preferred_quality,language,marketing_opt_in,owned_items,declared_interests
U024000,2026-06-01,north,35-49,5,basic,premium,android,9,49.73,3.0,lang_b,1,I0301 I0336 I0338 I0558 I0656 I0671 I0685,
U024001,2026-06-01,coastal,25-34,4,basic,mid,android,79,85.81,3.0,lang_b,0,,footwear home_care
U024002,2026-06-01,south,25-34,2,basic,premium,ios,7,76.39,,lang_c,1,,
U024003,2026-06-01,north,18-24,2,basic,mid,ios,3,30.18,4.0,lang_b,1,,delivery garden
U024004,2026-06-01,west,50+,1,basic,premium,android,84,,2.0,lang_a,1,,
U024005,2026-06-01,north,50+,4,premium,premium,android,81,80.51,3.0,lang_a,0,I0905 I0975 I0994 I0996,gaming learning
U024006,2026-06-01,east,35-49,2,basic,premium,android,22,136.28,3.0,lang_c,1,I0036,computing home_care
U024007,2026-06-01,west,35-49,3,basic,entry,android,62,50.33,2.0,lang_b,1,I0990,
U024008,2026-06-01,coastal,18-24,5,basic,premium,ios,13,61.56,2.0,lang_c,0,I0256 I0275 I0290,local_experiences mobile_accessories
U024009,2026-06-01,central,25-34,1,basic,entry,android,23,171.86,3.0,lang_a,1,,computing home_care
U024010,2026-06-01,central,35-49,2,basic,premium,android,57,747.07,3.0,lang_a,0,I0677,
U024011,2026-06-01,coastal,18-24,1,basic,mid,android,58,119.11,2.0,lang_a,0,I0963 I0976 I0978,clothing local_experiences
U024012,2026-06-01,east,25-34,1,plus,entry,ios,11,111.22,,lang_a,1,,kitchen travel_accessories
U024013,2026-06-01,east,25-34,1,plus,mid,android,62,326.35,5.0,lang_b,1,,delivery garden
U024014,2026-06-01,west,18-24,3,plus,premium,android,57,77.47,2.0,lang_c,1,,bags fitness
U024015,2026-06-01,south,18-24,2,basic,mid,android,35,116.24,1.0,lang_b,1,I0005 I0007 I0031,audio learning
U024016,2026-06-01,west,50+,4,plus,mid,android,4,40.37,2.0,lang_b,1,,smart_devices wellness
U024017,2026-06-01,central,18-24,2,basic,premium,android,55,56.11,3.0,lang_a,1,I0652 I0912,
U024018,2026-06-01,coastal,50+,5,plus,mid,android,38,62.57,3.0,lang_a,0,I0066 I0075 I0092 I0660,
U024019,2026-06-01,south,18-24,5,basic,mid,android,75,154.66,,lang_b,1,I0034 I0048 I0555 I0903 I0938,
U024020,2026-06-01,east,18-24,5,basic,mid,android,9,70.05,3.0,lang_c,0,I0308 I0312 I0322 I0327 I0342 I0560 I0562 I0564 I0565 I0573 I0589,accessories outdoor
U024021,2026-06-01,south,18-24,5,basic,mid,android,31,94.0,5.0,lang_c,1,I0301 I0343 I0460,accessories garden
U024022,2026-06-01,east,50+,5,basic,mid,ios,26,54.85,3.0,lang_c,1,I0665 I0668,
U024023,2026-06-01,east,35-49,1,basic,mid,android,22,35.96,4.0,lang_c,0,I0038 I0311 I0314 I0325 I0329 I0336,
U024024,2026-06-01,coastal,18-24,1,basic,mid,ios,71,58.58,2.0,lang_c,0,,mobile_accessories smart_devices
U024025,2026-06-01,south,35-49,5,plus,entry,ios,52,75.51,3.0,lang_b,0,I0281,computing travel_accessories
U024026,2026-06-01,central,25-34,5,plus,mid,ios,68,40.0,4.0,lang_c,0,I0117 I0873 I0882 I0897,
U024027,2026-06-01,west,50+,1,basic,premium,ios,76,121.65,2.0,lang_c,1,,
U024028,2026-06-01,central,18-24,3,basic,mid,ios,65,141.84,3.0,lang_a,1,,bags garden
U024029,2026-06-01,north,18-24,3,plus,premium,android,9,155.91,3.0,lang_a,1,,
U024030,2026-06-01,north,25-34,5,plus,entry,ios,40,119.31,2.0,lang_a,1,I0247 I0957 I0972 I0981 I0988,fitness mobile_accessories
U024031,2026-06-01,west,35-49,1,basic,mid,ios,33,29.42,4.0,lang_a,1,I0136,
U024032,2026-06-01,east,50+,4,plus,premium,android,82,64.57,3.0,lang_c,0,,connectivity garden
U024033,2026-06-01,east,25-34,1,basic,entry,android,67,75.83,3.0,lang_a,1,I0007 I0013 I0014 I0043 I0568,
U024034,2026-06-01,central,18-24,4,premium,entry,ios,47,37.79,4.0,lang_a,1,,
U024035,2026-06-01,west,25-34,1,basic,mid,android,80,127.75,3.0,lang_a,1,,bags streaming
U024036,2026-06-01,east,50+,5,premium,mid,android,11,66.72,3.0,lang_c,1,I0894,mobile_accessories streaming
U024037,2026-06-01,central,25-34,2,plus,entry,ios,19,34.09,3.0,lang_a,0,,creative_hobbies outdoor
U024038,2026-06-01,north,35-49,1,plus,unknown,android,11,37.04,4.0,lang_a,1,I0584,accessories delivery
U024039,2026-06-01,central,18-24,3,basic,premium,android,48,,3.0,lang_b,0,I0302 I0332 I0337,computing creative_hobbies
U024040,2026-06-01,coastal,35-49,4,basic,premium,android,45,473.24,1.0,lang_a,1,,delivery gaming
U024041,2026-06-01,coastal,25-34,3,plus,mid,ios,45,70.96,2.0,lang_b,1,,bags garden
U024042,2026-06-01,coastal,50+,3,basic,mid,ios,18,50.59,3.0,lang_a,1,I0302 I0328 I0337,
U024043,2026-06-01,coastal,50+,5,plus,mid,android,75,28.1,2.0,lang_c,0,I0088,computing wellness
U024044,2026-06-01,west,25-34,3,basic,mid,android,57,24.34,,lang_a,1,I0334,creative_hobbies garden
U024045,2026-06-01,coastal,25-34,3,plus,entry,android,10,,1.0,lang_c,0,,furnishings travel_accessories
U024046,2026-06-01,south,35-49,4,plus,mid,ios,71,45.88,,lang_a,1,I0016 I0026 I0027 I0858,
U024047,2026-06-01,east,18-24,3,plus,premium,android,45,71.14,4.0,lang_a,1,I0102 I0119 I0126 I0139 I0593 I0940,
U024048,2026-06-01,west,18-24,1,basic,mid,android,53,128.03,3.0,lang_c,1,,clothing gaming
U024049,2026-06-01,east,25-34,3,plus,premium,ios,52,54.95,2.0,lang_c,1,,
U024050,2026-06-01,coastal,35-49,3,basic,premium,android,54,48.96,4.0,lang_b,1,,audio garden
U024051,2026-06-01,central,50+,5,basic,entry,android,36,46.07,3.0,lang_b,1,I0057 I0070 I0118,computing mobile_accessories
U024052,2026-06-01,west,25-34,1,basic,entry,android,32,41.01,2.0,lang_a,1,I0274 I0275 I0666,gaming home_care
U024053,2026-06-01,east,18-24,4,premium,mid,android,63,40.8,3.0,lang_a,0,I0076 I0536 I0912 I0918,mobile_accessories travel_accessories
U024054,2026-06-01,north,25-34,1,basic,entry,ios,36,122.46,,lang_a,1,,
U024055,2026-06-01,south,25-34,5,basic,mid,android,35,,3.0,lang_b,0,I0273 I0288 I0582 I0851 I0858 I0892,garden kitchen
U024056,2026-06-01,coastal,35-49,1,basic,mid,android,32,,4.0,lang_c,1,I0103 I0230 I0868 I0892 I0916,delivery furnishings
U024057,2026-06-01,south,35-49,2,basic,premium,android,35,42.85,,lang_b,1,I0033 I0961 I0972 I0983,bags garden
U024058,2026-06-01,central,18-24,5,plus,mid,ios,67,28.24,3.0,lang_c,1,I0515,connectivity fitness
U024059,2026-06-01,south,18-24,4,plus,mid,android,43,37.26,4.0,lang_c,0,I0043 I0308 I0309 I0336 I0338 I0345 I0864,
U024060,2026-06-01,central,35-49,5,basic,mid,android,67,,1.0,lang_b,1,I0917,creative_hobbies streaming
U024061,2026-06-01,north,50+,4,basic,entry,android,80,74.79,2.0,lang_c,0,I0100,kitchen mobile_accessories
U024062,2026-06-01,north,35-49,1,plus,mid,android,57,80.95,4.0,lang_a,0,I0587,clothing creative_hobbies
U024063,2026-06-01,north,35-49,1,basic,mid,android,16,57.03,2.0,lang_c,1,I0262 I0560,
U024064,2026-06-01,west,35-49,2,basic,premium,ios,74,49.3,3.0,lang_b,1,I0277 I0516 I0538 I0976 I0978,
U024065,2026-06-01,coastal,18-24,5,basic,entry,android,52,30.81,,lang_a,0,,delivery furnishings
U024066,2026-06-01,central,18-24,4,premium,mid,android,3,43.4,1.0,lang_c,0,,
U024067,2026-06-01,central,50+,3,plus,mid,android,15,28.57,2.0,lang_b,1,,audio home_care
U024068,2026-06-01,coastal,50+,4,plus,entry,ios,5,74.22,3.0,lang_c,0,I0083 I0881,
U024069,2026-06-01,coastal,18-24,5,basic,mid,android,73,39.04,2.0,lang_c,1,I0698 I0851 I0875,
U024070,2026-06-01,coastal,50+,1,plus,mid,android,84,98.7,2.0,lang_a,0,I0506 I0541,
U024071,2026-06-01,central,50+,5,plus,mid,android,70,83.2,2.0,lang_c,0,,smart_devices streaming
U024072,2026-06-01,north,50+,2,plus,mid,android,35,,4.0,lang_c,0,I0012 I0214 I0239,books kitchen
U024073,2026-06-01,north,35-49,4,basic,mid,android,17,103.38,2.0,lang_c,1,I0200 I0460,books connectivity
U024074,2026-06-01,central,18-24,4,plus,premium,android,27,110.42,4.0,lang_c,1,I0583,
U024075,2026-06-01,central,18-24,1,premium,mid,android,21,81.93,,lang_a,0,,
U024076,2026-06-01,east,25-34,5,basic,mid,ios,81,34.02,2.0,lang_a,1,,
U024077,2026-06-01,central,50+,3,premium,premium,android,75,120.96,3.0,lang_b,1,I0007 I0009 I0042 I0248,
U024078,2026-06-01,north,35-49,5,basic,mid,android,39,36.57,3.0,lang_b,0,,bags garden
U024079,2026-06-01,coastal,35-49,4,plus,entry,ios,79,66.51,2.0,lang_b,1,I0251 I0259 I0261 I0292,furnishings learning
U024080,2026-06-01,east,50+,1,plus,premium,android,39,93.08,4.0,lang_a,0,I0520,footwear smart_devices
U024081,2026-06-01,west,50+,2,plus,mid,android,3,21.87,3.0,lang_a,1,I0655 I0657 I0675 I0686 I0697,
U024082,2026-06-01,north,50+,2,plus,premium,ios,32,,3.0,lang_c,1,,
U024083,2026-06-01,south,35-49,2,basic,entry,ios,2,99.61,,lang_a,1,I0276 I0301 I0311 I0322 I0451 I0478,
U024084,2026-06-01,east,35-49,5,plus,mid,ios,49,41.83,2.0,lang_c,0,I0526,
U024085,2026-06-01,east,50+,2,premium,entry,android,45,125.46,3.0,lang_b,1,I0053,
U024086,2026-06-01,east,35-49,4,basic,premium,android,4,71.73,3.0,lang_b,1,I0260 I0267 I0277 I0286,computing connectivity
U024087,2026-06-01,north,35-49,3,basic,premium,android,32,,4.0,lang_b,1,,audio books
U024088,2026-06-01,east,35-49,3,basic,entry,android,64,32.66,4.0,lang_c,1,,
U024089,2026-06-01,coastal,18-24,4,basic,mid,ios,60,42.97,3.0,lang_a,0,I0032 I0255 I0256 I0259 I0260 I0267 I0276 I0278 I0280 I0284 I0291,
U024090,2026-06-01,west,18-24,2,premium,premium,android,35,21.32,,lang_c,1,I0488,footwear mobile_accessories
U024091,2026-06-01,coastal,18-24,2,basic,entry,android,2,43.17,3.0,lang_a,1,,
U024092,2026-06-01,west,25-34,5,plus,mid,ios,6,141.72,,lang_b,1,,clothing creative_hobbies
U024093,2026-06-01,south,50+,5,basic,premium,android,7,25.88,3.0,lang_b,1,,outdoor wellness
U024094,2026-06-01,north,25-34,4,premium,mid,android,70,106.37,2.0,lang_b,1,,
U024095,2026-06-01,west,18-24,3,premium,entry,android,20,25.21,2.0,lang_b,0,I0570,
U024096,2026-06-01,east,50+,2,basic,mid,android,55,82.5,4.0,lang_b,0,I0063 I0463,clothing home_care
U024097,2026-06-01,coastal,25-34,4,basic,entry,android,69,18.02,2.0,lang_a,1,I0228 I0314,
U024098,2026-06-01,south,50+,4,plus,entry,ios,67,26.08,3.0,lang_b,1,I0266 I0854 I0866 I0867 I0868 I0875 I0883,delivery outdoor
U024099,2026-06-01,central,50+,5,plus,entry,android,24,53.65,3.0,lang_b,1,,audio local_experiences
U024100,2026-06-01,south,18-24,5,basic,premium,android,66,50.37,2.0,lang_a,0,,
U024101,2026-06-01,coastal,25-34,2,basic,mid,android,6,42.6,5.0,lang_a,0,I0045,learning local_experiences
U024102,2026-06-01,east,35-49,3,plus,premium,android,72,34.51,4.0,lang_a,0,,clothing creative_hobbies
U024103,2026-06-01,south,25-34,1,plus,entry,android,68,34.43,3.0,lang_b,0,,creative_hobbies learning
U024104,2026-06-01,north,50+,1,premium,unknown,android,52,62.4,2.0,lang_b,1,I0217 I0478 I0491 I0549,home_care wellness
U024105,2026-06-01,south,18-24,2,plus,entry,ios,53,79.64,4.0,lang_b,0,I0923 I0932 I0937,
U024106,2026-06-01,north,18-24,5,basic,mid,ios,45,95.66,3.0,lang_c,1,I0026 I0037,
U024107,2026-06-01,east,50+,1,basic,entry,ios,47,43.26,3.0,lang_c,1,I0291,footwear kitchen
U024108,2026-06-01,south,18-24,5,basic,entry,android,26,51.41,2.0,lang_a,1,I0065 I0071,
U024109,2026-06-01,east,25-34,2,plus,entry,android,24,123.06,4.0,lang_c,1,I0168 I0169 I0188 I0189 I0308 I0314 I0328 I0329 I0342 I0658,home_care smart_devices
U024110,2026-06-01,east,35-49,1,basic,mid,ios,26,46.92,4.0,lang_b,1,,bags gaming
U024111,2026-06-01,south,25-34,2,basic,entry,android,16,33.13,,lang_a,1,,mobile_accessories streaming
U024112,2026-06-01,west,35-49,2,basic,entry,android,83,103.04,3.0,lang_a,1,,mobile_accessories smart_devices
U024113,2026-06-01,south,18-24,3,basic,premium,android,56,23.56,,lang_c,1,I0522 I0987,
U024114,2026-06-01,central,18-24,1,premium,premium,ios,19,73.31,3.0,lang_c,1,,bags home_care
U024115,2026-06-01,east,35-49,4,plus,entry,android,28,21.28,3.0,lang_c,0,I0025 I0856 I0892 I0893,
U024116,2026-06-01,east,35-49,3,basic,premium,android,59,30.79,3.0,lang_c,0,,accessories learning
U024117,2026-06-01,north,25-34,5,basic,mid,android,12,12.73,3.0,lang_b,1,I0505 I0525 I0530,
U024118,2026-06-01,coastal,18-24,2,basic,entry,ios,68,38.82,3.0,lang_a,1,I0314 I0320 I0323 I0682 I0693,clothing connectivity
U024119,2026-06-01,east,35-49,3,premium,mid,android,7,,3.0,lang_b,1,I0311 I0343,kitchen mobile_accessories
U024120,2026-06-01,east,18-24,1,basic,premium,android,18,26.43,,lang_c,1,I0451 I0452 I0461 I0466 I0471 I0480 I0481 I0489 I0695,
U024121,2026-06-01,east,50+,1,basic,mid,android,10,29.43,3.0,lang_b,0,I0998,
U024122,2026-06-01,coastal,35-49,5,premium,entry,android,41,83.06,4.0,lang_b,0,I0583,
U024123,2026-06-01,west,50+,4,basic,entry,android,56,58.56,3.0,lang_c,1,I0311,
U024124,2026-06-01,north,35-49,4,basic,premium,android,42,33.44,3.0,lang_b,0,I0951,audio kitchen
U024125,2026-06-01,coastal,25-34,3,basic,premium,android,50,52.22,3.0,lang_b,0,I0986,
U024126,2026-06-01,north,18-24,1,plus,entry,ios,78,19.06,2.0,lang_a,1,I0991,fitness garden
U024127,2026-06-01,central,50+,5,plus,mid,android,31,33.94,5.0,lang_c,1,I0233 I0324 I0593 I0659 I0671,
U024128,2026-06-01,central,50+,2,basic,mid,android,16,,4.0,lang_a,1,,garden outdoor
U024129,2026-06-01,north,50+,3,basic,mid,android,22,47.43,,lang_a,1,I0913,
U024130,2026-06-01,south,35-49,4,basic,entry,android,30,234.76,2.0,lang_c,1,I0079,
U024131,2026-06-01,coastal,35-49,3,basic,mid,android,33,30.35,4.0,lang_a,0,,audio bags
U024132,2026-06-01,south,50+,5,basic,entry,android,4,,1.0,lang_b,1,,
U024133,2026-06-01,west,35-49,1,plus,premium,ios,33,9.9,4.0,lang_b,1,I0069 I0075 I0470,
U024134,2026-06-01,north,35-49,4,basic,entry,android,17,22.0,4.0,lang_a,1,I0570 I0650 I0658 I0852 I0853,delivery outdoor
U024135,2026-06-01,north,35-49,1,premium,entry,android,72,82.69,3.0,lang_c,1,,
U024136,2026-06-01,east,25-34,5,basic,mid,android,84,46.96,4.0,lang_b,0,I0125 I0673,
U024137,2026-06-01,west,18-24,3,plus,premium,android,35,254.63,4.0,lang_b,1,I0083,
U024138,2026-06-01,north,50+,4,plus,premium,android,10,55.02,2.0,lang_c,1,I0460,
U024139,2026-06-01,west,35-49,1,plus,premium,android,40,224.27,1.0,lang_a,1,I0131 I0552 I0562,fitness smart_devices
U024140,2026-06-01,north,18-24,3,premium,mid,android,46,30.16,3.0,lang_b,0,I0203 I0207 I0209 I0475 I0656 I0692 I0959,fitness smart_devices
U024141,2026-06-01,north,18-24,1,basic,premium,android,56,37.92,3.0,lang_b,1,I0994,
U024142,2026-06-01,coastal,25-34,4,basic,entry,ios,47,34.43,3.0,lang_b,0,I0188,computing wellness
U024143,2026-06-01,east,18-24,2,basic,mid,ios,18,104.33,4.0,lang_b,1,I0494,outdoor wellness
U024144,2026-06-01,west,50+,1,basic,mid,android,33,34.32,5.0,lang_c,1,I0087 I0573,
U024145,2026-06-01,south,25-34,3,basic,mid,android,45,22.92,4.0,lang_a,1,I0079,
U024146,2026-06-01,central,35-49,2,basic,mid,android,30,26.83,3.0,lang_b,0,I0666,
U024147,2026-06-01,west,25-34,4,basic,entry,ios,78,97.93,2.0,lang_c,1,I0276,
U024148,2026-06-01,west,18-24,1,basic,mid,ios,26,35.69,2.0,lang_a,0,,
U024149,2026-06-01,coastal,25-34,2,basic,premium,android,44,47.23,4.0,lang_c,0,I0079 I0088 I0091 I0094 I0226 I0246 I0249,
U024150,2026-06-01,north,35-49,2,basic,mid,android,11,276.64,2.0,lang_a,1,I0031,
U024151,2026-06-01,central,35-49,3,plus,mid,ios,60,35.7,3.0,lang_b,1,,accessories furnishings
U024152,2026-06-01,central,35-49,3,basic,mid,ios,28,27.47,3.0,lang_b,0,,
U024153,2026-06-01,south,50+,5,basic,mid,android,23,,4.0,lang_c,0,I0506 I0964 I0987,clothing outdoor
U024154,2026-06-01,central,35-49,1,basic,mid,ios,57,,3.0,lang_b,1,,learning streaming
U024155,2026-06-01,coastal,50+,2,premium,mid,android,12,21.58,4.0,lang_c,0,,local_experiences streaming
U024156,2026-06-01,coastal,50+,3,basic,mid,android,44,171.32,4.0,lang_a,0,I0305,audio wellness
U024157,2026-06-01,south,35-49,4,basic,entry,android,50,137.09,2.0,lang_a,1,,bags smart_devices
U024158,2026-06-01,north,18-24,2,basic,entry,android,27,44.37,2.0,lang_c,1,,accessories mobile_accessories
U024159,2026-06-01,east,25-34,5,plus,mid,android,32,48.67,4.0,lang_a,0,I0513 I0522 I0528,
U024160,2026-06-01,west,35-49,4,premium,entry,android,74,211.24,3.0,lang_c,1,I0183 I0892,connectivity smart_devices
U024161,2026-06-01,east,25-34,2,basic,premium,android,50,47.18,4.0,lang_c,1,I0006 I0033,
U024162,2026-06-01,north,25-34,2,premium,premium,android,17,,2.0,lang_c,0,,
U024163,2026-06-01,east,35-49,3,plus,mid,android,16,111.58,5.0,lang_a,0,I0503,bags mobile_accessories
U024164,2026-06-01,south,35-49,1,premium,entry,android,77,147.77,,lang_b,1,I0007 I0024 I0037,furnishings streaming
U024165,2026-06-01,west,35-49,5,plus,entry,ios,17,20.15,4.0,lang_b,1,,clothing delivery
U024166,2026-06-01,north,50+,1,basic,mid,ios,54,70.25,2.0,lang_a,1,I0262 I0264 I0286 I0971 I0974 I0979,fitness furnishings
U024167,2026-06-01,central,18-24,4,basic,mid,ios,73,38.73,2.0,lang_a,0,I0016 I0450 I0455 I0480 I0487 I0499 I0855 I0879 I0889,footwear outdoor
U024168,2026-06-01,east,50+,1,plus,entry,android,77,39.14,3.0,lang_a,1,I0208 I0235,
U024169,2026-06-01,west,50+,4,premium,premium,android,55,76.56,1.0,lang_c,0,I0577 I0677 I0854 I0862 I0867,
U024170,2026-06-01,east,18-24,2,basic,entry,android,36,15.89,2.0,lang_b,1,,accessories streaming
U024171,2026-06-01,central,35-49,4,plus,premium,ios,24,19.35,,lang_c,1,,
U024172,2026-06-01,east,50+,3,plus,unknown,android,35,63.62,4.0,lang_a,1,I0280,
U024173,2026-06-01,west,18-24,3,basic,premium,android,23,25.39,4.0,lang_c,0,I0077 I0085 I0491,computing outdoor
U024174,2026-06-01,east,50+,1,basic,mid,android,67,130.67,3.0,lang_a,0,I0118 I0686,mobile_accessories smart_devices
U024175,2026-06-01,central,25-34,2,plus,mid,android,12,43.7,3.0,lang_c,1,,audio smart_devices
U024176,2026-06-01,west,50+,1,plus,entry,android,25,13.9,,lang_b,0,I0051 I0081 I0092,
U024177,2026-06-01,east,18-24,5,plus,mid,android,81,87.57,2.0,lang_c,1,I0163 I0172 I0175,
U024178,2026-06-01,north,50+,4,premium,mid,ios,39,173.35,4.0,lang_b,1,I0012,audio fitness
U024179,2026-06-01,central,18-24,3,premium,entry,android,58,157.32,2.0,lang_c,1,I0936,
U024180,2026-06-01,central,25-34,3,plus,entry,ios,59,59.41,3.0,lang_b,1,I0901 I0912 I0916 I0927 I0931 I0938,mobile_accessories travel_accessories
U024181,2026-06-01,coastal,50+,4,basic,mid,android,15,59.38,3.0,lang_c,1,I0259 I0264,
U024182,2026-06-01,east,50+,5,basic,mid,ios,16,40.84,4.0,lang_b,0,I0156 I0913,mobile_accessories travel_accessories
U024183,2026-06-01,coastal,50+,2,plus,mid,android,34,17.13,,lang_b,0,,garden wellness
U024184,2026-06-01,north,50+,3,basic,premium,android,60,20.97,3.0,lang_c,1,I0469 I0476,footwear home_care
U024185,2026-06-01,east,50+,3,basic,mid,android,19,69.63,3.0,lang_c,1,I0051,
U024186,2026-06-01,central,50+,2,basic,unknown,ios,74,73.76,2.0,lang_c,0,I0251,fitness footwear
U024187,2026-06-01,coastal,35-49,5,basic,premium,android,13,64.86,4.0,lang_a,1,,accessories outdoor
U024188,2026-06-01,coastal,35-49,2,basic,premium,android,35,55.3,3.0,lang_b,1,I0339 I0874,clothing local_experiences
U024189,2026-06-01,central,25-34,5,basic,premium,android,1,80.32,5.0,lang_c,0,,furnishings local_experiences
U024190,2026-06-01,central,50+,5,basic,entry,ios,3,131.72,,lang_c,1,I0210 I0226,
U024191,2026-06-01,south,50+,1,basic,entry,ios,33,64.58,1.0,lang_c,1,,computing connectivity
U024192,2026-06-01,east,25-34,1,premium,mid,android,13,89.57,,lang_b,1,I0560 I0573 I0588,computing gaming
U024193,2026-06-01,west,35-49,5,premium,mid,android,5,135.57,5.0,lang_a,1,,
U024194,2026-06-01,coastal,50+,5,basic,mid,android,73,35.33,3.0,lang_a,1,,
U024195,2026-06-01,west,50+,3,basic,mid,android,25,67.45,2.0,lang_c,0,,
U024196,2026-06-01,central,18-24,1,basic,mid,android,10,28.27,3.0,lang_c,1,I0342 I0548,
U024197,2026-06-01,west,35-49,5,basic,entry,android,41,29.12,4.0,lang_b,1,I0033 I0472 I0482 I0518,footwear furnishings
U024198,2026-06-01,east,35-49,3,basic,mid,android,31,24.25,2.0,lang_c,1,,connectivity smart_devices
U024199,2026-06-01,west,18-24,5,basic,entry,ios,81,47.73,3.0,lang_b,1,I0115 I0462 I0596 I0693,
U024200,2026-06-01,south,18-24,2,basic,entry,ios,77,116.42,,lang_b,1,I0119 I0971 I0987,audio furnishings
U024201,2026-06-01,south,25-34,4,premium,mid,android,78,17.46,2.0,lang_b,0,I0027 I0060 I0064,computing furnishings
U024202,2026-06-01,east,25-34,4,premium,mid,android,62,26.04,,lang_c,1,I0291,outdoor wellness
U024203,2026-06-01,west,25-34,1,basic,mid,android,36,24.49,3.0,lang_b,1,,audio gaming
U024204,2026-06-01,north,18-24,5,premium,mid,android,83,41.86,5.0,lang_b,0,I0854 I0860 I0864 I0881,computing outdoor
U024205,2026-06-01,central,25-34,3,basic,mid,android,46,11.11,4.0,lang_c,0,I0100,bags creative_hobbies
U024206,2026-06-01,south,35-49,2,basic,premium,android,43,84.24,3.0,lang_a,1,I0078 I0091 I0227 I0454 I0479 I0487,books footwear
U024207,2026-06-01,north,35-49,1,plus,mid,ios,54,47.62,2.0,lang_c,0,,
U024208,2026-06-01,south,35-49,2,premium,mid,android,21,34.53,4.0,lang_c,0,I0184,
U024209,2026-06-01,north,35-49,2,plus,premium,ios,69,174.16,4.0,lang_c,0,,
U024210,2026-06-01,coastal,35-49,3,basic,mid,android,28,142.44,2.0,lang_b,1,,
U024211,2026-06-01,east,35-49,4,basic,mid,android,36,61.13,3.0,lang_c,1,I0301 I0523,
U024212,2026-06-01,north,18-24,5,basic,mid,android,66,205.16,3.0,lang_b,1,,
U024213,2026-06-01,central,25-34,5,basic,entry,android,40,123.15,4.0,lang_a,1,I0054,
U024214,2026-06-01,coastal,35-49,2,basic,entry,android,28,63.77,3.0,lang_a,0,,audio outdoor
U024215,2026-06-01,central,18-24,3,premium,mid,android,24,97.22,2.0,lang_a,1,,
U024216,2026-06-01,north,35-49,4,basic,entry,android,69,74.29,4.0,lang_c,0,I0257 I0273 I0294,creative_hobbies furnishings
U024217,2026-06-01,west,50+,2,basic,mid,android,6,146.1,3.0,lang_a,1,,
U024218,2026-06-01,west,18-24,2,basic,mid,android,67,14.61,,lang_a,1,,fitness travel_accessories
U024219,2026-06-01,central,35-49,2,basic,mid,ios,83,36.63,2.0,lang_b,1,I0123 I0131 I0140,connectivity mobile_accessories
U024220,2026-06-01,central,18-24,4,basic,mid,android,72,52.58,4.0,lang_b,1,,
U024221,2026-06-01,central,35-49,2,basic,premium,ios,37,122.86,2.0,lang_a,1,I0010 I0015 I0016 I0025 I0065,audio furnishings
U024222,2026-06-01,coastal,25-34,2,premium,mid,ios,15,175.68,4.0,lang_b,1,I0139 I0308 I0331 I0338 I0566 I0670 I0683 I0686 I0689,gaming smart_devices
U024223,2026-06-01,south,18-24,2,basic,mid,android,59,67.19,2.0,lang_b,0,I0468 I0494,clothing footwear
U024224,2026-06-01,west,35-49,1,basic,premium,ios,35,71.13,3.0,lang_b,0,I0663 I0667 I0668 I0691,gaming streaming
U024225,2026-06-01,west,50+,3,basic,mid,android,53,71.2,4.0,lang_b,0,I0990,
U024226,2026-06-01,coastal,35-49,4,basic,entry,android,36,43.14,4.0,lang_b,1,I0169 I0183 I0269 I0288 I0518,smart_devices wellness
U024227,2026-06-01,central,50+,1,basic,mid,ios,23,63.77,3.0,lang_a,1,I0293 I0957 I0974,furnishings garden
U024228,2026-06-01,west,50+,1,basic,mid,android,16,,2.0,lang_a,1,I0092 I0203,mobile_accessories streaming
U024229,2026-06-01,east,25-34,1,basic,entry,android,67,66.51,2.0,lang_c,0,I0053 I0061 I0081 I0086 I0088 I0094,
U024230,2026-06-01,west,18-24,4,basic,premium,android,17,,2.0,lang_a,0,I0217,
U024231,2026-06-01,coastal,35-49,5,plus,mid,ios,83,365.34,3.0,lang_c,0,I0862 I0867 I0878,books garden
U024232,2026-06-01,north,18-24,4,basic,mid,ios,62,125.46,3.0,lang_c,0,I0150 I0322 I0326 I0692,
U024233,2026-06-01,north,35-49,2,plus,mid,android,40,7.99,4.0,lang_c,1,I0583,clothing fitness
U024234,2026-06-01,south,18-24,3,basic,mid,android,59,78.16,3.0,lang_a,0,I0910 I0946,computing connectivity
U024235,2026-06-01,north,25-34,3,plus,mid,android,38,35.94,2.0,lang_a,1,I0100 I0118 I0506 I0554 I0570 I0580 I0582 I0593 I0892,clothing kitchen
U024236,2026-06-01,coastal,35-49,4,plus,entry,android,53,61.85,,lang_c,0,,garden streaming
U024237,2026-06-01,south,50+,5,plus,premium,android,9,42.02,3.0,lang_c,0,,furnishings outdoor
U024238,2026-06-01,west,50+,4,basic,unknown,android,43,54.05,3.0,lang_a,0,I0123 I0460 I0878 I0937,smart_devices travel_accessories
U024239,2026-06-01,central,25-34,4,plus,entry,ios,51,,4.0,lang_c,1,,creative_hobbies outdoor
U024240,2026-06-01,west,35-49,3,basic,entry,ios,84,,5.0,lang_b,1,I0064 I0069 I0088,clothing furnishings
U024241,2026-06-01,east,25-34,3,basic,mid,android,3,116.97,4.0,lang_b,1,I0652 I0902 I0927,
U024242,2026-06-01,central,50+,1,basic,entry,ios,49,108.14,2.0,lang_c,1,I0223 I0670 I0684 I0686,delivery footwear
U024243,2026-06-01,central,18-24,4,plus,mid,android,4,58.87,3.0,lang_b,1,I0120 I0206 I0222 I0871,
U024244,2026-06-01,north,35-49,1,basic,mid,ios,51,85.59,3.0,lang_a,1,I0864 I0877 I0880 I0963 I0981,
U024245,2026-06-01,coastal,25-34,2,premium,entry,android,13,108.61,3.0,lang_c,1,I0122 I0123 I0129 I0500 I0515 I0549,clothing mobile_accessories
U024246,2026-06-01,coastal,25-34,2,basic,mid,android,8,41.99,3.0,lang_c,1,I0987,
U024247,2026-06-01,south,18-24,2,plus,entry,android,74,108.44,,lang_b,0,I0568 I0581 I0588,
U024248,2026-06-01,north,50+,2,basic,mid,android,19,80.36,4.0,lang_b,0,I0172 I0343,computing garden
U024249,2026-06-01,east,25-34,1,basic,premium,ios,16,52.96,3.0,lang_c,1,I0951 I0964,furnishings outdoor
U024250,2026-06-01,south,25-34,1,plus,mid,ios,29,54.9,3.0,lang_c,1,,clothing delivery
U024251,2026-06-01,coastal,50+,5,basic,premium,android,3,49.53,2.0,lang_b,1,I0662 I0669 I0685 I0686,delivery gaming
U024252,2026-06-01,east,25-34,2,basic,mid,android,9,49.04,3.0,lang_a,1,I0463 I0486 I0853,
U024253,2026-06-01,east,18-24,3,plus,mid,android,59,52.25,2.0,lang_a,1,,
U024254,2026-06-01,coastal,25-34,4,premium,entry,android,75,52.75,4.0,lang_c,0,I0114 I0118 I0121 I0282,
U024255,2026-06-01,south,18-24,1,basic,entry,android,76,41.57,1.0,lang_c,1,I0118 I0961 I0996,
U024256,2026-06-01,central,25-34,2,premium,mid,android,25,76.29,2.0,lang_b,1,,
U024257,2026-06-01,south,35-49,3,basic,entry,ios,26,75.7,3.0,lang_c,0,,
U024258,2026-06-01,coastal,50+,3,basic,entry,android,21,189.28,3.0,lang_a,0,,
U024259,2026-06-01,east,18-24,1,basic,mid,android,62,45.21,3.0,lang_c,0,I0531 I0663 I0921 I0927,
U024260,2026-06-01,coastal,50+,4,plus,entry,ios,16,91.23,2.0,lang_b,1,,
U024261,2026-06-01,south,50+,1,basic,entry,ios,28,145.21,,lang_b,1,I0152 I0174 I0546 I0553 I0868,garden smart_devices
U024262,2026-06-01,south,50+,1,premium,entry,ios,35,35.26,,lang_c,0,I0203,
U024263,2026-06-01,coastal,18-24,1,basic,premium,android,49,55.56,3.0,lang_a,0,,creative_hobbies fitness
U024264,2026-06-01,west,50+,1,basic,entry,android,76,37.18,3.0,lang_a,1,I0317 I0487 I0582,
U024265,2026-06-01,central,50+,2,basic,mid,ios,61,,1.0,lang_b,0,I0314 I0322,footwear travel_accessories
U024266,2026-06-01,central,25-34,2,basic,entry,android,22,,4.0,lang_b,1,,books connectivity
U024267,2026-06-01,north,50+,3,plus,entry,android,48,62.78,4.0,lang_c,1,I0016,audio computing
U024268,2026-06-01,south,25-34,4,basic,mid,android,55,,2.0,lang_c,1,I0286 I0523,home_care local_experiences
U024269,2026-06-01,coastal,50+,1,plus,entry,android,25,85.4,4.0,lang_a,1,,
U024270,2026-06-01,south,18-24,2,plus,entry,ios,6,94.99,3.0,lang_b,1,,
U024271,2026-06-01,central,18-24,4,plus,entry,ios,5,66.12,3.0,lang_c,1,,
U024272,2026-06-01,east,50+,3,plus,mid,android,75,173.16,3.0,lang_a,1,I0059,computing wellness
U024273,2026-06-01,east,18-24,2,basic,entry,android,68,46.72,,lang_c,1,I0549,audio bags
U024274,2026-06-01,north,18-24,5,plus,mid,android,82,65.8,,lang_a,1,I0213 I0235 I0574,
U024275,2026-06-01,east,50+,2,basic,premium,android,73,,2.0,lang_c,1,I0225 I0468 I0677,kitchen smart_devices
U024276,2026-06-01,coastal,50+,4,basic,unknown,android,71,50.87,3.0,lang_b,1,I0009 I0221,streaming travel_accessories
U024277,2026-06-01,north,18-24,1,basic,mid,android,52,16.54,3.0,lang_b,0,I0209 I0216 I0220 I0249,accessories learning
U024278,2026-06-01,central,18-24,2,basic,entry,ios,53,83.41,4.0,lang_a,1,,
U024279,2026-06-01,east,25-34,1,premium,mid,android,61,47.5,3.0,lang_a,1,I0927 I0928,fitness learning
U024280,2026-06-01,coastal,35-49,5,plus,mid,android,20,78.57,3.0,lang_a,1,I0300,garden travel_accessories
U024281,2026-06-01,north,18-24,2,basic,mid,android,41,121.19,2.0,lang_b,0,I0686,computing learning
U024282,2026-06-01,central,50+,3,basic,mid,ios,83,42.86,3.0,lang_a,1,I0677,furnishings smart_devices
U024283,2026-06-01,south,25-34,3,basic,mid,ios,25,71.42,3.0,lang_b,0,I0593 I0904,accessories smart_devices
U024284,2026-06-01,west,25-34,1,basic,entry,android,67,26.55,3.0,lang_a,1,,accessories creative_hobbies
U024285,2026-06-01,central,50+,4,basic,mid,android,26,158.65,3.0,lang_b,0,I0260,books streaming
U024286,2026-06-01,south,35-49,3,basic,premium,android,73,57.58,3.0,lang_c,1,I0060,home_care wellness
U024287,2026-06-01,east,18-24,4,basic,entry,android,31,27.19,3.0,lang_b,1,,audio mobile_accessories
U024288,2026-06-01,coastal,18-24,2,basic,mid,android,44,50.19,3.0,lang_c,1,I0061 I0065 I0072 I0075 I0076 I0082 I0502 I0536,computing learning
U024289,2026-06-01,coastal,35-49,4,basic,mid,ios,17,190.42,2.0,lang_a,1,,connectivity gaming
U024290,2026-06-01,west,18-24,2,plus,premium,ios,21,,4.0,lang_a,1,,fitness smart_devices
U024291,2026-06-01,coastal,25-34,5,basic,mid,android,84,70.59,2.0,lang_b,1,I0079,mobile_accessories smart_devices
U024292,2026-06-01,north,50+,5,basic,entry,android,46,59.62,4.0,lang_c,1,,
U024293,2026-06-01,north,50+,2,plus,mid,android,58,20.3,2.0,lang_b,1,I0114 I0856,
U024294,2026-06-01,south,50+,3,basic,mid,android,33,104.84,4.0,lang_c,1,I0268,
U024295,2026-06-01,north,35-49,2,premium,mid,android,70,113.46,3.0,lang_c,1,I0250 I0451,footwear learning
U024296,2026-06-01,coastal,35-49,4,basic,entry,ios,49,113.7,3.0,lang_c,1,I0063 I0071 I0073 I0075 I0139,computing creative_hobbies
U024297,2026-06-01,west,35-49,1,basic,mid,ios,41,70.82,2.0,lang_b,1,,delivery home_care
U024298,2026-06-01,east,18-24,3,plus,mid,android,31,95.74,2.0,lang_c,0,I0165 I0682,
U024299,2026-06-01,central,18-24,5,plus,premium,android,84,362.21,2.0,lang_b,1,I0057,
U024300,2026-06-01,north,18-24,2,plus,entry,ios,64,72.52,5.0,lang_b,0,I0042 I0143,
U024301,2026-06-01,north,35-49,5,premium,mid,ios,14,99.27,4.0,lang_b,1,I0163 I0940,
U024302,2026-06-01,east,35-49,5,plus,premium,android,53,,3.0,lang_a,1,,outdoor wellness
U024303,2026-06-01,south,35-49,3,basic,premium,android,14,89.76,2.0,lang_c,1,I0091 I0534,
U024304,2026-06-01,east,35-49,1,basic,mid,android,70,,3.0,lang_c,0,I0153 I0167,clothing mobile_accessories
U024305,2026-06-01,west,50+,1,plus,premium,ios,9,,5.0,lang_c,1,,footwear wellness
U024306,2026-06-01,north,18-24,5,plus,mid,android,64,66.39,2.0,lang_b,1,,
U024307,2026-06-01,north,25-34,2,basic,mid,ios,56,78.09,2.0,lang_c,1,I0256,audio fitness
U024308,2026-06-01,coastal,50+,5,basic,mid,android,76,44.42,3.0,lang_a,1,I0106 I0126 I0220 I0221 I0867 I0980,
U024309,2026-06-01,north,18-24,4,basic,entry,ios,31,83.3,2.0,lang_b,1,,books garden
U024310,2026-06-01,west,35-49,4,basic,entry,android,5,21.71,2.0,lang_a,0,I0206 I0208 I0217 I0247,
U024311,2026-06-01,west,18-24,1,basic,entry,android,72,85.46,3.0,lang_b,0,I0923,
U024312,2026-06-01,south,18-24,3,plus,mid,ios,12,59.67,,lang_a,1,I0868 I0893 I0906 I0958 I0971,
U024313,2026-06-01,central,35-49,3,basic,premium,ios,19,,,lang_b,0,I0200,outdoor travel_accessories
U024314,2026-06-01,central,50+,1,basic,entry,android,70,50.34,3.0,lang_c,1,I0467 I0483 I0862,
U024315,2026-06-01,coastal,50+,3,plus,premium,ios,49,61.17,4.0,lang_c,1,I0990,
U024316,2026-06-01,west,50+,3,plus,entry,ios,32,63.6,3.0,lang_c,1,I0058 I0071 I0212 I0213 I0229 I0232 I0307 I0332 I0337,computing garden
U024317,2026-06-01,east,35-49,4,basic,premium,android,22,81.62,,lang_a,1,I0183 I0210 I0227 I0558 I0564 I0856 I0889,garden outdoor
U024318,2026-06-01,central,25-34,5,basic,mid,android,7,72.88,3.0,lang_a,1,I0163 I0653 I0655 I0685,books connectivity
U024319,2026-06-01,north,18-24,4,basic,entry,android,76,84.72,3.0,lang_b,1,,connectivity garden
U024320,2026-06-01,central,50+,2,premium,entry,android,56,53.61,2.0,lang_b,0,,bags learning
U024321,2026-06-01,coastal,50+,3,plus,premium,android,47,259.03,4.0,lang_c,1,,
U024322,2026-06-01,south,50+,4,basic,mid,android,39,232.82,3.0,lang_c,1,I0503 I0518 I0938,
U024323,2026-06-01,coastal,25-34,4,plus,entry,ios,17,62.85,4.0,lang_b,0,I0175 I0189 I0889,
U024324,2026-06-01,south,35-49,5,basic,entry,android,32,82.36,3.0,lang_c,1,I0491,
U024325,2026-06-01,east,50+,2,plus,mid,ios,29,22.23,3.0,lang_a,0,I0259 I0289,bags furnishings
U024326,2026-06-01,central,25-34,3,basic,mid,android,21,88.92,2.0,lang_a,0,I0014 I0309 I0852 I0867 I0882,
U024327,2026-06-01,west,35-49,1,plus,entry,android,81,70.2,4.0,lang_a,1,,learning local_experiences
U024328,2026-06-01,south,50+,2,basic,premium,android,5,75.18,2.0,lang_a,1,,
U024329,2026-06-01,central,50+,4,plus,entry,ios,82,127.87,1.0,lang_b,0,I0855 I0864 I0919,
U024330,2026-06-01,central,25-34,4,basic,premium,android,30,72.29,2.0,lang_c,1,I0960 I0979,
U024331,2026-06-01,west,18-24,1,basic,mid,ios,21,22.98,2.0,lang_a,0,I0652,
U024332,2026-06-01,east,18-24,1,basic,premium,android,52,109.24,,lang_c,1,,
U024333,2026-06-01,south,50+,5,basic,entry,android,73,31.12,,lang_a,1,I0911 I0922 I0923,computing travel_accessories
U024334,2026-06-01,coastal,35-49,1,basic,mid,android,74,21.62,5.0,lang_a,1,I0250 I0252 I0474 I0493,clothing streaming
U024335,2026-06-01,central,18-24,1,basic,premium,ios,52,,2.0,lang_a,1,I0050 I0491 I0678 I0682,local_experiences streaming
U024336,2026-06-01,central,25-34,4,premium,unknown,android,36,83.5,,lang_a,1,I0662 I0677,
U024337,2026-06-01,north,25-34,5,plus,entry,android,44,148.95,4.0,lang_a,0,I0024 I0091 I0894,
U024338,2026-06-01,south,50+,5,premium,mid,android,72,106.86,1.0,lang_b,1,,connectivity wellness
U024339,2026-06-01,central,50+,3,basic,mid,ios,56,46.01,2.0,lang_c,0,,creative_hobbies footwear
U024340,2026-06-01,west,25-34,1,basic,entry,android,83,73.74,3.0,lang_b,1,I0087 I0480 I0487,clothing footwear
U024341,2026-06-01,west,35-49,2,plus,mid,android,13,89.78,3.0,lang_c,1,I0267 I0276 I0284 I0289 I0336 I0856 I0892,
U024342,2026-06-01,east,50+,4,basic,entry,android,10,,2.0,lang_b,1,I0025,
U024343,2026-06-01,coastal,50+,2,plus,entry,ios,79,90.33,4.0,lang_b,1,I0853,
U024344,2026-06-01,south,18-24,1,plus,entry,android,1,96.19,3.0,lang_a,1,I0659 I0687,connectivity wellness
U024345,2026-06-01,north,50+,1,basic,entry,android,48,51.72,3.0,lang_c,1,I0112,
U024346,2026-06-01,coastal,25-34,1,basic,entry,android,25,103.9,2.0,lang_c,1,,
U024347,2026-06-01,central,18-24,3,basic,premium,android,58,26.63,3.0,lang_c,1,I0237,
U024348,2026-06-01,coastal,35-49,5,basic,mid,ios,19,91.58,3.0,lang_a,1,,
U024349,2026-06-01,central,35-49,1,plus,entry,ios,77,182.0,4.0,lang_b,1,I0013 I0021,audio streaming
U024350,2026-06-01,central,35-49,3,basic,mid,ios,76,53.67,2.0,lang_a,1,,gaming travel_accessories
U024351,2026-06-01,central,18-24,5,plus,mid,android,21,75.42,4.0,lang_c,1,I0242 I0984 I0998,
U024352,2026-06-01,south,50+,5,plus,mid,android,4,86.92,2.0,lang_b,0,I0686 I0687,connectivity gaming
U024353,2026-06-01,coastal,35-49,4,plus,premium,ios,77,107.73,1.0,lang_c,1,I0016,
U024354,2026-06-01,west,35-49,4,basic,entry,ios,45,78.28,3.0,lang_a,1,I0043 I0130 I0207 I0259 I0272 I0277 I0278 I0663,books creative_hobbies
U024355,2026-06-01,west,35-49,5,basic,entry,android,69,80.53,3.0,lang_a,0,,
U024356,2026-06-01,central,50+,2,plus,mid,android,8,55.08,3.0,lang_a,0,I0851 I0893,kitchen streaming
U024357,2026-06-01,west,25-34,1,plus,entry,android,62,58.39,3.0,lang_a,1,I0201 I0213 I0228,fitness kitchen
U024358,2026-06-01,south,35-49,4,basic,mid,android,75,28.21,2.0,lang_b,0,,mobile_accessories wellness
U024359,2026-06-01,north,35-49,2,basic,premium,ios,32,34.17,5.0,lang_c,1,,
U024360,2026-06-01,south,25-34,1,basic,mid,android,81,353.5,4.0,lang_a,1,I0979 I0987,
U024361,2026-06-01,west,35-49,5,basic,mid,ios,46,106.56,1.0,lang_c,0,,audio streaming
U024362,2026-06-01,east,50+,1,plus,mid,android,78,49.63,2.0,lang_c,1,,books kitchen
U024363,2026-06-01,north,35-49,3,basic,entry,android,8,89.73,,lang_a,1,I0163 I0215,delivery learning
U024364,2026-06-01,west,50+,1,plus,mid,ios,16,60.02,3.0,lang_b,1,I0153 I0197 I0463 I0465 I0466 I0493 I0855 I0910 I0931,
U024365,2026-06-01,east,18-24,3,premium,premium,ios,12,345.64,2.0,lang_a,0,I0222 I0229 I0249,
U024366,2026-06-01,central,50+,4,basic,entry,ios,83,51.35,3.0,lang_b,0,,
U024367,2026-06-01,north,25-34,4,plus,mid,android,3,59.86,4.0,lang_c,1,I0261,gaming wellness
U024368,2026-06-01,north,50+,1,basic,premium,ios,50,119.17,5.0,lang_b,1,,gaming outdoor
U024369,2026-06-01,west,25-34,2,basic,mid,ios,43,152.73,4.0,lang_b,1,I0122 I0133,clothing computing
U024370,2026-06-01,central,50+,4,plus,premium,ios,60,10.51,,lang_c,1,I0041 I0055 I0061,furnishings smart_devices
U024371,2026-06-01,central,35-49,4,premium,premium,ios,28,21.61,3.0,lang_b,1,I0115 I0952,outdoor travel_accessories
U024372,2026-06-01,north,25-34,4,plus,unknown,ios,1,,5.0,lang_a,1,I0869 I0879,
U024373,2026-06-01,coastal,35-49,4,premium,mid,ios,4,52.2,3.0,lang_b,0,I0070 I0307,garden kitchen
U024374,2026-06-01,north,25-34,3,basic,entry,android,66,92.0,3.0,lang_b,1,I0502,
U024375,2026-06-01,east,50+,1,plus,mid,android,19,30.31,5.0,lang_b,1,I0961,computing footwear
U024376,2026-06-01,south,35-49,2,basic,mid,android,52,65.22,3.0,lang_a,0,I0866 I0867,outdoor smart_devices
U024377,2026-06-01,east,25-34,2,basic,mid,android,31,55.84,3.0,lang_b,0,,
U024378,2026-06-01,south,35-49,5,basic,entry,android,68,57.16,3.0,lang_b,1,,audio local_experiences
U024379,2026-06-01,north,25-34,2,plus,entry,ios,14,95.94,3.0,lang_b,1,,
U024380,2026-06-01,east,18-24,1,basic,mid,ios,19,75.94,2.0,lang_b,1,I0563 I0580 I0588 I0591,
U024381,2026-06-01,east,50+,3,premium,entry,android,54,115.37,3.0,lang_b,1,,garden travel_accessories
U024382,2026-06-01,coastal,25-34,4,basic,premium,android,6,36.54,,lang_a,1,,accessories home_care
U024383,2026-06-01,central,25-34,4,plus,premium,ios,33,48.46,4.0,lang_c,1,,
U024384,2026-06-01,north,35-49,1,basic,entry,android,70,43.16,2.0,lang_a,0,I0154 I0196,
U024385,2026-06-01,east,35-49,3,plus,entry,android,53,54.02,3.0,lang_b,1,I0100 I0119 I0882 I0891,learning mobile_accessories
U024386,2026-06-01,south,50+,3,basic,mid,android,65,83.14,3.0,lang_c,0,,streaming wellness
U024387,2026-06-01,south,18-24,1,basic,unknown,ios,78,129.79,3.0,lang_a,1,I0013 I0019 I0028,
U024388,2026-06-01,coastal,35-49,2,plus,mid,ios,10,312.92,2.0,lang_b,1,I0030 I0556 I0593,
U024389,2026-06-01,east,25-34,4,basic,entry,android,80,89.21,3.0,lang_a,1,I0100 I0116 I0306,clothing learning
U024390,2026-06-01,coastal,50+,2,basic,premium,ios,8,109.64,2.0,lang_b,1,,audio home_care
U024391,2026-06-01,central,25-34,3,premium,entry,android,48,64.49,3.0,lang_a,0,,
U024392,2026-06-01,north,18-24,2,basic,mid,ios,37,111.92,3.0,lang_c,1,I0322 I0587,creative_hobbies travel_accessories
U024393,2026-06-01,north,18-24,3,basic,entry,android,49,59.7,2.0,lang_b,1,,clothing mobile_accessories
U024394,2026-06-01,east,50+,2,premium,premium,android,82,28.01,3.0,lang_a,1,I0098 I0108 I0118 I0130,
U024395,2026-06-01,north,35-49,1,basic,premium,android,29,148.31,2.0,lang_b,0,I0903 I0906 I0920,delivery travel_accessories
U024396,2026-06-01,west,35-49,5,plus,entry,ios,11,46.25,3.0,lang_a,1,,
U024397,2026-06-01,west,18-24,5,basic,premium,ios,66,27.51,3.0,lang_b,1,,books creative_hobbies
U024398,2026-06-01,coastal,25-34,1,premium,premium,android,70,74.4,3.0,lang_c,1,I0907,
U024399,2026-06-01,east,18-24,2,basic,premium,ios,55,139.86,4.0,lang_c,1,I0652 I0682 I0686 I0693,gaming mobile_accessories
U024400,2026-06-01,south,18-24,2,basic,mid,ios,2,37.04,4.0,lang_b,1,,
U024401,2026-06-01,north,25-34,3,plus,mid,android,35,30.11,4.0,lang_a,0,,computing mobile_accessories
U024402,2026-06-01,central,18-24,5,premium,entry,android,15,48.72,4.0,lang_a,0,I0271 I0333 I0976 I0978,accessories clothing
U024403,2026-06-01,east,50+,1,plus,entry,ios,82,118.4,3.0,lang_c,1,I0168 I0866,
U024404,2026-06-01,central,50+,4,basic,mid,ios,60,35.86,,lang_b,1,,
U024405,2026-06-01,north,50+,4,basic,mid,ios,17,55.0,,lang_b,1,I0092 I0118 I0282 I0482 I0651 I0660 I0666 I0692 I0694 I0697,
U024406,2026-06-01,coastal,25-34,5,premium,unknown,android,27,,3.0,lang_b,1,,
U024407,2026-06-01,central,25-34,1,basic,mid,android,7,123.12,2.0,lang_c,0,,
U024408,2026-06-01,coastal,25-34,2,basic,premium,android,75,83.59,4.0,lang_b,0,,
U024409,2026-06-01,south,25-34,5,basic,mid,ios,53,24.18,1.0,lang_c,1,I0109,
U024410,2026-06-01,east,50+,4,plus,mid,android,44,44.8,3.0,lang_c,1,I0051 I0061 I0078 I0080 I0090 I0114 I0284 I0471,
U024411,2026-06-01,coastal,18-24,2,basic,mid,android,51,,5.0,lang_a,0,,
U024412,2026-06-01,north,50+,4,basic,mid,android,43,134.5,4.0,lang_b,1,I0049,audio local_experiences
U024413,2026-06-01,west,50+,2,basic,entry,android,19,22.65,4.0,lang_c,1,I0222,creative_hobbies outdoor
U024414,2026-06-01,coastal,50+,1,premium,mid,android,72,270.55,1.0,lang_b,0,I0264 I0569,bags wellness
U024415,2026-06-01,coastal,50+,5,plus,premium,ios,37,,5.0,lang_a,0,,
U024416,2026-06-01,west,50+,4,basic,entry,android,43,86.94,5.0,lang_b,0,I0218 I0224 I0243,
U024417,2026-06-01,coastal,35-49,1,basic,mid,android,43,40.5,3.0,lang_b,1,I0018 I0036,books wellness
U024418,2026-06-01,west,25-34,2,plus,premium,ios,20,77.92,3.0,lang_b,1,I0131 I0137 I0233 I0234,accessories connectivity
U024419,2026-06-01,north,25-34,5,plus,mid,android,57,242.67,3.0,lang_c,0,,footwear home_care
U024420,2026-06-01,south,25-34,2,plus,mid,android,70,28.7,3.0,lang_c,1,,
U024421,2026-06-01,south,18-24,4,basic,mid,android,34,32.7,3.0,lang_c,1,I0562 I0958 I0966 I0978 I0987,
U024422,2026-06-01,east,18-24,5,basic,mid,ios,52,108.12,2.0,lang_b,0,,
U024423,2026-06-01,central,18-24,1,premium,premium,android,70,108.62,2.0,lang_c,0,I0513,
U024424,2026-06-01,north,25-34,4,basic,premium,android,66,89.92,,lang_c,0,I0931,
U024425,2026-06-01,east,35-49,4,basic,premium,android,14,15.95,3.0,lang_a,1,I0562,
U024426,2026-06-01,central,50+,3,basic,mid,android,6,37.25,1.0,lang_c,1,I0939,footwear learning
U024427,2026-06-01,central,50+,5,basic,entry,android,1,222.25,1.0,lang_b,1,,
U024428,2026-06-01,central,50+,1,basic,mid,ios,49,92.63,2.0,lang_b,0,,home_care mobile_accessories
U024429,2026-06-01,south,50+,1,plus,entry,ios,74,21.84,4.0,lang_a,0,I0455 I0513 I0527 I0545,
U024430,2026-06-01,east,50+,1,basic,entry,ios,68,49.87,2.0,lang_c,1,I0112 I0225 I0505 I0513 I0518 I0581 I0927 I0974,kitchen wellness
U024431,2026-06-01,central,25-34,2,premium,premium,ios,3,,5.0,lang_b,1,,garden mobile_accessories
U024432,2026-06-01,north,25-34,1,premium,mid,ios,81,103.81,3.0,lang_a,0,,
U024433,2026-06-01,west,18-24,1,basic,entry,android,83,94.56,3.0,lang_c,1,I0464,
U024434,2026-06-01,west,18-24,3,basic,entry,android,6,48.4,3.0,lang_a,1,I0153 I0172 I0196,
U024435,2026-06-01,west,25-34,4,basic,mid,android,43,36.46,,lang_a,0,,clothing footwear
U024436,2026-06-01,central,50+,5,plus,mid,ios,12,17.48,4.0,lang_a,0,I0238 I0902 I0916 I0920,computing kitchen
U024437,2026-06-01,coastal,50+,5,basic,mid,android,49,53.02,4.0,lang_b,1,I0482 I0853 I0862 I0864 I0886 I0889,learning streaming
U024438,2026-06-01,west,35-49,2,basic,entry,android,81,74.71,4.0,lang_a,0,I0228,accessories fitness
U024439,2026-06-01,central,25-34,5,basic,premium,android,69,108.64,3.0,lang_b,1,,
U024440,2026-06-01,coastal,35-49,4,basic,entry,android,53,36.7,4.0,lang_a,1,,
U024441,2026-06-01,east,35-49,2,basic,mid,android,9,35.2,3.0,lang_c,0,I0127 I0889 I0917,clothing mobile_accessories
U024442,2026-06-01,coastal,50+,2,plus,mid,ios,38,50.16,3.0,lang_c,1,I0556 I0568,
U024443,2026-06-01,east,50+,5,basic,mid,android,65,67.56,2.0,lang_a,1,I0051 I0106 I0129,accessories mobile_accessories
U024444,2026-06-01,coastal,25-34,2,basic,mid,ios,72,12.04,2.0,lang_a,1,,
U024445,2026-06-01,central,25-34,2,plus,mid,android,60,164.76,4.0,lang_c,1,I0089,
U024446,2026-06-01,east,50+,5,basic,unknown,ios,62,116.03,5.0,lang_c,1,I0878 I0921,clothing smart_devices
U024447,2026-06-01,east,25-34,3,premium,entry,android,45,80.95,3.0,lang_c,1,I0228,furnishings travel_accessories
U024448,2026-06-01,east,50+,2,basic,entry,android,27,25.43,2.0,lang_c,1,I0267 I0270 I0291 I0296 I0531 I0983,fitness smart_devices
U024449,2026-06-01,east,35-49,5,basic,mid,ios,40,95.11,3.0,lang_b,0,,connectivity wellness
U024450,2026-06-01,north,35-49,2,plus,entry,android,63,55.66,2.0,lang_c,1,,kitchen smart_devices
U024451,2026-06-01,south,35-49,1,basic,mid,ios,47,107.56,4.0,lang_a,1,I0022 I0308,accessories garden
U024452,2026-06-01,central,35-49,2,basic,entry,android,76,24.48,1.0,lang_c,1,,
U024453,2026-06-01,west,18-24,4,plus,mid,android,22,98.68,3.0,lang_a,0,,
U024454,2026-06-01,west,50+,5,plus,premium,android,75,132.74,3.0,lang_a,0,I0263,local_experiences streaming
U024455,2026-06-01,west,35-49,4,plus,unknown,android,84,117.42,4.0,lang_b,0,,
U024456,2026-06-01,north,35-49,3,plus,entry,ios,18,43.03,2.0,lang_b,0,I0505 I0882,
U024457,2026-06-01,central,18-24,4,basic,mid,android,42,61.13,3.0,lang_c,1,I0153 I0172 I0182 I0456 I0465 I0466 I0692,
U024458,2026-06-01,east,35-49,2,plus,mid,android,62,29.97,3.0,lang_a,1,I0051 I0055 I0078 I0079 I0085,computing home_care
U024459,2026-06-01,south,50+,1,premium,entry,ios,26,60.9,3.0,lang_b,1,I0852 I0880 I0889,delivery outdoor
U024460,2026-06-01,north,35-49,1,plus,entry,ios,21,35.6,1.0,lang_a,1,,creative_hobbies garden
U024461,2026-06-01,south,25-34,4,premium,mid,android,38,119.15,4.0,lang_c,1,I0071 I0518,
U024462,2026-06-01,east,50+,1,basic,entry,android,78,107.04,4.0,lang_c,0,,
U024463,2026-06-01,west,25-34,5,basic,entry,android,61,,4.0,lang_b,0,I0088 I0123 I0148 I0871,home_care mobile_accessories
U024464,2026-06-01,west,18-24,5,basic,premium,android,36,15.14,4.0,lang_b,1,,books travel_accessories
U024465,2026-06-01,north,18-24,3,premium,mid,android,19,107.08,4.0,lang_b,1,I0121 I0854 I0923,
U024466,2026-06-01,west,50+,2,basic,premium,android,37,162.31,5.0,lang_b,0,I0066 I0566 I0567 I0588 I0594 I0957 I0967 I0969 I0972,fitness mobile_accessories
U024467,2026-06-01,central,18-24,4,plus,unknown,ios,17,39.31,3.0,lang_b,0,I0955,books learning
U024468,2026-06-01,west,18-24,1,basic,mid,android,51,57.57,,lang_b,1,I0513,delivery kitchen
U024469,2026-06-01,east,35-49,2,plus,entry,android,44,99.87,4.0,lang_a,1,I0663,furnishings gaming
U024470,2026-06-01,south,35-49,1,basic,mid,android,20,41.87,4.0,lang_b,1,,
U024471,2026-06-01,north,50+,4,basic,entry,android,8,70.83,,lang_a,1,I0566 I0954,
U024472,2026-06-01,east,50+,4,plus,entry,android,78,25.27,4.0,lang_c,1,,
U024473,2026-06-01,west,25-34,4,premium,mid,ios,10,114.87,3.0,lang_c,1,I0958,streaming wellness
U024474,2026-06-01,south,35-49,4,plus,mid,android,38,102.5,5.0,lang_a,1,,creative_hobbies fitness
U024475,2026-06-01,north,25-34,1,basic,mid,ios,14,74.35,1.0,lang_c,1,,footwear learning
U024476,2026-06-01,east,18-24,3,premium,entry,ios,8,136.88,4.0,lang_c,0,I0157 I0892,garden local_experiences
U024477,2026-06-01,coastal,35-49,1,premium,premium,android,7,67.09,3.0,lang_b,1,I0912,outdoor travel_accessories
U024478,2026-06-01,coastal,18-24,1,premium,unknown,android,65,106.47,4.0,lang_b,1,I0307 I0333,garden wellness
U024479,2026-06-01,north,50+,4,basic,premium,android,44,93.14,2.0,lang_b,0,I0141,clothing mobile_accessories
U024480,2026-06-01,west,18-24,4,basic,entry,android,11,33.04,5.0,lang_b,0,I0325,clothing garden
U024481,2026-06-01,south,35-49,5,basic,mid,ios,36,29.09,2.0,lang_b,1,I0906,smart_devices travel_accessories
U024482,2026-06-01,east,18-24,3,premium,mid,ios,25,29.83,4.0,lang_c,0,I0225 I0503 I0512,bags outdoor
U024483,2026-06-01,east,18-24,1,basic,mid,android,50,,3.0,lang_b,1,,creative_hobbies delivery
U024484,2026-06-01,east,18-24,3,basic,entry,android,57,47.44,3.0,lang_c,1,,clothing connectivity
U024485,2026-06-01,west,18-24,4,basic,mid,android,7,96.16,2.0,lang_a,0,I0340 I0904,delivery home_care
U024486,2026-06-01,east,25-34,3,basic,mid,android,23,156.22,3.0,lang_b,0,I0518,bags fitness
U024487,2026-06-01,south,18-24,4,plus,entry,android,83,108.75,2.0,lang_b,0,I0453 I0875,learning outdoor
U024488,2026-06-01,north,35-49,1,basic,premium,android,70,60.46,3.0,lang_a,1,I0007 I0543 I0594 I0930,audio creative_hobbies
U024489,2026-06-01,south,18-24,4,basic,entry,android,15,165.84,3.0,lang_b,0,I0977,
U024490,2026-06-01,east,50+,2,plus,mid,android,29,,3.0,lang_c,0,I0969 I0978,
U024491,2026-06-01,central,50+,4,plus,mid,android,64,83.27,2.0,lang_b,1,I0066 I0337 I0551 I0556 I0582 I0586 I0593 I0663 I0667 I0679,accessories creative_hobbies
U024492,2026-06-01,coastal,50+,4,basic,premium,android,23,44.05,3.0,lang_b,1,,
U024493,2026-06-01,coastal,18-24,3,basic,mid,android,21,42.58,,lang_c,0,I0037 I0697,home_care learning
U024494,2026-06-01,coastal,18-24,3,basic,premium,android,12,118.31,3.0,lang_c,0,,footwear home_care
U024495,2026-06-01,north,50+,3,premium,mid,android,77,24.72,4.0,lang_a,1,I0121 I0139 I0687 I0694,learning mobile_accessories
U024496,2026-06-01,central,18-24,3,basic,mid,android,54,55.1,,lang_c,0,I0293,fitness local_experiences
U024497,2026-06-01,south,25-34,5,basic,premium,android,5,53.92,2.0,lang_b,1,,fitness smart_devices
U024498,2026-06-01,west,18-24,3,plus,entry,android,11,92.04,2.0,lang_b,0,I0166 I0222 I0223 I0225 I0232 I0234 I0526 I0543 I0981,home_care kitchen
U024499,2026-06-01,east,18-24,1,plus,premium,ios,7,117.73,,lang_b,0,,learning wellness
U024500,2026-06-01,central,50+,5,plus,premium,ios,1,73.57,3.0,lang_b,0,,fitness furnishings
U024501,2026-06-01,central,18-24,4,plus,mid,android,28,98.37,3.0,lang_b,1,,furnishings mobile_accessories
U024502,2026-06-01,central,50+,2,basic,mid,ios,55,34.09,3.0,lang_c,0,I0062 I0491,clothing fitness
U024503,2026-06-01,west,35-49,5,premium,unknown,android,40,32.27,4.0,lang_a,0,I0519 I0532 I0535 I0859 I0943,bags connectivity
U024504,2026-06-01,west,35-49,3,plus,entry,ios,46,32.85,,lang_b,1,,
U024505,2026-06-01,north,25-34,5,basic,mid,android,15,169.53,4.0,lang_a,1,I0066 I0093,connectivity delivery
U024506,2026-06-01,coastal,50+,5,plus,unknown,android,69,23.81,2.0,lang_b,0,I0985,computing connectivity
U024507,2026-06-01,west,50+,5,plus,mid,ios,31,16.84,4.0,lang_b,1,,bags delivery
U024508,2026-06-01,north,50+,2,plus,mid,ios,44,33.09,3.0,lang_b,1,,
U024509,2026-06-01,north,50+,3,basic,mid,android,21,61.53,3.0,lang_a,0,,kitchen travel_accessories
U024510,2026-06-01,south,50+,5,plus,premium,android,67,28.85,2.0,lang_a,1,,delivery mobile_accessories
U024511,2026-06-01,north,25-34,4,plus,mid,android,74,87.35,3.0,lang_c,1,I0071,clothing computing
U024512,2026-06-01,north,25-34,4,basic,entry,ios,13,83.0,3.0,lang_c,0,I0922,bags clothing
U024513,2026-06-01,coastal,35-49,3,basic,premium,ios,78,,3.0,lang_b,0,,delivery furnishings
U024514,2026-06-01,south,25-34,2,plus,entry,ios,79,171.19,,lang_b,1,,gaming smart_devices
U024515,2026-06-01,west,50+,1,basic,mid,android,31,160.69,,lang_c,0,I0557 I0589 I0905 I0933 I0934 I0936 I0939,
U024516,2026-06-01,north,35-49,2,plus,entry,android,63,49.85,3.0,lang_c,1,I0530,fitness streaming
U024517,2026-06-01,north,25-34,1,plus,entry,android,18,,4.0,lang_c,1,,bags creative_hobbies
U024518,2026-06-01,east,25-34,4,plus,unknown,ios,58,32.03,3.0,lang_c,1,I0208,books connectivity
U024519,2026-06-01,coastal,35-49,3,basic,premium,android,13,56.3,4.0,lang_c,1,,creative_hobbies smart_devices
U024520,2026-06-01,central,25-34,3,premium,premium,ios,11,67.06,4.0,lang_c,0,,
U024521,2026-06-01,coastal,18-24,3,plus,premium,android,72,127.09,3.0,lang_a,1,I0090 I0223 I0934,creative_hobbies fitness
U024522,2026-06-01,north,50+,3,plus,entry,android,34,51.66,4.0,lang_b,0,I0856,
U024523,2026-06-01,west,18-24,1,basic,mid,android,12,77.54,3.0,lang_a,0,I0556,accessories connectivity
U024524,2026-06-01,south,18-24,4,plus,mid,android,6,54.87,3.0,lang_a,0,I0135,
U024525,2026-06-01,west,25-34,5,plus,entry,android,51,118.14,4.0,lang_a,0,I0469 I0566 I0872,
U024526,2026-06-01,central,50+,3,premium,mid,android,60,71.47,4.0,lang_b,0,I0168 I0212 I0925,furnishings travel_accessories
U024527,2026-06-01,south,18-24,2,basic,entry,android,19,90.34,2.0,lang_c,0,I0255 I0257 I0286,clothing learning
U024528,2026-06-01,east,18-24,4,basic,premium,android,6,32.52,5.0,lang_b,1,I0864 I0889,
U024529,2026-06-01,central,50+,4,plus,entry,android,43,113.48,3.0,lang_b,1,I0294 I0554,
U024530,2026-06-01,coastal,50+,1,plus,mid,android,18,46.21,4.0,lang_a,1,,
U024531,2026-06-01,north,25-34,1,plus,entry,ios,10,12.11,4.0,lang_a,0,I0000 I0040 I0312 I0509 I0518,
U024532,2026-06-01,east,50+,5,plus,mid,android,15,35.67,2.0,lang_c,0,,learning wellness
U024533,2026-06-01,west,35-49,2,plus,mid,ios,34,40.73,2.0,lang_c,0,,
U024534,2026-06-01,east,18-24,1,basic,mid,ios,55,21.36,,lang_b,1,I0859,
U024535,2026-06-01,central,35-49,4,basic,entry,android,64,70.57,1.0,lang_c,1,,bags mobile_accessories
U024536,2026-06-01,west,35-49,2,plus,premium,android,3,195.74,2.0,lang_c,1,,
U024537,2026-06-01,north,25-34,1,basic,entry,ios,47,31.23,3.0,lang_a,0,I0179 I0863 I0885,creative_hobbies kitchen
U024538,2026-06-01,north,50+,2,premium,mid,android,34,65.92,2.0,lang_c,1,I0290 I0556 I0570 I0586 I0590,audio bags
U024539,2026-06-01,central,18-24,3,plus,entry,android,2,58.22,1.0,lang_a,0,,
U024540,2026-06-01,north,50+,4,plus,premium,android,68,45.54,4.0,lang_a,0,,
U024541,2026-06-01,central,35-49,5,basic,mid,android,63,38.24,3.0,lang_b,1,I0157 I0187 I0966,clothing smart_devices
U024542,2026-06-01,east,18-24,2,plus,premium,android,15,60.5,3.0,lang_b,0,I0267,local_experiences streaming
U024543,2026-06-01,north,18-24,1,basic,mid,android,61,39.4,,lang_c,1,I0136 I0864,creative_hobbies mobile_accessories
U024544,2026-06-01,east,25-34,5,premium,entry,ios,62,68.04,2.0,lang_b,1,I0055 I0153 I0171 I0187 I0191,
U024545,2026-06-01,east,18-24,5,basic,mid,android,38,23.8,3.0,lang_c,1,I0937,books smart_devices
U024546,2026-06-01,north,18-24,1,basic,mid,ios,21,107.54,4.0,lang_a,1,I0264,
U024547,2026-06-01,coastal,25-34,3,basic,mid,android,59,69.11,2.0,lang_b,1,,
U024548,2026-06-01,east,50+,5,basic,entry,android,25,79.49,1.0,lang_c,1,,
U024549,2026-06-01,central,50+,1,basic,entry,ios,16,79.07,5.0,lang_b,0,,connectivity streaming
U024550,2026-06-01,south,50+,4,basic,mid,ios,10,33.72,2.0,lang_a,0,,connectivity outdoor
U024551,2026-06-01,coastal,18-24,2,basic,mid,ios,60,155.59,4.0,lang_b,0,I0262 I0268,
U024552,2026-06-01,north,18-24,5,basic,entry,android,61,38.28,4.0,lang_a,1,I0021 I0305 I0318 I0331 I0337,
U024553,2026-06-01,east,18-24,1,plus,entry,android,21,46.86,3.0,lang_b,1,I0172 I0210 I0211 I0242,footwear kitchen
U024554,2026-06-01,central,18-24,3,basic,mid,ios,65,,,lang_b,0,I0469,
U024555,2026-06-01,east,50+,4,premium,premium,android,55,33.22,3.0,lang_c,1,I0082 I0672 I0942,
U024556,2026-06-01,east,50+,2,premium,mid,ios,72,60.06,4.0,lang_b,0,I0052 I0057 I0061 I0064,computing mobile_accessories
U024557,2026-06-01,south,50+,3,basic,premium,android,47,68.46,4.0,lang_c,1,I0257 I0288,furnishings gaming
U024558,2026-06-01,coastal,35-49,2,plus,mid,android,55,91.18,2.0,lang_a,1,I0067 I0677 I0678 I0692,
U024559,2026-06-01,east,18-24,1,basic,premium,android,35,22.99,1.0,lang_c,0,,home_care learning
U024560,2026-06-01,east,25-34,1,premium,entry,android,19,43.78,3.0,lang_b,0,I0312 I0318 I0325,
U024561,2026-06-01,north,35-49,2,basic,premium,android,19,,2.0,lang_c,0,I0052 I0085,books footwear
U024562,2026-06-01,east,35-49,3,basic,mid,android,73,116.46,2.0,lang_a,0,,computing delivery
U024563,2026-06-01,west,35-49,2,plus,premium,android,23,139.89,3.0,lang_a,1,I0291 I0498,
U024564,2026-06-01,east,50+,4,plus,entry,android,59,34.91,,lang_b,0,,connectivity outdoor
U024565,2026-06-01,north,18-24,3,basic,mid,android,46,39.48,3.0,lang_b,1,,
U024566,2026-06-01,coastal,25-34,4,basic,mid,ios,44,60.25,3.0,lang_c,1,,footwear furnishings
U024567,2026-06-01,east,50+,4,basic,premium,ios,2,195.34,4.0,lang_c,0,,
U024568,2026-06-01,central,35-49,1,plus,mid,ios,43,89.16,4.0,lang_c,0,,accessories smart_devices
U024569,2026-06-01,east,18-24,5,basic,premium,android,52,70.56,4.0,lang_a,1,I0134,books learning
U024570,2026-06-01,central,50+,2,premium,entry,android,27,85.14,2.0,lang_c,0,I0660,footwear furnishings
U024571,2026-06-01,central,25-34,1,basic,entry,ios,28,178.51,,lang_a,1,,
U024572,2026-06-01,coastal,50+,2,premium,entry,ios,28,25.04,4.0,lang_a,1,,
U024573,2026-06-01,south,50+,3,basic,mid,ios,56,,3.0,lang_a,0,I0294,fitness local_experiences
U024574,2026-06-01,coastal,50+,3,basic,mid,android,70,66.3,2.0,lang_b,1,I0881,connectivity smart_devices
U024575,2026-06-01,coastal,25-34,1,plus,mid,android,13,6.68,2.0,lang_a,0,I0509,connectivity learning
U024576,2026-06-01,west,35-49,2,plus,mid,ios,58,181.75,3.0,lang_c,1,I0312,
U024577,2026-06-01,east,35-49,3,basic,premium,android,65,36.49,3.0,lang_a,1,I0202 I0462 I0482 I0490 I0662 I0676,
U024578,2026-06-01,east,50+,4,basic,unknown,ios,76,132.26,4.0,lang_a,1,I0083 I0537,travel_accessories wellness
U024579,2026-06-01,coastal,25-34,2,plus,mid,android,16,72.47,4.0,lang_a,0,I0452 I0460,clothing footwear
U024580,2026-06-01,north,50+,5,basic,mid,ios,72,36.82,3.0,lang_b,1,,audio local_experiences
U024581,2026-06-01,south,25-34,5,basic,mid,ios,15,73.0,4.0,lang_a,0,,
U024582,2026-06-01,south,25-34,2,basic,mid,android,84,62.48,5.0,lang_a,1,I0112 I0867,connectivity home_care
U024583,2026-06-01,south,25-34,2,plus,mid,ios,11,223.33,2.0,lang_c,1,I0189,audio smart_devices
U024584,2026-06-01,west,50+,3,plus,entry,android,65,142.51,4.0,lang_b,0,I0850,kitchen streaming
U024585,2026-06-01,central,25-34,4,plus,entry,ios,49,104.69,4.0,lang_a,1,I0159 I0454,local_experiences wellness
U024586,2026-06-01,south,18-24,4,basic,premium,android,78,35.21,3.0,lang_a,1,I0181,
U024587,2026-06-01,south,18-24,3,basic,premium,android,4,22.32,3.0,lang_b,1,I0906 I0926 I0942,furnishings travel_accessories
U024588,2026-06-01,central,35-49,2,basic,unknown,android,53,149.46,1.0,lang_a,1,I0660 I0679 I0682,
U024589,2026-06-01,central,35-49,4,basic,entry,ios,76,36.37,2.0,lang_b,0,,
U024590,2026-06-01,central,50+,4,plus,premium,android,66,71.87,3.0,lang_c,1,I0286 I0537 I0669 I0911 I0927,computing fitness
U024591,2026-06-01,central,35-49,3,plus,entry,android,18,83.23,4.0,lang_b,1,,creative_hobbies furnishings
U024592,2026-06-01,south,50+,3,plus,mid,android,16,223.41,3.0,lang_c,1,I0687,
U024593,2026-06-01,north,18-24,1,basic,mid,android,12,35.22,3.0,lang_b,1,,
U024594,2026-06-01,north,18-24,2,basic,premium,android,22,83.33,3.0,lang_c,0,I0227 I0533 I0551,gaming wellness
U024595,2026-06-01,west,35-49,4,basic,premium,android,83,95.17,1.0,lang_a,1,I0037,audio streaming
U024596,2026-06-01,south,25-34,4,plus,premium,ios,63,94.73,3.0,lang_a,0,I0036 I0281 I0873 I0887 I0895 I0900 I0902 I0913 I0917 I0951,furnishings garden
U024597,2026-06-01,north,35-49,5,plus,mid,android,78,32.12,2.0,lang_b,1,I0525,computing wellness
U024598,2026-06-01,coastal,25-34,1,basic,mid,android,54,104.26,3.0,lang_c,0,I0001 I0033 I0112 I0138 I0142 I0477 I0490 I0555,
U024599,2026-06-01,south,50+,3,basic,mid,android,78,48.4,3.0,lang_b,0,I0027 I0203 I0531 I0536,
U024600,2026-06-01,north,25-34,4,basic,entry,android,71,87.99,4.0,lang_a,1,I0119 I0232 I0322 I0906,computing kitchen
U024601,2026-06-01,central,18-24,5,plus,mid,android,83,32.06,4.0,lang_a,1,I0453 I0455,accessories smart_devices
U024602,2026-06-01,north,50+,4,plus,mid,android,53,145.12,3.0,lang_a,1,,
U024603,2026-06-01,coastal,25-34,1,basic,mid,ios,25,66.62,2.0,lang_c,0,I0172 I0677 I0856 I0867 I0883 I0894,
U024604,2026-06-01,coastal,35-49,1,premium,entry,android,41,41.23,4.0,lang_c,1,I0534,computing smart_devices
U024605,2026-06-01,north,35-49,5,basic,mid,android,23,59.87,3.0,lang_c,1,I0322 I0337 I0513 I0527 I0537,computing garden
U024606,2026-06-01,west,35-49,4,basic,premium,android,69,60.55,3.0,lang_b,1,I0328,mobile_accessories wellness
U024607,2026-06-01,central,25-34,3,basic,mid,ios,53,86.62,3.0,lang_b,1,I0052 I0177 I0927,connectivity smart_devices
U024608,2026-06-01,north,35-49,4,plus,premium,android,57,94.48,2.0,lang_a,0,I0069 I0072 I0075 I0142 I0322,
U024609,2026-06-01,north,35-49,5,plus,mid,ios,67,82.11,,lang_a,0,I0227 I0950 I0979,audio furnishings
U024610,2026-06-01,west,25-34,3,plus,unknown,android,11,104.78,3.0,lang_b,0,I0986 I0998,
U024611,2026-06-01,central,50+,4,plus,premium,android,51,58.58,3.0,lang_b,0,,
U024612,2026-06-01,north,50+,3,basic,mid,android,20,123.91,4.0,lang_b,1,,
U024613,2026-06-01,north,35-49,5,basic,premium,android,46,68.84,5.0,lang_a,1,I0046,connectivity gaming
U024614,2026-06-01,west,35-49,1,basic,mid,android,23,71.2,3.0,lang_c,0,I0020 I0028 I0106 I0119 I0123 I0510,audio books
U024615,2026-06-01,central,35-49,5,basic,premium,android,32,85.95,3.0,lang_c,1,I0059 I0573,
U024616,2026-06-01,coastal,18-24,1,plus,mid,ios,62,65.32,,lang_b,1,I0104 I0327 I0651,connectivity garden
U024617,2026-06-01,south,18-24,3,basic,mid,ios,62,123.07,3.0,lang_b,1,I0174 I0903,creative_hobbies travel_accessories
U024618,2026-06-01,south,35-49,1,basic,mid,android,1,51.51,3.0,lang_b,1,I0051 I0099,computing wellness
U024619,2026-06-01,south,50+,2,basic,mid,android,19,47.97,,lang_a,0,,
U024620,2026-06-01,east,35-49,1,basic,premium,android,34,37.13,3.0,lang_c,1,I0086,
U024621,2026-06-01,south,25-34,2,basic,entry,ios,76,16.04,4.0,lang_a,0,I0520 I0526 I0666,
U024622,2026-06-01,north,25-34,5,plus,premium,ios,79,31.87,4.0,lang_c,1,,delivery furnishings
U024623,2026-06-01,north,25-34,2,premium,unknown,android,38,20.57,4.0,lang_b,0,I0110 I0254 I0261 I0267 I0277 I0284 I0576 I0904 I0970,
U024624,2026-06-01,west,35-49,3,premium,premium,android,40,38.76,3.0,lang_a,0,I0183,furnishings gaming
U024625,2026-06-01,north,18-24,1,premium,entry,android,60,75.43,2.0,lang_b,1,I0568 I0856 I0904,accessories delivery
U024626,2026-06-01,west,18-24,2,basic,mid,android,7,39.65,4.0,lang_c,0,I0265 I0537,bags furnishings
U024627,2026-06-01,east,25-34,4,basic,mid,ios,70,81.27,3.0,lang_c,0,I0022,
U024628,2026-06-01,west,35-49,2,premium,mid,android,39,125.59,3.0,lang_c,1,I0242,accessories furnishings
U024629,2026-06-01,east,25-34,2,plus,entry,ios,48,36.65,,lang_a,1,I0676 I0693,fitness gaming
U024630,2026-06-01,coastal,25-34,2,basic,entry,android,12,37.98,2.0,lang_c,1,,creative_hobbies footwear
U024631,2026-06-01,north,50+,3,basic,premium,android,48,27.73,3.0,lang_b,0,,
U024632,2026-06-01,central,25-34,5,basic,entry,android,53,91.87,5.0,lang_a,1,,
U024633,2026-06-01,west,25-34,5,basic,premium,ios,77,112.58,4.0,lang_a,1,I0059 I0070,accessories garden
U024634,2026-06-01,east,25-34,3,basic,mid,android,48,64.63,2.0,lang_b,1,,fitness garden
U024635,2026-06-01,central,35-49,2,basic,premium,android,68,255.32,2.0,lang_b,1,I0016 I0275 I0288,furnishings garden
U024636,2026-06-01,north,25-34,3,basic,mid,ios,73,40.5,3.0,lang_c,1,,books local_experiences
U024637,2026-06-01,coastal,35-49,3,basic,premium,ios,80,40.83,,lang_a,1,I0001 I0002 I0003 I0007 I0033,
U024638,2026-06-01,central,18-24,1,plus,premium,ios,29,110.91,3.0,lang_a,0,,books connectivity
U024639,2026-06-01,coastal,18-24,1,basic,mid,ios,77,46.67,3.0,lang_c,1,I0038,
U024640,2026-06-01,central,18-24,3,basic,mid,android,28,159.31,3.0,lang_b,1,,computing fitness
U024641,2026-06-01,north,25-34,1,premium,mid,android,47,66.37,3.0,lang_c,1,I0655 I0697,gaming home_care
U024642,2026-06-01,west,50+,5,premium,entry,android,6,137.3,3.0,lang_c,0,,audio bags
U024643,2026-06-01,north,18-24,4,premium,mid,android,13,125.1,4.0,lang_b,1,,computing connectivity
U024644,2026-06-01,central,35-49,5,plus,entry,android,48,59.85,1.0,lang_b,1,I0686,garden learning
U024645,2026-06-01,north,25-34,5,basic,unknown,android,10,38.43,4.0,lang_b,1,,audio connectivity
U024646,2026-06-01,east,35-49,4,plus,mid,android,59,53.38,,lang_c,0,I0077 I0661,computing travel_accessories
U024647,2026-06-01,south,18-24,5,premium,premium,ios,14,231.74,1.0,lang_c,0,,
U024648,2026-06-01,east,35-49,5,plus,premium,ios,7,45.97,4.0,lang_c,0,I0004 I0331 I0556 I0557 I0569 I0572 I0583 I0584 I0591,
U024649,2026-06-01,north,25-34,2,basic,unknown,android,27,45.68,1.0,lang_c,1,I0480 I0481,footwear kitchen
U024650,2026-06-01,north,35-49,4,basic,mid,android,35,75.67,,lang_a,0,I0652 I0655 I0662 I0983,gaming wellness
U024651,2026-06-01,central,25-34,2,premium,entry,android,36,53.5,1.0,lang_c,0,,delivery fitness
U024652,2026-06-01,coastal,50+,4,basic,premium,android,77,88.61,3.0,lang_b,0,,delivery learning
U024653,2026-06-01,coastal,35-49,2,plus,premium,ios,84,22.94,4.0,lang_b,1,I0001 I0002 I0079 I0275 I0682 I0689,
U024654,2026-06-01,east,35-49,3,basic,mid,android,60,82.37,3.0,lang_a,0,I0039 I0274 I0494 I0939,fitness travel_accessories
U024655,2026-06-01,south,50+,2,basic,premium,ios,70,14.43,,lang_a,0,I0096 I0933,computing wellness
U024656,2026-06-01,central,25-34,4,basic,mid,ios,70,84.64,4.0,lang_a,1,I0074 I0203,computing streaming
U024657,2026-06-01,west,35-49,3,plus,unknown,ios,21,97.33,,lang_c,1,,computing local_experiences
U024658,2026-06-01,east,50+,2,basic,unknown,ios,17,25.42,,lang_a,1,,fitness streaming
U024659,2026-06-01,south,25-34,5,basic,mid,android,13,177.36,4.0,lang_c,1,,clothing learning
U024660,2026-06-01,west,18-24,4,basic,entry,ios,68,77.3,4.0,lang_c,1,I0236,
U024661,2026-06-01,coastal,35-49,1,plus,entry,android,53,,4.0,lang_a,1,I0018 I0282 I0290 I0453 I0482 I0483 I0494 I0940,clothing connectivity
U024662,2026-06-01,coastal,25-34,5,basic,premium,android,42,118.88,,lang_b,1,,bags smart_devices
U024663,2026-06-01,coastal,25-34,2,plus,entry,android,11,106.01,3.0,lang_c,0,I0241,
U024664,2026-06-01,central,35-49,5,plus,mid,ios,55,55.9,3.0,lang_a,0,I0318 I0343,
U024665,2026-06-01,east,18-24,3,plus,premium,ios,80,229.47,3.0,lang_b,1,I0218 I0222 I0227 I0512 I0514 I0882 I0892,furnishings travel_accessories
U024666,2026-06-01,east,25-34,3,plus,mid,android,17,96.8,4.0,lang_c,1,I0169 I0969 I0973,
U024667,2026-06-01,north,35-49,4,basic,mid,android,31,69.97,3.0,lang_c,1,I0202 I0283,
U024668,2026-06-01,coastal,25-34,1,basic,entry,ios,32,40.43,3.0,lang_b,1,I0253 I0257 I0259 I0262 I0268 I0276 I0292 I0952 I0965 I0971 I0980 I0981 I0985 I0986 I0987 I0988 I0996,audio fitness
U024669,2026-06-01,west,50+,3,basic,mid,ios,12,194.38,4.0,lang_c,0,,
U024670,2026-06-01,east,25-34,5,basic,unknown,android,41,112.87,3.0,lang_c,1,I0024 I0562 I0567 I0593,
U024671,2026-06-01,north,18-24,3,premium,entry,android,73,54.28,3.0,lang_c,1,,bags clothing
U024672,2026-06-01,coastal,25-34,5,plus,premium,android,83,89.58,2.0,lang_a,1,I0261 I0462 I0480 I0536 I0665 I0692 I0902 I0904 I0913 I0914 I0919 I0920 I0937,audio learning
U024673,2026-06-01,south,18-24,5,basic,premium,android,58,52.66,,lang_a,1,,creative_hobbies streaming
U024674,2026-06-01,west,18-24,4,basic,premium,android,83,,3.0,lang_b,1,,
U024675,2026-06-01,coastal,50+,4,basic,premium,ios,78,42.39,3.0,lang_c,0,I0937,
U024676,2026-06-01,west,18-24,1,basic,mid,android,46,211.17,2.0,lang_a,1,I0076 I0089 I0957 I0959 I0960 I0966 I0967 I0981 I0987,fitness learning
U024677,2026-06-01,north,18-24,4,basic,premium,ios,44,,2.0,lang_b,0,,
U024678,2026-06-01,coastal,25-34,2,premium,premium,android,59,48.02,1.0,lang_b,0,I0154 I0196 I0518,
U024679,2026-06-01,coastal,25-34,2,basic,mid,android,45,75.97,3.0,lang_a,1,I0917,garden travel_accessories
U024680,2026-06-01,south,25-34,1,plus,entry,android,42,204.31,,lang_c,1,I0517 I0659 I0877 I0883,
U024681,2026-06-01,coastal,35-49,2,plus,unknown,android,65,,3.0,lang_c,0,I0306 I0328 I0668 I0882,home_care travel_accessories
U024682,2026-06-01,south,35-49,3,basic,entry,android,39,45.27,4.0,lang_b,1,I0341,footwear garden
U024683,2026-06-01,coastal,18-24,5,plus,premium,ios,63,105.06,2.0,lang_b,1,,
U024684,2026-06-01,south,25-34,1,plus,entry,ios,5,,1.0,lang_c,1,I0865,
U024685,2026-06-01,coastal,35-49,2,basic,entry,android,77,40.07,3.0,lang_c,1,I0663 I0672,
U024686,2026-06-01,central,50+,3,premium,premium,android,25,34.39,3.0,lang_c,1,I0268 I0863 I0972 I0985,
U024687,2026-06-01,south,35-49,5,plus,premium,ios,6,123.01,2.0,lang_c,1,I0307 I0336,furnishings garden
U024688,2026-06-01,east,18-24,5,basic,entry,android,17,25.37,4.0,lang_b,0,I0538 I0542,
U024689,2026-06-01,central,18-24,1,basic,entry,android,68,34.52,3.0,lang_a,1,I0658 I0682,
U024690,2026-06-01,coastal,35-49,4,basic,premium,android,18,24.69,3.0,lang_a,0,I0124,
U024691,2026-06-01,east,35-49,1,basic,mid,ios,53,77.71,,lang_c,0,I0089 I0209 I0232 I0253 I0674 I0684,gaming kitchen
U024692,2026-06-01,central,35-49,1,plus,mid,android,26,186.06,1.0,lang_b,1,,footwear smart_devices
U024693,2026-06-01,west,50+,3,basic,unknown,ios,63,136.82,5.0,lang_a,1,,bags fitness
U024694,2026-06-01,north,18-24,1,basic,mid,ios,65,46.92,3.0,lang_b,0,,
U024695,2026-06-01,east,25-34,4,plus,mid,android,76,28.04,1.0,lang_c,0,I0650 I0667 I0679 I0905,bags learning
U024696,2026-06-01,east,25-34,5,plus,mid,android,55,208.23,2.0,lang_b,0,,footwear local_experiences
U024697,2026-06-01,east,18-24,2,plus,entry,android,47,26.66,3.0,lang_c,0,I0583 I0671,furnishings mobile_accessories
U024698,2026-06-01,north,25-34,5,basic,premium,android,35,,4.0,lang_a,1,,
U024699,2026-06-01,coastal,18-24,4,basic,mid,android,76,35.36,3.0,lang_c,1,I0269 I0292 I0293,
U024700,2026-06-01,north,50+,3,basic,entry,ios,60,48.1,2.0,lang_a,1,,books furnishings
U024701,2026-06-01,south,35-49,2,plus,mid,android,13,63.08,2.0,lang_c,1,,connectivity garden
U024702,2026-06-01,coastal,18-24,4,basic,mid,android,25,77.87,3.0,lang_c,1,I0858 I0873,kitchen local_experiences
U024703,2026-06-01,south,25-34,4,basic,mid,ios,60,44.65,,lang_b,1,I0240 I0322 I0863 I0907,audio garden
U024704,2026-06-01,east,25-34,2,basic,premium,ios,28,70.08,2.0,lang_c,1,I0880,
U024705,2026-06-01,east,18-24,2,premium,entry,android,43,70.75,4.0,lang_c,1,,furnishings kitchen
U024706,2026-06-01,north,18-24,4,plus,entry,android,16,30.62,3.0,lang_b,1,I0568 I0569,clothing wellness
U024707,2026-06-01,south,18-24,3,basic,mid,ios,66,48.33,3.0,lang_b,1,I0016 I0020 I0021 I0027 I0037 I0038 I0041,
U024708,2026-06-01,west,25-34,2,plus,mid,android,32,46.38,4.0,lang_a,1,I0855 I0862,footwear home_care
U024709,2026-06-01,central,25-34,4,basic,mid,android,45,88.01,3.0,lang_b,0,I0080,computing mobile_accessories
U024710,2026-06-01,south,50+,3,basic,mid,ios,73,62.14,3.0,lang_c,1,I0216 I0217,
U024711,2026-06-01,coastal,25-34,3,basic,entry,ios,30,,2.0,lang_c,0,I0071 I0150 I0859,
U024712,2026-06-01,west,25-34,1,plus,premium,android,82,82.9,4.0,lang_c,1,,
U024713,2026-06-01,central,25-34,4,premium,entry,ios,78,66.4,1.0,lang_c,1,I0277,
U024714,2026-06-01,north,18-24,4,basic,entry,android,63,52.86,1.0,lang_b,1,,bags home_care
U024715,2026-06-01,east,35-49,4,premium,entry,ios,30,44.71,3.0,lang_c,1,I0202 I0203 I0224 I0236 I0246,
U024716,2026-06-01,coastal,35-49,2,basic,mid,android,41,57.15,3.0,lang_c,1,I0183 I0259 I0856 I0880,furnishings wellness
U024717,2026-06-01,central,25-34,2,basic,mid,ios,33,19.6,3.0,lang_c,1,I0316 I0485 I0599 I0657 I0678 I0688,
U024718,2026-06-01,north,25-34,4,premium,premium,android,70,30.06,3.0,lang_b,1,,
U024719,2026-06-01,south,18-24,2,premium,unknown,ios,16,71.69,3.0,lang_c,0,I0051 I0052 I0054 I0157 I0176 I0187 I0193,computing outdoor
U024720,2026-06-01,south,18-24,2,basic,entry,android,81,126.14,2.0,lang_c,0,,
U024721,2026-06-01,coastal,35-49,1,plus,unknown,android,12,82.17,3.0,lang_b,1,I0135,bags learning
U024722,2026-06-01,east,18-24,5,plus,mid,ios,18,56.89,5.0,lang_a,1,,
U024723,2026-06-01,east,18-24,3,plus,premium,android,22,67.46,4.0,lang_c,1,,delivery garden
U024724,2026-06-01,west,25-34,2,plus,entry,android,20,30.14,4.0,lang_a,0,I0141 I0295 I0312 I0451 I0470 I0690,
U024725,2026-06-01,north,50+,3,basic,mid,android,75,76.77,3.0,lang_b,1,I0953 I0957 I0972 I0976 I0988,audio fitness
U024726,2026-06-01,north,50+,5,plus,mid,android,54,29.86,5.0,lang_c,0,I0281,
U024727,2026-06-01,west,35-49,2,premium,mid,ios,24,45.76,3.0,lang_b,0,I0257 I0260 I0261 I0262 I0277 I0278 I0281 I0284 I0286,
U024728,2026-06-01,east,25-34,1,basic,entry,ios,31,89.14,4.0,lang_b,0,,computing garden
U024729,2026-06-01,north,18-24,5,premium,premium,ios,60,86.09,4.0,lang_b,1,I0009,clothing connectivity
U024730,2026-06-01,west,25-34,2,premium,mid,ios,24,60.87,3.0,lang_b,1,,local_experiences wellness
U024731,2026-06-01,coastal,50+,5,basic,entry,android,71,42.79,1.0,lang_c,1,I0901 I0931 I0940 I0943 I0947,
U024732,2026-06-01,west,50+,4,plus,entry,ios,32,11.38,3.0,lang_b,0,I0951 I0968 I0987,fitness local_experiences
U024733,2026-06-01,coastal,35-49,3,basic,entry,android,28,23.08,,lang_c,1,,furnishings home_care
U024734,2026-06-01,north,35-49,3,premium,entry,android,30,35.7,,lang_c,1,,clothing mobile_accessories
U024735,2026-06-01,south,18-24,3,premium,mid,android,51,25.33,3.0,lang_a,1,,computing outdoor
U024736,2026-06-01,north,25-34,4,plus,entry,android,22,32.66,4.0,lang_b,1,I0034 I0042,books kitchen
U024737,2026-06-01,east,50+,2,basic,mid,android,60,283.98,4.0,lang_b,0,,
U024738,2026-06-01,south,18-24,2,basic,premium,android,82,95.87,2.0,lang_a,1,I0067 I0560 I0583 I0593 I0598,accessories computing
U024739,2026-06-01,north,18-24,1,premium,mid,ios,42,88.13,3.0,lang_a,1,,
U024740,2026-06-01,east,25-34,4,basic,premium,android,56,71.91,2.0,lang_c,0,I0186,
U024741,2026-06-01,central,18-24,5,basic,mid,android,36,46.16,2.0,lang_b,1,I0550 I0596 I0971,accessories fitness
U024742,2026-06-01,south,35-49,3,basic,mid,android,6,,2.0,lang_c,1,I0338,
U024743,2026-06-01,east,18-24,2,plus,mid,ios,35,44.61,2.0,lang_c,0,,
U024744,2026-06-01,west,35-49,1,basic,entry,android,49,21.59,3.0,lang_b,1,I0856 I0858 I0861 I0862 I0881 I0889 I0892 I0954 I0969 I0983,
U024745,2026-06-01,west,50+,3,premium,entry,android,60,44.96,4.0,lang_c,1,,delivery learning
U024746,2026-06-01,central,18-24,4,basic,mid,ios,42,130.66,3.0,lang_b,1,I0179,
U024747,2026-06-01,central,35-49,3,basic,entry,android,13,45.64,2.0,lang_c,0,,clothing local_experiences
U024748,2026-06-01,coastal,35-49,4,basic,premium,ios,82,55.05,2.0,lang_c,1,,local_experiences outdoor
U024749,2026-06-01,coastal,25-34,3,basic,premium,android,11,,4.0,lang_c,0,,books clothing
U024750,2026-06-01,central,50+,1,plus,entry,android,19,42.2,2.0,lang_c,0,I0893 I0912,smart_devices streaming
U024751,2026-06-01,central,18-24,4,premium,premium,ios,48,42.85,5.0,lang_b,0,I0006 I0301 I0306 I0316 I0336 I0892,
U024752,2026-06-01,south,35-49,3,basic,entry,android,51,79.97,4.0,lang_a,1,I0216 I0688 I0906,clothing kitchen
U024753,2026-06-01,east,35-49,3,plus,premium,ios,41,32.65,2.0,lang_a,1,I0166 I0187 I0929 I0935,
U024754,2026-06-01,coastal,18-24,1,plus,mid,android,74,46.79,,lang_c,0,I0191,delivery smart_devices
U024755,2026-06-01,central,25-34,5,plus,entry,ios,52,52.24,4.0,lang_a,1,I0218,
U024756,2026-06-01,west,18-24,5,basic,entry,android,36,,3.0,lang_c,1,I0450 I0472 I0494 I0518,footwear home_care
U024757,2026-06-01,east,35-49,5,basic,entry,android,10,163.67,,lang_a,1,,
U024758,2026-06-01,north,35-49,5,basic,mid,android,10,26.82,3.0,lang_a,1,,creative_hobbies smart_devices
U024759,2026-06-01,east,25-34,4,basic,mid,ios,42,13.3,3.0,lang_a,1,I0036 I0081,creative_hobbies local_experiences
U024760,2026-06-01,central,18-24,1,basic,entry,android,35,42.67,2.0,lang_b,1,I0267 I0314,bags computing
U024761,2026-06-01,east,25-34,1,basic,premium,android,15,93.63,3.0,lang_b,0,,audio streaming
U024762,2026-06-01,south,35-49,4,basic,entry,android,38,37.92,3.0,lang_c,1,,
U024763,2026-06-01,east,50+,4,basic,mid,android,6,52.97,1.0,lang_c,1,I0131 I0253 I0510 I0860,
U024764,2026-06-01,north,25-34,2,basic,mid,android,65,39.34,2.0,lang_c,0,I0537,accessories connectivity
U024765,2026-06-01,central,25-34,4,basic,mid,android,48,20.75,2.0,lang_a,0,I0066 I0251,furnishings travel_accessories
U024766,2026-06-01,south,35-49,5,basic,mid,ios,35,151.38,3.0,lang_c,1,I0476 I0490 I0570,delivery home_care
U024767,2026-06-01,coastal,50+,4,basic,premium,android,76,117.32,4.0,lang_a,1,I0089 I0113 I0124 I0567,
U024768,2026-06-01,north,18-24,4,basic,mid,ios,12,317.42,2.0,lang_a,0,I0255 I0285,delivery mobile_accessories
U024769,2026-06-01,east,50+,3,basic,entry,android,78,53.35,3.0,lang_a,1,,
U024770,2026-06-01,east,35-49,4,basic,unknown,android,62,56.27,3.0,lang_c,0,,
U024771,2026-06-01,coastal,18-24,5,basic,mid,android,41,74.07,2.0,lang_b,1,I0066 I0082 I0587 I0670,gaming travel_accessories
U024772,2026-06-01,west,50+,4,basic,mid,ios,24,12.41,4.0,lang_a,1,I0316 I0329 I0339 I0681 I0690,
U024773,2026-06-01,west,25-34,3,basic,mid,android,3,27.28,1.0,lang_c,1,I0167,computing delivery
U024774,2026-06-01,north,35-49,3,basic,entry,ios,15,41.53,,lang_a,1,I0494 I0502 I0517 I0537,bags fitness
U024775,2026-06-01,central,18-24,3,basic,mid,ios,37,67.55,,lang_b,0,,delivery streaming
U024776,2026-06-01,east,25-34,3,basic,entry,android,66,32.18,1.0,lang_a,0,I0051 I0226 I0230 I0882,
U024777,2026-06-01,east,35-49,5,plus,premium,android,42,139.1,2.0,lang_c,1,I0132 I0667 I0678 I0922,creative_hobbies mobile_accessories
U024778,2026-06-01,east,50+,2,basic,entry,ios,84,39.11,3.0,lang_b,0,I0999,clothing garden
U024779,2026-06-01,south,18-24,2,premium,premium,android,1,70.42,3.0,lang_b,0,,creative_hobbies travel_accessories
U024780,2026-06-01,east,25-34,4,basic,mid,android,6,51.63,,lang_c,0,I0108 I0126 I0276 I0526 I0867,learning mobile_accessories
U024781,2026-06-01,south,50+,1,plus,entry,ios,1,53.2,3.0,lang_a,0,I0109 I0658,local_experiences mobile_accessories
U024782,2026-06-01,north,25-34,4,plus,premium,ios,55,54.65,4.0,lang_a,1,I0152,creative_hobbies local_experiences
U024783,2026-06-01,coastal,18-24,5,basic,premium,android,59,19.63,3.0,lang_a,1,,learning smart_devices
U024784,2026-06-01,central,35-49,3,basic,entry,android,2,36.41,4.0,lang_b,1,,accessories fitness
U024785,2026-06-01,south,50+,4,plus,unknown,android,38,76.93,,lang_a,1,I0307,
U024786,2026-06-01,south,25-34,5,basic,premium,ios,72,299.65,4.0,lang_c,0,,
U024787,2026-06-01,west,35-49,5,plus,mid,android,70,36.77,3.0,lang_a,0,I0530,
U024788,2026-06-01,east,50+,4,basic,premium,android,61,231.82,2.0,lang_b,1,,connectivity travel_accessories
U024789,2026-06-01,north,18-24,5,basic,entry,android,2,24.45,4.0,lang_c,1,,
U024790,2026-06-01,west,18-24,4,basic,premium,ios,59,30.61,4.0,lang_b,1,I0136,connectivity home_care
U024791,2026-06-01,north,50+,5,premium,mid,ios,19,29.17,2.0,lang_a,1,I0111 I0130 I0140 I0304,learning mobile_accessories
U024792,2026-06-01,east,18-24,1,basic,entry,android,30,77.99,5.0,lang_c,0,I0497,garden mobile_accessories
U024793,2026-06-01,west,35-49,5,plus,entry,android,69,24.82,1.0,lang_a,1,I0122 I0160,learning wellness
U024794,2026-06-01,north,18-24,1,plus,mid,android,76,42.1,2.0,lang_c,0,I0273,clothing fitness
U024795,2026-06-01,central,25-34,5,basic,entry,ios,26,88.47,,lang_c,0,,connectivity garden
U024796,2026-06-01,south,35-49,3,basic,premium,android,84,,4.0,lang_c,0,I0009 I0018 I0024 I0106 I0114 I0125 I0130 I0148 I0963,
U024797,2026-06-01,east,50+,2,basic,mid,ios,42,44.53,3.0,lang_b,1,,bags home_care
U024798,2026-06-01,coastal,50+,4,plus,entry,android,66,18.41,3.0,lang_b,0,,
U024799,2026-06-01,coastal,18-24,4,basic,mid,android,4,71.0,,lang_a,0,I0241 I0248,
U024800,2026-06-01,central,35-49,3,plus,premium,android,12,27.97,4.0,lang_a,1,,connectivity fitness
U024801,2026-06-01,central,18-24,3,plus,premium,ios,70,,3.0,lang_a,0,,bags computing
U024802,2026-06-01,north,50+,5,plus,entry,android,57,132.55,2.0,lang_a,1,I0294 I0322,furnishings travel_accessories
U024803,2026-06-01,east,18-24,4,premium,mid,android,56,53.9,3.0,lang_b,1,I0680,
U024804,2026-06-01,central,50+,4,basic,mid,ios,72,137.36,2.0,lang_b,1,,
U024805,2026-06-01,central,18-24,2,basic,mid,android,65,32.84,3.0,lang_a,1,I0482 I0487,accessories footwear
U024806,2026-06-01,south,50+,1,basic,mid,android,8,22.97,3.0,lang_a,0,,
U024807,2026-06-01,west,25-34,4,basic,entry,ios,80,62.09,1.0,lang_a,1,I0852,gaming wellness
U024808,2026-06-01,east,25-34,4,basic,premium,android,49,105.35,3.0,lang_a,1,I0213,connectivity fitness
U024809,2026-06-01,central,35-49,1,basic,mid,android,48,57.89,3.0,lang_c,1,I0871 I0940 I0958 I0974,connectivity delivery
U024810,2026-06-01,coastal,18-24,5,premium,entry,android,20,92.03,,lang_a,0,I0018,bags home_care
U024811,2026-06-01,central,35-49,2,plus,entry,android,13,56.89,2.0,lang_c,1,,audio local_experiences
U024812,2026-06-01,east,18-24,2,plus,entry,android,79,43.42,3.0,lang_c,0,I0130 I0509,bags creative_hobbies
U024813,2026-06-01,east,35-49,3,plus,mid,android,65,28.34,,lang_b,0,,delivery fitness
U024814,2026-06-01,coastal,35-49,5,plus,mid,android,52,183.83,4.0,lang_a,1,I0024 I0509 I0517 I0518 I0524 I0528 I0536 I0538 I0543 I0549,bags outdoor
U024815,2026-06-01,south,18-24,3,basic,premium,android,27,118.11,4.0,lang_b,1,I0663 I0665 I0669 I0674 I0696 I0892,gaming local_experiences
U024816,2026-06-01,west,25-34,5,plus,mid,android,75,35.65,3.0,lang_c,0,,furnishings smart_devices
U024817,2026-06-01,north,18-24,2,basic,mid,ios,12,101.51,1.0,lang_b,1,,
U024818,2026-06-01,west,18-24,5,basic,mid,android,24,77.74,5.0,lang_a,0,,
U024819,2026-06-01,west,18-24,2,basic,premium,android,19,58.71,3.0,lang_a,1,I0059 I0294 I0928,computing learning
U024820,2026-06-01,south,50+,4,plus,entry,ios,53,32.21,1.0,lang_b,0,I0231 I0577,bags kitchen
U024821,2026-06-01,west,25-34,4,plus,premium,android,9,54.08,3.0,lang_a,1,,fitness local_experiences
U024822,2026-06-01,south,35-49,1,basic,mid,android,29,67.48,2.0,lang_a,1,,
U024823,2026-06-01,south,18-24,1,premium,mid,android,12,74.71,2.0,lang_b,0,I0589,
U024824,2026-06-01,south,50+,1,basic,mid,android,46,39.34,3.0,lang_c,1,I0227 I0235,garden kitchen
U024825,2026-06-01,central,18-24,4,basic,entry,android,59,103.39,,lang_a,1,I0308 I0336,
U024826,2026-06-01,west,50+,2,plus,mid,ios,72,53.39,4.0,lang_c,1,,
U024827,2026-06-01,central,18-24,2,plus,entry,android,16,,,lang_a,1,I0039 I0054 I0056 I0903,audio computing
U024828,2026-06-01,west,25-34,4,premium,mid,android,84,40.04,4.0,lang_b,0,I0032,
U024829,2026-06-01,north,18-24,1,basic,entry,android,46,33.65,3.0,lang_b,1,,
U024830,2026-06-01,central,50+,1,basic,entry,ios,18,52.23,3.0,lang_c,0,I0325 I0333,
U024831,2026-06-01,coastal,35-49,2,basic,entry,android,12,74.43,3.0,lang_c,1,I0931 I0940,kitchen travel_accessories
U024832,2026-06-01,west,25-34,3,plus,premium,android,59,42.25,4.0,lang_b,0,,
U024833,2026-06-01,north,35-49,1,basic,entry,android,6,33.83,4.0,lang_c,0,I0038 I0061 I0111,creative_hobbies gaming
U024834,2026-06-01,north,25-34,5,basic,mid,android,73,42.82,5.0,lang_c,0,,bags delivery
U024835,2026-06-01,west,35-49,4,plus,entry,ios,31,154.49,2.0,lang_b,1,,
U024836,2026-06-01,coastal,25-34,5,plus,entry,android,81,56.74,1.0,lang_c,1,,
U024837,2026-06-01,north,18-24,1,premium,entry,android,37,61.31,3.0,lang_a,1,I0556 I0566 I0585 I0589 I0961,bags travel_accessories
U024838,2026-06-01,west,50+,3,basic,unknown,ios,59,56.23,4.0,lang_a,1,I0104 I0113 I0119 I0123 I0127 I0132 I0133,computing mobile_accessories
U024839,2026-06-01,north,18-24,1,basic,premium,android,80,129.38,4.0,lang_b,1,,
U024840,2026-06-01,central,25-34,5,plus,mid,android,74,56.75,,lang_c,1,I0127 I0509 I0513 I0516 I0537,
U024841,2026-06-01,east,50+,1,basic,mid,android,67,28.02,4.0,lang_a,1,,gaming home_care
U024842,2026-06-01,east,50+,2,premium,unknown,ios,23,59.88,4.0,lang_b,1,I0008,
U024843,2026-06-01,south,50+,1,basic,mid,ios,81,32.98,1.0,lang_c,1,,
U024844,2026-06-01,south,35-49,5,plus,entry,android,25,148.02,3.0,lang_b,1,I0233 I0523,
U024845,2026-06-01,central,50+,4,basic,mid,ios,67,20.88,3.0,lang_a,1,I0315 I0581 I0583 I0597,bags learning
U024846,2026-06-01,south,18-24,2,basic,premium,ios,78,79.94,4.0,lang_a,0,I0293,connectivity outdoor
U024847,2026-06-01,central,50+,5,plus,entry,android,7,56.64,2.0,lang_a,0,,computing local_experiences
U024848,2026-06-01,central,35-49,5,basic,entry,android,61,109.5,2.0,lang_b,0,I0854 I0856,mobile_accessories travel_accessories
U024849,2026-06-01,north,35-49,3,plus,mid,android,58,94.83,5.0,lang_a,1,I0257 I0259 I0273 I0281,
U024850,2026-06-01,east,25-34,1,basic,entry,android,27,93.39,3.0,lang_c,1,I0056 I0067 I0094,
U024851,2026-06-01,west,50+,4,plus,mid,ios,74,61.01,2.0,lang_a,0,I0062,local_experiences streaming
U024852,2026-06-01,west,18-24,4,plus,mid,ios,53,76.49,4.0,lang_a,1,I0692,
U024853,2026-06-01,south,18-24,2,plus,mid,android,10,65.82,,lang_c,1,I0262 I0595,
U024854,2026-06-01,central,18-24,4,premium,unknown,android,11,32.81,5.0,lang_b,1,I0254,audio furnishings
U024855,2026-06-01,east,50+,2,basic,entry,ios,43,61.7,2.0,lang_a,1,I0118,
U024856,2026-06-01,west,50+,4,plus,mid,android,73,63.97,2.0,lang_a,0,,
U024857,2026-06-01,west,35-49,4,basic,mid,ios,32,80.46,2.0,lang_b,1,I0013 I0028 I0046 I0276 I0341 I0343 I0458 I0476 I0859,
U024858,2026-06-01,south,50+,4,plus,unknown,android,64,20.61,4.0,lang_a,0,I0219 I0956,
U024859,2026-06-01,central,35-49,1,plus,mid,ios,73,65.28,3.0,lang_b,0,,books connectivity
U024860,2026-06-01,east,25-34,4,plus,mid,android,32,48.18,3.0,lang_c,0,,
U024861,2026-06-01,south,50+,4,basic,mid,android,23,65.97,5.0,lang_c,1,,
U024862,2026-06-01,coastal,50+,3,basic,mid,ios,71,43.8,3.0,lang_a,1,,
U024863,2026-06-01,east,25-34,3,plus,entry,ios,84,32.48,4.0,lang_b,1,I0245,books kitchen
U024864,2026-06-01,west,18-24,4,basic,premium,android,49,59.84,3.0,lang_b,0,,mobile_accessories wellness
U024865,2026-06-01,west,18-24,3,basic,mid,ios,26,20.06,2.0,lang_a,0,,
U024866,2026-06-01,east,50+,4,basic,unknown,ios,68,88.02,2.0,lang_a,1,I0513,books creative_hobbies
U024867,2026-06-01,central,18-24,5,plus,premium,ios,39,39.14,3.0,lang_c,1,I0158 I0168 I0206 I0208 I0209 I0211 I0226 I0228 I0244 I0314 I0336 I0467 I0552 I0931,
U024868,2026-06-01,central,50+,2,basic,entry,ios,41,37.13,3.0,lang_c,1,,footwear learning
U024869,2026-06-01,central,25-34,3,premium,entry,ios,63,40.01,3.0,lang_b,0,I0867,home_care local_experiences
U024870,2026-06-01,south,25-34,5,plus,entry,android,29,39.55,2.0,lang_b,0,,
U024871,2026-06-01,north,50+,3,basic,entry,ios,3,211.26,3.0,lang_b,1,I0060 I0068,home_care wellness
U024872,2026-06-01,south,25-34,3,basic,mid,android,35,72.37,3.0,lang_a,1,I0973,computing mobile_accessories
U024873,2026-06-01,east,50+,1,plus,entry,android,21,76.13,4.0,lang_a,0,,clothing footwear
U024874,2026-06-01,north,18-24,4,plus,mid,android,35,35.17,3.0,lang_b,0,,
U024875,2026-06-01,north,18-24,1,plus,mid,android,41,,5.0,lang_c,1,I0062 I0079 I0912 I0913 I0933,
U024876,2026-06-01,west,25-34,2,basic,entry,ios,9,44.45,4.0,lang_a,1,,
U024877,2026-06-01,coastal,50+,2,plus,premium,ios,23,155.65,1.0,lang_a,1,,accessories connectivity
U024878,2026-06-01,east,18-24,4,plus,premium,ios,21,105.43,3.0,lang_c,0,,computing learning
U024879,2026-06-01,central,50+,2,basic,entry,android,19,76.27,2.0,lang_c,0,I0556,
U024880,2026-06-01,west,18-24,2,basic,premium,android,79,,2.0,lang_b,1,I0851,local_experiences smart_devices
U024881,2026-06-01,north,50+,2,basic,premium,ios,12,133.95,3.0,lang_c,1,I0673 I0687,delivery garden
U024882,2026-06-01,central,25-34,5,basic,mid,android,65,29.1,,lang_b,1,I0515 I0522,
U024883,2026-06-01,central,25-34,5,basic,premium,android,33,254.93,,lang_b,1,I0203 I0234,footwear mobile_accessories
U024884,2026-06-01,east,25-34,4,basic,entry,android,30,34.22,3.0,lang_b,1,I0490 I0512,delivery smart_devices
U024885,2026-06-01,west,25-34,5,basic,mid,ios,7,105.34,3.0,lang_c,1,,
U024886,2026-06-01,east,50+,1,basic,mid,android,33,60.4,4.0,lang_b,1,,
U024887,2026-06-01,central,18-24,2,basic,mid,ios,7,63.85,2.0,lang_c,1,I0256 I0333,clothing delivery
U024888,2026-06-01,south,18-24,4,premium,entry,android,49,47.59,4.0,lang_b,0,I0237,connectivity wellness
U024889,2026-06-01,west,50+,5,basic,premium,ios,8,53.63,3.0,lang_c,1,I0104 I0117 I0121 I0139,connectivity mobile_accessories
U024890,2026-06-01,west,35-49,3,plus,mid,android,20,113.73,3.0,lang_c,1,,kitchen mobile_accessories
U024891,2026-06-01,east,25-34,1,premium,mid,android,67,21.69,3.0,lang_b,1,I0864,
U024892,2026-06-01,north,50+,1,plus,mid,android,15,61.45,2.0,lang_b,1,,audio gaming
U024893,2026-06-01,central,35-49,4,plus,premium,android,4,52.88,2.0,lang_c,1,I0209 I0213 I0241 I0468,footwear kitchen
U024894,2026-06-01,east,35-49,5,basic,premium,android,83,87.03,3.0,lang_b,1,I0027 I0288,audio furnishings
U024895,2026-06-01,east,18-24,2,basic,mid,android,11,42.36,,lang_c,1,,accessories kitchen
U024896,2026-06-01,west,25-34,4,plus,premium,ios,84,30.9,3.0,lang_c,0,,
U024897,2026-06-01,central,50+,4,basic,premium,android,29,72.33,4.0,lang_a,1,I0296 I0664 I0687,
U024898,2026-06-01,central,35-49,2,plus,premium,android,81,50.62,3.0,lang_b,1,I0211,
U024899,2026-06-01,coastal,25-34,1,plus,entry,ios,30,146.34,3.0,lang_a,1,I0005 I0155 I0168 I0172 I0189 I0191 I0202 I0242 I0274 I0883,
U024900,2026-06-01,south,50+,2,basic,premium,ios,53,114.95,3.0,lang_c,1,,books delivery
U024901,2026-06-01,north,18-24,1,basic,premium,android,74,57.33,4.0,lang_b,1,,
U024902,2026-06-01,east,25-34,1,basic,entry,ios,79,122.57,3.0,lang_a,1,,audio clothing
U024903,2026-06-01,coastal,50+,2,premium,entry,android,37,133.08,5.0,lang_a,1,I0474,accessories footwear
U024904,2026-06-01,east,50+,5,basic,premium,android,71,,5.0,lang_c,1,I0478,footwear outdoor
U024905,2026-06-01,east,35-49,3,basic,premium,android,28,71.4,2.0,lang_c,0,I0030 I0102 I0497,audio footwear
U024906,2026-06-01,north,35-49,4,premium,entry,android,63,,3.0,lang_b,1,,
U024907,2026-06-01,south,50+,4,basic,mid,android,38,30.93,3.0,lang_a,1,I0317,
U024908,2026-06-01,north,25-34,2,basic,mid,ios,45,51.75,2.0,lang_c,1,,
U024909,2026-06-01,west,35-49,1,plus,premium,ios,18,60.61,3.0,lang_a,0,I0276,books travel_accessories
U024910,2026-06-01,coastal,50+,3,premium,premium,android,52,141.29,5.0,lang_a,1,,audio outdoor
U024911,2026-06-01,north,18-24,3,premium,premium,android,71,100.69,5.0,lang_b,1,I0582,bags local_experiences
U024912,2026-06-01,south,25-34,4,plus,premium,android,48,66.35,2.0,lang_a,1,I0047 I0193 I0300 I0307,
U024913,2026-06-01,west,50+,2,basic,mid,android,13,52.23,3.0,lang_b,0,I0194,books garden
U024914,2026-06-01,west,35-49,1,basic,mid,android,58,51.72,3.0,lang_a,1,,
U024915,2026-06-01,north,25-34,1,plus,mid,ios,20,36.78,2.0,lang_b,1,,audio bags
U024916,2026-06-01,north,35-49,4,premium,entry,android,16,17.73,2.0,lang_a,1,,
U024917,2026-06-01,north,25-34,4,basic,premium,android,79,32.49,4.0,lang_b,0,I0015 I0062 I0072 I0314 I0338 I0472 I0562 I0569 I0583,accessories outdoor
U024918,2026-06-01,coastal,25-34,5,plus,mid,android,75,,3.0,lang_c,1,I0958,creative_hobbies home_care
U024919,2026-06-01,south,18-24,1,basic,mid,ios,81,51.36,2.0,lang_b,0,I0073,
U024920,2026-06-01,coastal,25-34,5,basic,entry,ios,44,78.08,4.0,lang_b,0,,smart_devices travel_accessories
U024921,2026-06-01,central,50+,3,basic,entry,android,11,78.99,2.0,lang_a,0,,
U024922,2026-06-01,south,35-49,4,basic,entry,ios,1,20.28,4.0,lang_c,0,,
U024923,2026-06-01,north,18-24,5,premium,entry,ios,38,76.57,1.0,lang_a,1,I0196 I0525 I0889 I0978,kitchen wellness
U024924,2026-06-01,coastal,35-49,4,basic,mid,android,82,50.44,3.0,lang_b,1,,clothing outdoor
U024925,2026-06-01,west,50+,1,plus,entry,android,64,84.68,3.0,lang_c,0,I0167 I0466,audio smart_devices
U024926,2026-06-01,coastal,50+,3,basic,premium,android,8,125.11,3.0,lang_b,1,I0011 I0014,delivery travel_accessories
U024927,2026-06-01,coastal,18-24,1,basic,premium,android,17,34.08,3.0,lang_b,0,I0282 I0931,
U024928,2026-06-01,west,35-49,4,basic,mid,android,79,35.58,5.0,lang_b,0,I0264 I0279,
U024929,2026-06-01,south,50+,3,basic,mid,ios,7,95.38,2.0,lang_a,0,I0072 I0456 I0488 I0903,
U024930,2026-06-01,coastal,18-24,4,basic,entry,android,41,294.49,1.0,lang_b,1,I0127 I0131 I0325 I0913,
U024931,2026-06-01,west,25-34,3,basic,premium,android,3,68.97,3.0,lang_a,1,I0873 I0918,outdoor wellness
U024932,2026-06-01,east,18-24,2,basic,entry,android,8,45.79,3.0,lang_b,1,I0509 I0536 I0537 I0688 I0901 I0912,clothing creative_hobbies
U024933,2026-06-01,west,25-34,1,plus,entry,ios,26,31.15,3.0,lang_a,1,I0686,
U024934,2026-06-01,east,18-24,2,basic,entry,ios,3,46.33,3.0,lang_b,1,I0267 I0961 I0975 I0987,
U024935,2026-06-01,north,25-34,1,basic,entry,android,79,47.7,3.0,lang_a,1,,
U024936,2026-06-01,central,18-24,5,plus,entry,android,68,113.94,2.0,lang_a,0,I0863 I0868,clothing fitness
U024937,2026-06-01,east,25-34,3,basic,unknown,android,62,158.15,3.0,lang_c,0,I0233,
U024938,2026-06-01,central,50+,5,premium,entry,android,46,33.22,2.0,lang_a,0,,accessories gaming
U024939,2026-06-01,west,18-24,2,basic,mid,android,84,35.32,,lang_c,1,I0124,
U024940,2026-06-01,east,35-49,3,basic,entry,ios,2,20.97,3.0,lang_c,1,I0087 I0491 I0556 I0858 I0865 I0890,learning outdoor
U024941,2026-06-01,coastal,50+,3,basic,entry,android,45,32.05,1.0,lang_b,1,,
U024942,2026-06-01,west,35-49,5,basic,unknown,android,67,156.57,2.0,lang_b,0,I0560 I0578 I0591 I0960,fitness wellness
U024943,2026-06-01,north,50+,5,basic,entry,android,30,57.37,3.0,lang_a,1,I0477 I0487 I0863,footwear kitchen
U024944,2026-06-01,south,18-24,1,basic,entry,ios,45,,,lang_a,1,I0583 I0589,accessories smart_devices
U024945,2026-06-01,east,50+,1,basic,mid,android,36,99.21,,lang_b,1,,footwear smart_devices
U024946,2026-06-01,east,25-34,4,basic,mid,ios,80,40.71,3.0,lang_c,0,,
U024947,2026-06-01,central,25-34,3,plus,mid,ios,82,143.28,4.0,lang_a,0,I0164 I0175 I0193 I0499 I0678 I0688,
U024948,2026-06-01,east,50+,1,basic,premium,ios,54,72.04,4.0,lang_a,1,,
U024949,2026-06-01,coastal,25-34,2,plus,entry,android,84,81.9,2.0,lang_c,0,,
U024950,2026-06-01,north,25-34,3,basic,entry,android,43,133.94,3.0,lang_a,1,I0057 I0261,furnishings kitchen
U024951,2026-06-01,coastal,50+,2,basic,unknown,android,26,37.79,4.0,lang_b,1,I0090 I0116,
U024952,2026-06-01,central,35-49,4,basic,mid,android,20,58.08,4.0,lang_a,1,,
U024953,2026-06-01,south,50+,2,basic,mid,ios,22,29.55,3.0,lang_a,1,,computing wellness
U024954,2026-06-01,north,50+,1,basic,premium,android,82,44.35,4.0,lang_b,1,I0506 I0530 I0542,furnishings learning
U024955,2026-06-01,central,18-24,5,basic,entry,ios,66,70.37,3.0,lang_a,1,,
U024956,2026-06-01,coastal,25-34,5,basic,premium,android,9,100.7,4.0,lang_c,1,,outdoor wellness
U024957,2026-06-01,east,25-34,1,plus,mid,android,83,35.45,3.0,lang_a,0,I0589,outdoor travel_accessories
U024958,2026-06-01,west,18-24,2,plus,mid,ios,55,60.05,4.0,lang_a,0,,
U024959,2026-06-01,north,50+,4,basic,entry,ios,18,56.75,1.0,lang_a,1,,
U024960,2026-06-01,central,35-49,2,plus,premium,ios,4,207.52,2.0,lang_b,1,,bags smart_devices
U024961,2026-06-01,coastal,50+,1,basic,mid,android,76,86.82,1.0,lang_a,0,,books streaming
U024962,2026-06-01,central,50+,2,plus,entry,ios,38,16.09,4.0,lang_c,0,I0062 I0072 I0079 I0158 I0174,
U024963,2026-06-01,north,50+,3,plus,mid,ios,58,129.6,,lang_b,1,I0214,kitchen streaming
U024964,2026-06-01,coastal,35-49,4,basic,entry,android,70,105.94,2.0,lang_c,1,I0955,
U024965,2026-06-01,south,18-24,1,basic,entry,ios,13,39.34,,lang_b,1,I0102 I0131,local_experiences mobile_accessories
U024966,2026-06-01,east,25-34,3,plus,mid,android,15,47.06,2.0,lang_b,0,I0697 I0986 I0990,fitness learning
U024967,2026-06-01,north,18-24,1,basic,premium,android,84,66.32,4.0,lang_a,1,I0243,creative_hobbies wellness
U024968,2026-06-01,coastal,50+,1,basic,entry,ios,72,17.49,4.0,lang_c,1,I0476,
U024969,2026-06-01,west,35-49,3,plus,premium,android,63,185.34,4.0,lang_c,1,,delivery furnishings
U024970,2026-06-01,central,35-49,4,plus,premium,android,56,87.89,4.0,lang_b,0,I0908,mobile_accessories travel_accessories
U024971,2026-06-01,central,25-34,5,basic,mid,ios,42,99.91,4.0,lang_c,1,I0302,audio books
U024972,2026-06-01,coastal,50+,2,basic,premium,ios,61,66.64,2.0,lang_c,0,,connectivity furnishings
U024973,2026-06-01,south,50+,2,plus,mid,ios,5,101.16,1.0,lang_c,1,,creative_hobbies smart_devices
U024974,2026-06-01,coastal,25-34,1,basic,unknown,ios,36,33.5,2.0,lang_b,0,I0975,
U024975,2026-06-01,coastal,25-34,1,basic,entry,android,49,47.62,,lang_a,1,I0166,
U024976,2026-06-01,central,50+,5,basic,premium,android,13,110.48,2.0,lang_b,1,,bags mobile_accessories
U024977,2026-06-01,east,35-49,1,premium,premium,ios,47,52.09,4.0,lang_c,0,I0018 I0313,bags garden
U024978,2026-06-01,west,25-34,2,plus,mid,android,42,74.8,3.0,lang_c,0,I0298,accessories outdoor
U024979,2026-06-01,coastal,18-24,4,plus,mid,android,6,42.11,,lang_c,1,,gaming streaming
U024980,2026-06-01,east,50+,2,basic,mid,android,4,71.07,3.0,lang_b,0,,
U024981,2026-06-01,east,35-49,5,basic,mid,android,72,99.61,3.0,lang_c,1,I0523 I0541,
U024982,2026-06-01,west,35-49,3,basic,premium,android,35,,3.0,lang_c,1,I0472 I0560,
U024983,2026-06-01,central,35-49,5,plus,mid,ios,30,89.53,4.0,lang_a,1,,
U024984,2026-06-01,coastal,25-34,2,plus,entry,android,76,10.25,2.0,lang_c,0,I0696 I0861 I0870,gaming outdoor
U024985,2026-06-01,central,18-24,4,basic,entry,android,66,80.78,,lang_a,1,I0987,
U024986,2026-06-01,north,50+,1,basic,unknown,android,49,76.51,3.0,lang_c,0,,mobile_accessories smart_devices
U024987,2026-06-01,south,18-24,2,premium,mid,ios,39,81.24,2.0,lang_b,0,,
U024988,2026-06-01,east,35-49,1,plus,entry,ios,73,41.9,2.0,lang_a,0,,
U024989,2026-06-01,west,50+,5,basic,premium,ios,54,57.11,1.0,lang_a,1,,gaming mobile_accessories
U024990,2026-06-01,north,50+,3,plus,entry,android,54,118.28,3.0,lang_b,0,I0163 I0558 I0569 I0656,
U024991,2026-06-01,coastal,25-34,5,basic,premium,android,28,45.01,3.0,lang_a,1,I0065 I0470 I0892,
U024992,2026-06-01,central,25-34,1,basic,mid,ios,25,90.81,4.0,lang_a,0,I0192,
U024993,2026-06-01,east,18-24,4,basic,mid,ios,4,66.17,2.0,lang_b,1,I0921 I0927,
U024994,2026-06-01,south,18-24,4,plus,premium,android,43,89.06,3.0,lang_c,1,I0068 I0284 I0298 I0502 I0556,
U024995,2026-06-01,south,50+,1,basic,mid,android,77,,3.0,lang_a,1,I0906,clothing garden
U024996,2026-06-01,west,50+,2,basic,entry,ios,62,37.05,4.0,lang_b,1,I0217 I0284 I0983 I0988,fitness footwear
U024997,2026-06-01,north,25-34,5,premium,mid,android,76,55.03,4.0,lang_b,1,,
U024998,2026-06-01,south,50+,5,premium,mid,ios,61,29.74,4.0,lang_c,1,I0005 I0284 I0892 I0896,
U024999,2026-06-01,east,18-24,5,basic,entry,android,5,78.92,,lang_b,1,,delivery outdoor
U025000,2026-06-01,coastal,35-49,1,basic,unknown,android,72,54.3,4.0,lang_c,1,I0021 I0212 I0343,
U025001,2026-06-01,west,25-34,5,plus,entry,ios,27,99.5,3.0,lang_c,1,I0278,
U025002,2026-06-01,coastal,35-49,3,basic,mid,android,51,8.05,3.0,lang_a,1,,footwear local_experiences
U025003,2026-06-01,east,25-34,5,basic,mid,android,76,,2.0,lang_c,0,I0071 I0508 I0532 I0573,
U025004,2026-06-01,central,25-34,2,basic,mid,android,74,175.64,,lang_c,0,,
U025005,2026-06-01,east,25-34,1,plus,mid,android,55,50.33,3.0,lang_b,1,,computing learning
U025006,2026-06-01,central,35-49,2,premium,entry,android,75,27.73,3.0,lang_b,1,,
U025007,2026-06-01,south,25-34,5,basic,unknown,android,49,64.61,3.0,lang_b,1,,kitchen streaming
U025008,2026-06-01,south,50+,2,basic,entry,ios,37,35.17,4.0,lang_c,1,I0013 I0054,audio bags
U025009,2026-06-01,west,50+,3,plus,premium,ios,58,32.85,3.0,lang_c,0,,kitchen local_experiences
U025010,2026-06-01,west,35-49,1,plus,entry,ios,22,122.87,3.0,lang_c,1,I0305 I0852 I0867 I0893,home_care outdoor
U025011,2026-06-01,north,35-49,5,plus,premium,ios,6,74.29,4.0,lang_b,0,,footwear outdoor
U025012,2026-06-01,north,25-34,5,plus,entry,ios,71,,2.0,lang_b,1,I0335,
U025013,2026-06-01,south,18-24,4,basic,entry,ios,49,89.61,2.0,lang_a,0,I0001 I0026 I0052 I0059 I0071 I0087 I0525,computing smart_devices
U025014,2026-06-01,west,50+,4,basic,entry,android,15,48.35,3.0,lang_b,0,I0194,books delivery
U025015,2026-06-01,west,50+,5,premium,premium,ios,43,58.31,4.0,lang_b,1,I0224 I0457 I0476 I0481 I0482 I0483 I0490 I0529 I0551,computing kitchen
U025016,2026-06-01,central,25-34,3,basic,entry,android,58,86.72,4.0,lang_c,1,I0015 I0972,
U025017,2026-06-01,north,50+,1,basic,entry,ios,52,40.13,4.0,lang_c,1,,home_care streaming
U025018,2026-06-01,north,50+,3,plus,mid,ios,15,65.96,4.0,lang_c,0,I0251 I0294,
U025019,2026-06-01,west,35-49,5,basic,premium,ios,44,35.05,3.0,lang_a,1,,
U025020,2026-06-01,central,25-34,4,basic,unknown,android,82,30.22,4.0,lang_c,1,I0958 I0972 I0991 I0992,
U025021,2026-06-01,south,35-49,3,plus,premium,android,50,173.07,2.0,lang_a,0,,
U025022,2026-06-01,central,50+,3,premium,mid,android,21,57.29,3.0,lang_c,1,I0084 I0154 I0169 I0183,outdoor smart_devices
U025023,2026-06-01,west,18-24,3,basic,premium,ios,44,,4.0,lang_a,1,I0038,connectivity kitchen
U025024,2026-06-01,north,50+,5,premium,mid,android,53,84.57,,lang_a,1,I0902 I0903 I0912 I0914 I0918 I0933 I0944,
U025025,2026-06-01,west,50+,4,premium,mid,android,61,201.81,1.0,lang_b,0,,audio streaming
U025026,2026-06-01,central,50+,1,plus,entry,android,10,105.86,2.0,lang_a,0,I0244,
U025027,2026-06-01,coastal,25-34,5,basic,premium,android,78,33.84,2.0,lang_b,1,,clothing mobile_accessories
U025028,2026-06-01,west,50+,2,plus,mid,android,70,54.23,,lang_c,1,I0066 I0079 I0856 I0861 I0892 I0894,outdoor wellness
U025029,2026-06-01,central,18-24,3,basic,entry,ios,74,193.1,4.0,lang_a,1,,
U025030,2026-06-01,west,25-34,2,plus,entry,ios,25,89.76,3.0,lang_b,0,I0481 I0483 I0489 I0504,
U025031,2026-06-01,north,18-24,2,basic,premium,android,21,99.68,3.0,lang_a,1,I0218 I0237 I0306 I0513 I0857 I0867,accessories gaming
U025032,2026-06-01,south,25-34,3,basic,entry,android,62,163.92,3.0,lang_b,1,,
U025033,2026-06-01,coastal,50+,4,plus,mid,android,15,,1.0,lang_c,1,,
U025034,2026-06-01,east,18-24,5,plus,mid,android,39,28.42,2.0,lang_a,0,I0057 I0063,computing wellness
U025035,2026-06-01,coastal,50+,5,plus,entry,android,66,82.15,3.0,lang_b,1,,connectivity creative_hobbies
U025036,2026-06-01,central,35-49,5,basic,entry,android,70,159.78,3.0,lang_c,0,I0663,gaming smart_devices
U025037,2026-06-01,east,25-34,3,plus,entry,android,52,33.1,3.0,lang_c,0,,
U025038,2026-06-01,central,50+,5,plus,mid,android,4,36.87,5.0,lang_b,0,,audio streaming
U025039,2026-06-01,north,25-34,1,basic,entry,ios,40,41.01,3.0,lang_c,1,,outdoor streaming
U025040,2026-06-01,east,50+,3,plus,mid,ios,50,122.49,3.0,lang_c,1,I0865,
U025041,2026-06-01,south,50+,1,basic,mid,ios,13,87.85,,lang_a,1,,bags footwear
U025042,2026-06-01,east,18-24,5,plus,premium,ios,40,66.52,,lang_b,1,,kitchen local_experiences
U025043,2026-06-01,north,50+,2,basic,premium,android,34,61.95,1.0,lang_b,1,,local_experiences wellness
U025044,2026-06-01,south,18-24,2,basic,mid,android,60,62.24,3.0,lang_a,1,,
U025045,2026-06-01,coastal,35-49,5,premium,premium,android,79,24.1,1.0,lang_a,1,,clothing creative_hobbies
U025046,2026-06-01,west,25-34,1,basic,mid,android,25,29.57,2.0,lang_a,1,,clothing streaming
U025047,2026-06-01,north,18-24,1,basic,premium,android,68,64.58,3.0,lang_c,1,I0917,
U025048,2026-06-01,west,18-24,3,basic,premium,ios,5,60.43,3.0,lang_a,0,,
U025049,2026-06-01,coastal,25-34,3,basic,entry,android,14,43.24,3.0,lang_b,0,,clothing local_experiences
U025050,2026-06-01,north,50+,1,basic,premium,android,65,65.54,4.0,lang_c,1,,books fitness
U025051,2026-06-01,east,25-34,5,basic,entry,android,66,61.93,3.0,lang_b,1,,connectivity travel_accessories
U025052,2026-06-01,south,35-49,4,basic,premium,android,17,27.93,,lang_c,1,,gaming home_care
U025053,2026-06-01,coastal,25-34,4,basic,entry,ios,10,103.25,1.0,lang_c,1,,home_care outdoor
U025054,2026-06-01,coastal,35-49,5,premium,entry,android,61,66.63,4.0,lang_c,1,I0218 I0650,delivery learning
U025055,2026-06-01,central,18-24,5,basic,entry,ios,36,128.11,3.0,lang_c,1,I0243 I0500 I0504 I0513 I0531,computing kitchen
U025056,2026-06-01,coastal,50+,3,premium,entry,ios,78,109.18,2.0,lang_c,1,I0332,
U025057,2026-06-01,west,50+,5,basic,mid,ios,13,99.52,1.0,lang_b,1,,fitness local_experiences
U025058,2026-06-01,west,35-49,1,basic,mid,android,83,96.52,3.0,lang_b,0,I0851,computing footwear
U025059,2026-06-01,north,25-34,1,premium,mid,ios,63,57.08,3.0,lang_b,0,I0305,clothing gaming
U025060,2026-06-01,coastal,50+,1,premium,unknown,android,4,50.75,3.0,lang_a,1,I0031 I0037 I0471 I0656 I0662 I0872 I0881,bags books
U025061,2026-06-01,west,25-34,3,basic,entry,android,64,109.0,,lang_a,0,,learning wellness
U025062,2026-06-01,north,18-24,3,basic,unknown,android,59,21.49,3.0,lang_b,0,I0578 I0579 I0583,
U025063,2026-06-01,east,35-49,5,basic,mid,android,37,63.99,3.0,lang_a,1,,learning wellness
U025064,2026-06-01,central,50+,1,basic,mid,ios,22,69.14,4.0,lang_c,0,I0118 I0133 I0137,
U025065,2026-06-01,north,18-24,3,premium,premium,ios,43,17.9,3.0,lang_c,0,,
U025066,2026-06-01,east,35-49,2,plus,mid,android,43,82.77,4.0,lang_a,0,I0100 I0111 I0136,
U025067,2026-06-01,east,25-34,3,premium,mid,ios,26,58.07,2.0,lang_b,1,I0682,
U025068,2026-06-01,north,18-24,4,plus,entry,android,52,173.66,2.0,lang_b,1,,furnishings garden
U025069,2026-06-01,north,35-49,5,premium,unknown,ios,15,47.65,3.0,lang_a,1,I0967,
U025070,2026-06-01,south,18-24,3,plus,mid,android,38,51.92,,lang_c,1,I0854,creative_hobbies outdoor
U025071,2026-06-01,coastal,25-34,5,basic,premium,android,44,86.3,3.0,lang_a,1,,connectivity delivery
U025072,2026-06-01,west,35-49,1,basic,entry,android,84,41.25,3.0,lang_b,0,I0072,books gaming
U025073,2026-06-01,central,35-49,5,basic,premium,ios,73,29.11,3.0,lang_a,1,I0122 I0136 I0203 I0208,
U025074,2026-06-01,north,35-49,4,basic,mid,android,22,,5.0,lang_b,1,I0551 I0557,accessories audio
U025075,2026-06-01,coastal,35-49,5,basic,mid,android,28,54.08,3.0,lang_c,1,I0060 I0270 I0500 I0510 I0523 I0527 I0536 I0914 I0922 I0924 I0937 I0943,
U025076,2026-06-01,west,25-34,1,basic,premium,ios,49,53.73,5.0,lang_b,1,,books wellness
U025077,2026-06-01,south,35-49,5,basic,entry,android,2,,1.0,lang_a,1,I0229 I0232,
U025078,2026-06-01,coastal,25-34,4,basic,mid,ios,73,38.96,3.0,lang_c,1,,clothing mobile_accessories
U025079,2026-06-01,central,25-34,1,plus,entry,android,77,56.57,4.0,lang_c,0,,creative_hobbies garden
U025080,2026-06-01,central,35-49,1,basic,entry,ios,61,25.83,5.0,lang_a,1,I0024 I0157 I0341,connectivity smart_devices
U025081,2026-06-01,central,25-34,2,basic,mid,android,79,36.62,3.0,lang_b,1,I0556,books furnishings
U025082,2026-06-01,north,25-34,5,basic,premium,android,28,92.55,2.0,lang_a,1,I0102 I0123,
U025083,2026-06-01,central,18-24,2,basic,mid,android,71,50.36,3.0,lang_a,1,I0042,audio fitness
U025084,2026-06-01,west,50+,3,basic,unknown,android,79,125.38,3.0,lang_a,0,I0262 I0263 I0267 I0963 I0982 I0986,
U025085,2026-06-01,coastal,25-34,1,basic,entry,ios,48,123.59,4.0,lang_b,1,,bags local_experiences
U025086,2026-06-01,coastal,35-49,4,plus,unknown,android,1,63.8,3.0,lang_c,0,I0556 I0942,accessories home_care
U025087,2026-06-01,south,35-49,4,plus,mid,android,75,63.58,3.0,lang_b,1,I0291,furnishings wellness
U025088,2026-06-01,central,18-24,4,plus,mid,ios,29,96.3,4.0,lang_c,0,,fitness smart_devices
U025089,2026-06-01,east,25-34,3,plus,entry,android,61,,,lang_c,1,,books delivery
U025090,2026-06-01,west,18-24,1,plus,premium,android,11,43.63,3.0,lang_c,0,,
U025091,2026-06-01,coastal,35-49,3,basic,premium,android,45,29.11,4.0,lang_b,1,I0011 I0014 I0036 I0483,
U025092,2026-06-01,west,35-49,3,plus,mid,android,29,242.55,3.0,lang_a,0,I0113 I0664,bags outdoor
U025093,2026-06-01,central,25-34,4,basic,mid,ios,53,120.38,2.0,lang_c,1,,kitchen streaming
U025094,2026-06-01,central,18-24,1,basic,mid,android,79,30.21,3.0,lang_b,1,I0220 I0933,fitness streaming
U025095,2026-06-01,east,35-49,4,basic,mid,android,73,34.76,2.0,lang_b,1,I0671 I0680 I0685 I0866 I0872 I0892 I0910,delivery outdoor
U025096,2026-06-01,north,35-49,3,premium,mid,android,2,,3.0,lang_c,1,,creative_hobbies smart_devices
U025097,2026-06-01,south,50+,1,basic,premium,android,27,98.71,,lang_b,1,I0049,clothing kitchen
U025098,2026-06-01,coastal,25-34,5,basic,mid,ios,34,24.95,3.0,lang_c,1,,furnishings garden
U025099,2026-06-01,west,25-34,3,premium,premium,android,15,47.48,3.0,lang_a,0,,
U025100,2026-06-01,north,18-24,3,basic,entry,android,34,128.34,4.0,lang_c,1,I0489,garden outdoor
U025101,2026-06-01,north,18-24,5,basic,entry,android,19,28.15,,lang_b,1,,delivery fitness
U025102,2026-06-01,central,18-24,1,premium,mid,android,10,49.79,3.0,lang_a,1,,furnishings home_care
U025103,2026-06-01,east,18-24,4,basic,premium,ios,51,,3.0,lang_c,1,I0578 I0584 I0587,learning local_experiences
U025104,2026-06-01,south,50+,1,plus,mid,android,54,89.46,4.0,lang_b,1,I0057 I0063 I0069,computing connectivity
U025105,2026-06-01,north,50+,5,premium,entry,android,74,185.04,2.0,lang_a,0,I0308,books footwear
U025106,2026-06-01,south,18-24,2,plus,premium,android,8,43.72,3.0,lang_c,1,I0012,
U025107,2026-06-01,north,25-34,5,basic,unknown,ios,19,27.36,3.0,lang_a,1,,accessories computing
U025108,2026-06-01,central,18-24,5,basic,mid,ios,22,80.21,3.0,lang_c,1,I0209 I0518 I0528 I0534 I0537,bags delivery
U025109,2026-06-01,central,35-49,3,plus,premium,ios,43,68.95,4.0,lang_a,0,I0104 I0118 I0239 I0530 I0979,gaming streaming
U025110,2026-06-01,south,25-34,2,plus,entry,ios,46,87.42,3.0,lang_a,1,,
U025111,2026-06-01,south,25-34,5,basic,entry,ios,78,137.45,2.0,lang_c,0,I0113 I0142 I0322 I0571,
U025112,2026-06-01,south,25-34,2,basic,entry,ios,51,120.15,5.0,lang_a,0,I0964 I0986,fitness outdoor
U025113,2026-06-01,central,18-24,1,basic,mid,android,44,124.3,,lang_b,1,I0004 I0287 I0331,creative_hobbies smart_devices
U025114,2026-06-01,south,25-34,4,basic,mid,ios,18,35.93,3.0,lang_b,1,I0301 I0315 I0322 I0323,
U025115,2026-06-01,south,35-49,5,basic,premium,android,43,90.49,4.0,lang_c,0,,
U025116,2026-06-01,coastal,25-34,2,basic,premium,android,12,82.85,3.0,lang_c,1,,connectivity wellness
U025117,2026-06-01,south,50+,4,basic,entry,android,17,266.3,3.0,lang_c,1,I0110,
U025118,2026-06-01,east,35-49,2,basic,entry,android,61,40.67,3.0,lang_b,1,I0216 I0233 I0253 I0263 I0281 I0282 I0926,kitchen local_experiences
U025119,2026-06-01,north,18-24,2,basic,mid,android,6,194.4,4.0,lang_a,1,I0908 I0912 I0919,
U025120,2026-06-01,east,25-34,2,basic,entry,android,17,54.15,3.0,lang_a,0,,
U025121,2026-06-01,coastal,50+,2,basic,premium,android,5,97.42,5.0,lang_b,1,,creative_hobbies gaming
U025122,2026-06-01,north,50+,5,basic,mid,ios,82,104.21,2.0,lang_a,1,,clothing footwear
U025123,2026-06-01,east,18-24,3,plus,mid,android,9,26.29,3.0,lang_b,0,I0256,creative_hobbies furnishings
U025124,2026-06-01,central,35-49,4,basic,entry,ios,54,17.85,,lang_a,0,,accessories local_experiences
U025125,2026-06-01,north,18-24,4,basic,mid,android,22,4.62,2.0,lang_a,1,I0028 I0578 I0864 I0903 I0906 I0913 I0916 I0944 I0945 I0955 I0958 I0960 I0972 I0987 I0989,garden home_care
U025126,2026-06-01,coastal,35-49,3,basic,premium,ios,30,63.84,4.0,lang_b,0,I0650 I0918 I0927 I0931,footwear wellness
U025127,2026-06-01,central,50+,4,basic,entry,android,36,45.28,2.0,lang_c,1,I0023 I0469 I0470,
U025128,2026-06-01,east,50+,3,plus,entry,android,49,51.46,4.0,lang_c,1,,bags clothing
U025129,2026-06-01,south,50+,5,plus,mid,ios,48,85.36,,lang_a,0,I0014 I0243,
U025130,2026-06-01,east,25-34,3,basic,mid,android,46,,2.0,lang_a,1,I0488,
U025131,2026-06-01,south,35-49,1,plus,entry,android,39,113.48,3.0,lang_c,1,I0075,footwear home_care
U025132,2026-06-01,west,35-49,4,plus,mid,android,14,149.46,3.0,lang_b,1,I0953 I0958,
U025133,2026-06-01,east,25-34,4,basic,premium,android,41,133.97,3.0,lang_a,0,I0010 I0209 I0212 I0232 I0237 I0241 I0283 I0317 I0339 I0578,
U025134,2026-06-01,central,18-24,5,premium,mid,android,61,14.2,2.0,lang_c,1,,furnishings smart_devices
U025135,2026-06-01,east,35-49,5,basic,mid,android,34,27.7,3.0,lang_a,0,,books travel_accessories
U025136,2026-06-01,west,35-49,4,basic,entry,ios,52,23.33,5.0,lang_a,0,I0990,fitness home_care
U025137,2026-06-01,north,35-49,1,plus,unknown,ios,11,16.03,2.0,lang_c,1,,
U025138,2026-06-01,east,35-49,5,basic,mid,android,46,93.59,2.0,lang_a,1,I0589 I0953 I0975,
U025139,2026-06-01,north,18-24,3,basic,premium,ios,41,81.98,5.0,lang_b,0,,
U025140,2026-06-01,north,35-49,4,basic,mid,android,17,85.3,,lang_b,0,,
U025141,2026-06-01,west,50+,3,basic,mid,android,65,,2.0,lang_a,0,I0024 I0037 I0208 I0257 I0291 I0472,clothing local_experiences
U025142,2026-06-01,coastal,18-24,1,basic,entry,android,45,46.87,3.0,lang_c,0,I0511 I0522 I0542,bags wellness
U025143,2026-06-01,central,50+,5,basic,mid,android,61,42.42,,lang_c,1,,audio home_care
U025144,2026-06-01,central,50+,1,basic,entry,android,84,22.02,4.0,lang_b,1,I0537 I0578,
U025145,2026-06-01,west,35-49,1,basic,mid,ios,81,44.94,3.0,lang_c,0,I0038 I0196,connectivity smart_devices
U025146,2026-06-01,coastal,50+,5,basic,mid,android,48,128.72,2.0,lang_b,1,I0076,
U025147,2026-06-01,east,35-49,3,basic,mid,android,31,66.89,,lang_b,1,,
U025148,2026-06-01,central,18-24,4,premium,mid,android,16,72.03,3.0,lang_a,0,I0693,gaming kitchen
U025149,2026-06-01,coastal,25-34,3,basic,entry,ios,46,25.35,,lang_b,1,I0151 I0176 I0516 I0518,bags smart_devices
U025150,2026-06-01,south,35-49,3,premium,mid,android,77,310.43,2.0,lang_b,1,I0008 I0010 I0015 I0016 I0026 I0032 I0036 I0041 I0859 I0867,audio smart_devices
U025151,2026-06-01,east,25-34,4,plus,entry,android,1,58.23,3.0,lang_a,0,I0867,
U025152,2026-06-01,south,35-49,5,basic,premium,ios,24,33.02,2.0,lang_c,1,I0113 I0228 I0653,clothing gaming
U025153,2026-06-01,central,18-24,3,basic,premium,android,13,71.9,2.0,lang_b,0,,furnishings wellness
U025154,2026-06-01,south,25-34,3,plus,mid,android,16,42.27,5.0,lang_c,1,I0113,gaming mobile_accessories
U025155,2026-06-01,central,35-49,2,basic,mid,android,70,92.48,,lang_c,1,I0223 I0865 I0957 I0989,clothing computing
U025156,2026-06-01,west,25-34,1,premium,premium,ios,11,15.54,3.0,lang_a,0,I0042,
U025157,2026-06-01,south,18-24,1,plus,mid,android,68,63.83,,lang_c,1,,accessories computing
U025158,2026-06-01,east,50+,4,plus,entry,android,75,90.82,2.0,lang_b,1,,books gaming
U025159,2026-06-01,east,25-34,2,basic,entry,android,80,70.77,2.0,lang_a,1,I0079 I0096 I0218,
U025160,2026-06-01,south,18-24,5,premium,entry,ios,20,288.86,4.0,lang_a,1,,accessories travel_accessories
U025161,2026-06-01,north,18-24,4,basic,premium,ios,28,,4.0,lang_c,1,I0978,
U025162,2026-06-01,central,50+,2,plus,mid,ios,7,133.0,,lang_b,1,I0078 I0079 I0854,creative_hobbies gaming
U025163,2026-06-01,east,35-49,2,basic,premium,android,72,111.58,2.0,lang_b,1,,home_care kitchen
U025164,2026-06-01,east,35-49,4,basic,mid,android,38,51.62,4.0,lang_c,1,I0073 I0127 I0132 I0147,connectivity footwear
U025165,2026-06-01,coastal,50+,4,premium,premium,ios,51,51.58,4.0,lang_c,1,I0142 I0875,
U025166,2026-06-01,north,35-49,3,plus,mid,android,39,59.44,3.0,lang_b,1,I0069 I0590 I0917,connectivity delivery
U025167,2026-06-01,west,35-49,3,basic,entry,android,8,61.75,,lang_a,1,,local_experiences streaming
U025168,2026-06-01,central,50+,1,basic,mid,android,45,73.06,3.0,lang_a,1,,audio kitchen
U025169,2026-06-01,south,18-24,2,premium,entry,ios,45,22.01,2.0,lang_a,1,I0510,mobile_accessories wellness
U025170,2026-06-01,south,50+,4,basic,entry,android,8,,3.0,lang_a,1,I0858 I0884,outdoor travel_accessories
U025171,2026-06-01,coastal,18-24,2,basic,mid,ios,17,32.26,1.0,lang_c,1,I0557,creative_hobbies local_experiences
U025172,2026-06-01,coastal,18-24,4,premium,premium,ios,63,73.89,3.0,lang_a,0,,
U025173,2026-06-01,south,50+,2,basic,unknown,android,23,95.0,3.0,lang_c,1,I0118 I0188,
U025174,2026-06-01,east,18-24,1,plus,premium,ios,50,39.2,4.0,lang_b,1,I0889,audio kitchen
U025175,2026-06-01,coastal,25-34,2,basic,premium,android,27,72.63,4.0,lang_c,1,I0293,furnishings streaming
U025176,2026-06-01,south,25-34,1,premium,mid,ios,29,42.1,,lang_a,0,I0300,kitchen smart_devices
U025177,2026-06-01,coastal,50+,2,basic,entry,android,17,46.27,3.0,lang_b,1,I0509,bags clothing
U025178,2026-06-01,north,35-49,5,premium,premium,android,68,,3.0,lang_c,1,I0696,gaming travel_accessories
U025179,2026-06-01,east,50+,4,basic,mid,android,19,53.22,3.0,lang_c,0,I0122 I0182 I0187 I0195,creative_hobbies learning
U025180,2026-06-01,coastal,25-34,4,basic,entry,ios,37,34.59,2.0,lang_a,0,I0055 I0061 I0086,books computing
U025181,2026-06-01,west,35-49,5,plus,mid,android,37,,2.0,lang_b,0,I0119 I0200 I0216 I0507 I0675,kitchen outdoor
U025182,2026-06-01,west,18-24,4,plus,entry,android,21,46.51,3.0,lang_c,1,I0950,
U025183,2026-06-01,central,50+,4,premium,entry,android,44,56.3,3.0,lang_a,0,I0023 I0037 I0523 I0871 I0876 I0885,
U025184,2026-06-01,west,25-34,1,premium,entry,android,69,154.66,2.0,lang_b,1,,audio delivery
U025185,2026-06-01,south,35-49,1,basic,premium,android,77,33.81,4.0,lang_a,0,I0002 I0008 I0018 I0026 I0030 I0031 I0037 I0049 I0574,delivery garden
U025186,2026-06-01,south,50+,5,basic,premium,android,21,112.91,4.0,lang_b,1,I0916 I0979,
U025187,2026-06-01,north,18-24,2,basic,mid,ios,11,134.07,2.0,lang_a,1,I0128,
U025188,2026-06-01,north,50+,3,plus,entry,android,73,43.81,2.0,lang_a,1,I0250 I0261 I0264,
U025189,2026-06-01,south,50+,3,basic,mid,android,67,253.35,3.0,lang_c,1,I0267 I0528,bags gaming
U025190,2026-06-01,west,18-24,2,basic,premium,android,63,158.55,4.0,lang_b,1,I0908,
U025191,2026-06-01,south,50+,5,plus,entry,ios,33,32.38,2.0,lang_b,1,I0155 I0321 I0686,
U025192,2026-06-01,east,35-49,4,plus,mid,android,45,,5.0,lang_b,1,,furnishings learning
U025193,2026-06-01,central,25-34,5,basic,unknown,android,25,154.92,,lang_c,0,I0287 I0293,computing smart_devices
U025194,2026-06-01,east,18-24,4,basic,entry,android,23,20.15,4.0,lang_c,1,,books travel_accessories
U025195,2026-06-01,east,18-24,2,basic,mid,ios,7,214.21,5.0,lang_c,0,I0259,
U025196,2026-06-01,west,50+,3,plus,premium,android,60,23.63,,lang_a,0,,
U025197,2026-06-01,coastal,18-24,2,plus,entry,ios,45,84.23,3.0,lang_c,1,I0012 I0016 I0023 I0026 I0037 I0973,
U025198,2026-06-01,coastal,50+,2,plus,mid,android,23,62.71,3.0,lang_b,1,I0073 I0664,connectivity wellness
U025199,2026-06-01,east,35-49,1,basic,mid,android,41,43.7,3.0,lang_a,1,I0036 I0165 I0451 I0480,
U025200,2026-06-01,east,35-49,3,plus,premium,ios,74,40.76,3.0,lang_c,1,I0208,computing wellness
U025201,2026-06-01,west,18-24,3,basic,mid,android,19,44.26,3.0,lang_a,1,I0490,
U025202,2026-06-01,east,50+,5,basic,entry,android,11,30.03,4.0,lang_c,0,I0291,
U025203,2026-06-01,central,35-49,5,plus,mid,android,59,220.68,3.0,lang_c,1,,
U025204,2026-06-01,west,25-34,5,basic,entry,android,16,219.1,5.0,lang_c,1,I0324,
U025205,2026-06-01,south,25-34,5,basic,premium,ios,54,263.27,2.0,lang_b,0,,
U025206,2026-06-01,north,25-34,3,basic,entry,android,48,28.39,2.0,lang_a,0,,
U025207,2026-06-01,east,18-24,4,basic,premium,ios,32,102.74,3.0,lang_a,1,I0685,
U025208,2026-06-01,south,18-24,4,basic,entry,ios,62,43.46,2.0,lang_b,1,I0032 I0152 I0197,learning smart_devices
U025209,2026-06-01,north,25-34,2,plus,entry,ios,63,91.27,5.0,lang_c,1,I0983,audio clothing
U025210,2026-06-01,coastal,18-24,1,basic,entry,android,66,64.63,3.0,lang_a,1,I0856 I0858 I0870,
U025211,2026-06-01,south,35-49,2,premium,mid,ios,53,50.39,3.0,lang_a,0,,
U025212,2026-06-01,central,18-24,3,basic,entry,android,73,137.07,3.0,lang_c,1,I0919,audio delivery
U025213,2026-06-01,coastal,35-49,3,plus,mid,android,82,57.32,4.0,lang_b,1,,books creative_hobbies
U025214,2026-06-01,coastal,25-34,3,plus,premium,android,34,77.98,,lang_c,1,,delivery streaming
U025215,2026-06-01,south,50+,1,plus,entry,ios,54,78.76,3.0,lang_c,0,I0279 I0975,bags delivery
U025216,2026-06-01,west,50+,1,basic,premium,android,43,105.98,3.0,lang_b,0,I0991,
U025217,2026-06-01,west,35-49,1,plus,premium,android,26,21.87,2.0,lang_c,0,I0541,learning travel_accessories
U025218,2026-06-01,coastal,35-49,5,plus,premium,android,55,35.91,4.0,lang_a,0,I0261,books mobile_accessories
U025219,2026-06-01,coastal,35-49,3,basic,mid,android,22,112.47,5.0,lang_b,1,,delivery mobile_accessories
U025220,2026-06-01,central,18-24,1,basic,mid,android,83,53.93,2.0,lang_b,1,I0160 I0306 I0317 I0931,
U025221,2026-06-01,south,50+,2,basic,premium,android,73,51.02,3.0,lang_b,0,I0229,
U025222,2026-06-01,east,18-24,3,premium,mid,ios,39,92.43,2.0,lang_b,0,I0000 I0003 I0009 I0010 I0021 I0031 I0035 I0038 I0064 I0075 I0203 I0206 I0209 I0501 I0502 I0509 I0520 I0531 I0534 I0536 I0537 I0851,bags home_care
U025223,2026-06-01,coastal,25-34,1,basic,mid,ios,46,33.88,4.0,lang_c,1,I0111 I0235 I0271 I0664,mobile_accessories outdoor
U025224,2026-06-01,north,35-49,1,basic,mid,ios,6,47.69,3.0,lang_a,0,I0171,home_care smart_devices
U025225,2026-06-01,east,18-24,5,basic,premium,ios,66,101.88,4.0,lang_c,0,I0156 I0494 I0537,
U025226,2026-06-01,coastal,50+,2,basic,premium,ios,4,37.67,5.0,lang_a,1,,connectivity learning
U025227,2026-06-01,west,50+,4,basic,mid,android,74,93.32,,lang_a,0,,
U025228,2026-06-01,south,35-49,4,basic,premium,android,59,40.94,4.0,lang_a,0,I0261 I0263 I0968,fitness learning
U025229,2026-06-01,east,35-49,1,plus,mid,android,29,66.19,2.0,lang_a,0,I0225 I0902,
U025230,2026-06-01,east,50+,4,premium,mid,ios,6,37.65,4.0,lang_c,1,I0861,
U025231,2026-06-01,coastal,18-24,3,premium,premium,ios,72,375.47,3.0,lang_c,0,I0052 I0999,audio smart_devices
U025232,2026-06-01,south,25-34,5,premium,mid,android,66,26.82,5.0,lang_b,1,I0167,
U025233,2026-06-01,west,18-24,5,basic,unknown,ios,55,100.63,4.0,lang_b,1,,
U025234,2026-06-01,north,18-24,1,plus,entry,android,49,47.35,2.0,lang_b,1,I0258 I0262 I0263 I0278,furnishings local_experiences
U025235,2026-06-01,coastal,50+,1,basic,premium,android,5,39.33,2.0,lang_a,1,I0049 I0055 I0066 I0075 I0080 I0851,books outdoor
U025236,2026-06-01,west,25-34,2,basic,entry,ios,84,77.78,1.0,lang_c,0,I0454 I0556 I0560 I0590 I0591 I0683 I0852 I0856 I0894 I0920,accessories gaming
U025237,2026-06-01,north,25-34,5,basic,entry,android,67,19.15,3.0,lang_c,0,I0677,
U025238,2026-06-01,west,25-34,3,basic,premium,ios,83,60.07,3.0,lang_b,1,I0323,
U025239,2026-06-01,central,35-49,5,premium,entry,android,71,61.7,3.0,lang_c,0,I0051 I0507 I0513 I0515 I0516 I0527 I0535 I0538,
U025240,2026-06-01,north,25-34,1,basic,entry,ios,5,106.91,3.0,lang_c,0,I0249 I0324,clothing garden
U025241,2026-06-01,south,50+,4,basic,premium,android,61,131.05,4.0,lang_a,1,I0566,delivery travel_accessories
U025242,2026-06-01,coastal,25-34,4,basic,mid,android,54,88.66,,lang_a,0,,audio books
U025243,2026-06-01,central,25-34,1,plus,entry,ios,8,26.13,4.0,lang_c,0,I0918,
U025244,2026-06-01,west,50+,2,basic,mid,android,57,59.2,3.0,lang_c,1,I0902 I0913 I0926,
U025245,2026-06-01,central,18-24,2,plus,entry,android,77,92.29,3.0,lang_c,1,,
U025246,2026-06-01,east,25-34,4,basic,mid,android,38,57.42,1.0,lang_a,1,I0126 I0131 I0139 I0471,clothing garden
U025247,2026-06-01,north,35-49,2,premium,entry,android,55,33.45,2.0,lang_c,1,I0497 I0652 I0677,clothing streaming
U025248,2026-06-01,central,18-24,3,basic,premium,ios,55,151.2,4.0,lang_c,1,I0334 I0657 I0677 I0684 I0693,audio gaming
U025249,2026-06-01,north,18-24,5,basic,entry,android,18,,4.0,lang_a,1,I0488 I0489 I0586 I0904,audio delivery
U025250,2026-06-01,coastal,25-34,1,basic,entry,ios,5,47.61,1.0,lang_b,1,I0040,clothing smart_devices
U025251,2026-06-01,central,35-49,5,plus,mid,android,26,177.34,4.0,lang_a,1,I0078 I0092 I0973,
U025252,2026-06-01,west,18-24,2,basic,mid,ios,60,174.98,3.0,lang_a,1,I0466 I0557 I0565 I0922,
U025253,2026-06-01,south,25-34,4,basic,entry,ios,22,63.72,,lang_b,0,,furnishings mobile_accessories
U025254,2026-06-01,central,50+,3,basic,mid,android,49,27.07,2.0,lang_a,0,I0183,computing smart_devices
U025255,2026-06-01,east,25-34,5,basic,entry,android,41,56.6,3.0,lang_b,1,I0261 I0500 I0528 I0542,bags home_care
U025256,2026-06-01,south,25-34,1,plus,entry,android,40,76.33,,lang_a,0,,furnishings mobile_accessories
U025257,2026-06-01,north,50+,2,basic,entry,android,41,48.22,1.0,lang_c,0,I0961 I0965 I0971 I0975 I0991,
U025258,2026-06-01,coastal,25-34,2,premium,premium,ios,45,50.84,3.0,lang_c,1,,bags footwear
U025259,2026-06-01,north,50+,4,plus,mid,android,38,90.14,3.0,lang_c,1,I0685,
U025260,2026-06-01,west,50+,4,basic,premium,android,25,,3.0,lang_a,1,I0943,computing creative_hobbies
U025261,2026-06-01,central,35-49,1,basic,mid,android,24,120.02,2.0,lang_b,1,I0059 I0077 I0089 I0325,
U025262,2026-06-01,coastal,25-34,3,plus,mid,ios,37,133.94,3.0,lang_a,1,I0175,
U025263,2026-06-01,south,50+,2,basic,premium,ios,49,35.74,3.0,lang_a,0,I0518 I0520 I0904 I0942,
U025264,2026-06-01,south,35-49,1,basic,premium,ios,48,227.35,2.0,lang_c,1,I0487,delivery footwear
U025265,2026-06-01,coastal,25-34,5,basic,mid,android,76,207.52,2.0,lang_b,0,I0920,fitness mobile_accessories
U025266,2026-06-01,central,50+,3,basic,entry,ios,18,25.42,3.0,lang_c,1,,creative_hobbies home_care
U025267,2026-06-01,central,18-24,5,plus,premium,ios,62,126.62,2.0,lang_b,1,I0565 I0582,computing local_experiences
U025268,2026-06-01,coastal,50+,1,plus,entry,android,51,71.65,3.0,lang_b,0,,footwear mobile_accessories
U025269,2026-06-01,east,25-34,3,basic,entry,ios,84,58.37,3.0,lang_b,1,,
U025270,2026-06-01,north,50+,5,basic,premium,ios,48,71.03,4.0,lang_c,0,,
U025271,2026-06-01,east,50+,5,basic,entry,android,26,102.46,2.0,lang_b,1,I0461,home_care travel_accessories
U025272,2026-06-01,central,35-49,5,basic,entry,android,41,91.23,,lang_a,0,,
U025273,2026-06-01,coastal,50+,4,plus,mid,android,83,44.37,4.0,lang_c,0,,delivery wellness
U025274,2026-06-01,coastal,50+,5,plus,premium,android,79,32.23,4.0,lang_a,1,I0336,bags garden
U025275,2026-06-01,east,18-24,3,premium,mid,ios,14,84.16,2.0,lang_c,1,I0102 I0106 I0115 I0131 I0142,
U025276,2026-06-01,south,25-34,2,basic,mid,ios,36,46.86,3.0,lang_b,0,,
U025277,2026-06-01,coastal,35-49,1,basic,unknown,android,53,73.94,3.0,lang_b,0,I0262 I0311,
U025278,2026-06-01,east,35-49,3,basic,entry,android,18,123.19,2.0,lang_a,0,,
U025279,2026-06-01,west,50+,2,plus,mid,android,84,35.22,2.0,lang_b,1,I0531 I0541,
U025280,2026-06-01,central,50+,4,premium,mid,ios,62,108.37,3.0,lang_a,1,I0278 I0490,clothing outdoor
U025281,2026-06-01,north,50+,2,plus,entry,android,23,26.56,3.0,lang_a,1,I0227 I0468 I0890 I0892,outdoor wellness
U025282,2026-06-01,coastal,35-49,1,basic,premium,android,50,13.37,2.0,lang_a,0,I0139 I0910 I0911 I0933,books delivery
U025283,2026-06-01,south,35-49,2,basic,premium,android,54,131.98,3.0,lang_c,0,,clothing footwear
U025284,2026-06-01,south,18-24,2,plus,mid,android,56,94.97,3.0,lang_a,0,I0139 I0188,
U025285,2026-06-01,coastal,25-34,1,basic,mid,android,19,71.36,3.0,lang_a,0,,bags outdoor
U025286,2026-06-01,north,50+,5,basic,mid,ios,27,52.16,2.0,lang_a,1,I0062,computing smart_devices
U025287,2026-06-01,central,50+,5,premium,premium,android,16,80.51,3.0,lang_c,1,,audio delivery
U025288,2026-06-01,east,18-24,1,basic,entry,android,49,51.43,4.0,lang_a,1,,accessories streaming
U025289,2026-06-01,central,50+,2,basic,mid,android,38,101.84,5.0,lang_c,1,,books travel_accessories
U025290,2026-06-01,coastal,18-24,1,premium,premium,android,48,72.74,2.0,lang_a,1,I0863 I0892,delivery kitchen
U025291,2026-06-01,coastal,25-34,5,premium,mid,android,42,45.62,3.0,lang_c,1,I0054 I0058 I0095,computing creative_hobbies
U025292,2026-06-01,south,18-24,3,plus,mid,android,11,,3.0,lang_a,0,I0868 I0892,garden outdoor
U025293,2026-06-01,south,18-24,5,basic,entry,ios,75,135.27,4.0,lang_c,1,,fitness footwear
U025294,2026-06-01,east,18-24,5,premium,mid,android,80,30.6,2.0,lang_b,1,,connectivity smart_devices
U025295,2026-06-01,south,50+,4,basic,entry,android,67,91.2,3.0,lang_a,0,,
U025296,2026-06-01,central,50+,4,basic,premium,ios,42,71.9,4.0,lang_b,0,I0260,
U025297,2026-06-01,coastal,25-34,5,basic,mid,android,22,,2.0,lang_a,0,I0267,bags kitchen
U025298,2026-06-01,coastal,35-49,3,basic,mid,android,77,24.17,3.0,lang_b,1,,
U025299,2026-06-01,central,25-34,3,plus,mid,android,41,130.55,3.0,lang_a,1,,accessories kitchen
U025300,2026-06-01,south,35-49,4,plus,mid,android,22,43.42,3.0,lang_c,1,,books streaming
U025301,2026-06-01,east,50+,5,basic,premium,android,79,55.51,2.0,lang_c,0,,footwear streaming
U025302,2026-06-01,west,25-34,5,plus,premium,android,29,56.01,3.0,lang_b,1,,
U025303,2026-06-01,north,18-24,5,basic,entry,ios,26,68.47,3.0,lang_c,0,I0247 I0513,
U025304,2026-06-01,central,25-34,1,premium,mid,android,7,99.6,4.0,lang_a,1,,computing furnishings
U025305,2026-06-01,central,50+,1,basic,mid,ios,51,28.98,2.0,lang_b,1,I0275,
U025306,2026-06-01,south,25-34,2,plus,mid,ios,64,43.99,3.0,lang_b,1,I0892,
U025307,2026-06-01,central,35-49,4,basic,premium,android,50,,,lang_b,1,I0974 I0987 I0990,
U025308,2026-06-01,west,50+,3,basic,entry,android,70,25.47,2.0,lang_a,1,,
U025309,2026-06-01,east,35-49,4,plus,premium,android,51,55.63,3.0,lang_a,0,I0486 I0491,footwear wellness
U025310,2026-06-01,coastal,35-49,5,basic,premium,android,61,21.83,1.0,lang_b,0,I0135,
U025311,2026-06-01,west,25-34,1,basic,premium,android,72,44.61,3.0,lang_a,0,I0203 I0226 I0543 I0901,kitchen smart_devices
U025312,2026-06-01,central,35-49,1,premium,mid,android,79,32.11,4.0,lang_a,0,,clothing delivery
U025313,2026-06-01,coastal,25-34,3,basic,mid,android,71,29.66,3.0,lang_b,1,I0951,connectivity footwear
U025314,2026-06-01,central,25-34,4,basic,mid,android,5,63.86,3.0,lang_b,0,,clothing connectivity
U025315,2026-06-01,east,50+,4,plus,entry,ios,15,58.96,3.0,lang_a,1,I0927,
U025316,2026-06-01,west,25-34,1,basic,premium,ios,33,19.48,2.0,lang_b,0,I0861,
U025317,2026-06-01,central,50+,1,basic,entry,android,21,46.03,3.0,lang_b,1,I0525 I0536,
U025318,2026-06-01,east,25-34,3,basic,premium,android,65,143.41,5.0,lang_a,1,I0939,computing garden
U025319,2026-06-01,central,35-49,3,basic,entry,ios,1,69.7,3.0,lang_a,0,,garden local_experiences
U025320,2026-06-01,central,25-34,4,premium,mid,ios,21,82.23,1.0,lang_a,1,,
U025321,2026-06-01,south,25-34,1,plus,mid,android,7,,4.0,lang_b,1,I0014 I0208 I0213 I0218 I0223,
U025322,2026-06-01,west,18-24,2,plus,mid,ios,71,79.24,2.0,lang_b,1,,books mobile_accessories
U025323,2026-06-01,east,25-34,2,plus,unknown,android,49,26.15,3.0,lang_c,1,I0579 I0926,books wellness
U025324,2026-06-01,east,25-34,2,basic,entry,android,55,121.17,3.0,lang_c,0,,creative_hobbies footwear
U025325,2026-06-01,north,18-24,5,plus,premium,android,56,109.31,2.0,lang_c,1,,audio learning
U025326,2026-06-01,west,50+,2,premium,mid,android,72,,4.0,lang_c,1,,footwear outdoor
U025327,2026-06-01,north,50+,4,basic,entry,android,61,40.62,3.0,lang_c,0,I0168 I0180,
U025328,2026-06-01,central,35-49,3,basic,mid,android,57,59.6,4.0,lang_a,0,I0213,books connectivity
U025329,2026-06-01,central,25-34,1,basic,entry,ios,69,51.25,2.0,lang_b,1,,fitness learning
U025330,2026-06-01,east,18-24,5,plus,entry,ios,44,70.33,1.0,lang_c,1,,
U025331,2026-06-01,east,50+,3,basic,mid,ios,72,61.8,3.0,lang_c,1,I0256 I0257 I0892,books delivery
U025332,2026-06-01,central,50+,4,basic,mid,ios,70,27.67,2.0,lang_a,0,I0667,
U025333,2026-06-01,north,35-49,4,basic,mid,android,46,92.94,4.0,lang_a,1,I0453,footwear home_care
U025334,2026-06-01,south,50+,4,plus,mid,ios,6,41.0,4.0,lang_c,1,,computing kitchen
U025335,2026-06-01,central,25-34,1,basic,premium,android,71,39.65,3.0,lang_b,1,I0257 I0260 I0652,
U025336,2026-06-01,south,50+,2,basic,premium,android,73,33.66,5.0,lang_b,1,,gaming mobile_accessories
U025337,2026-06-01,south,25-34,3,premium,entry,android,81,68.32,2.0,lang_a,0,,
U025338,2026-06-01,west,35-49,3,basic,entry,android,24,26.4,2.0,lang_c,1,I0008 I0480,books clothing
U025339,2026-06-01,east,25-34,1,premium,entry,android,63,57.63,4.0,lang_b,1,I0018 I0113 I0119 I0142 I0147 I0153 I0159 I0183 I0188 I0926 I0958 I0964 I0979 I0986,
U025340,2026-06-01,east,50+,3,basic,mid,android,6,35.05,3.0,lang_b,1,I0204 I0210 I0220 I0240 I0241 I0460 I0491,creative_hobbies kitchen
U025341,2026-06-01,east,25-34,5,basic,unknown,android,5,96.46,3.0,lang_a,0,,accessories connectivity
U025342,2026-06-01,west,35-49,2,plus,premium,android,40,34.51,4.0,lang_b,1,I0162,clothing connectivity
U025343,2026-06-01,east,50+,5,plus,mid,android,73,52.99,1.0,lang_a,1,,clothing footwear
U025344,2026-06-01,west,25-34,2,basic,entry,android,21,71.11,2.0,lang_a,0,I0018,
U025345,2026-06-01,east,18-24,1,premium,mid,android,25,69.75,2.0,lang_c,1,,
U025346,2026-06-01,east,25-34,3,basic,mid,ios,12,100.27,3.0,lang_b,0,I0086,
U025347,2026-06-01,east,50+,2,basic,premium,android,55,212.57,5.0,lang_b,1,,connectivity home_care
U025348,2026-06-01,west,50+,3,plus,premium,android,51,66.32,4.0,lang_c,1,I0682,
U025349,2026-06-01,south,50+,3,basic,premium,ios,34,45.94,,lang_c,1,I0332,delivery home_care
U025350,2026-06-01,central,50+,3,basic,mid,android,50,60.03,2.0,lang_c,1,I0113 I0301 I0337 I0341,garden mobile_accessories
U025351,2026-06-01,central,25-34,3,basic,entry,ios,75,72.96,1.0,lang_c,1,I0097 I0976,delivery furnishings
U025352,2026-06-01,north,18-24,3,basic,premium,ios,37,46.15,,lang_a,0,,home_care mobile_accessories
U025353,2026-06-01,east,35-49,1,basic,mid,ios,26,23.88,5.0,lang_c,1,,home_care streaming
U025354,2026-06-01,east,50+,3,plus,entry,android,44,88.14,2.0,lang_c,0,I0282,
U025355,2026-06-01,west,25-34,4,basic,premium,ios,18,40.0,,lang_c,1,I0961,
U025356,2026-06-01,north,35-49,4,basic,entry,ios,82,106.98,2.0,lang_a,0,I0091 I0312,fitness learning
U025357,2026-06-01,east,50+,4,plus,mid,ios,36,,,lang_a,0,I0236 I0461 I0938 I0985,bags kitchen
U025358,2026-06-01,north,25-34,1,basic,mid,ios,13,24.99,4.0,lang_a,1,I0212 I0663,
U025359,2026-06-01,central,18-24,3,basic,entry,android,20,50.64,3.0,lang_a,1,I0002 I0032 I0269 I0908 I0994,audio mobile_accessories
U025360,2026-06-01,south,50+,2,plus,entry,ios,37,139.93,4.0,lang_b,1,I0521,
U025361,2026-06-01,west,50+,2,plus,mid,ios,42,59.48,2.0,lang_b,1,I0235 I0886,
U025362,2026-06-01,central,18-24,4,plus,entry,android,49,192.54,2.0,lang_c,1,,
U025363,2026-06-01,coastal,35-49,1,premium,entry,android,80,36.97,3.0,lang_a,0,I0266,furnishings travel_accessories
U025364,2026-06-01,central,50+,3,plus,mid,ios,28,197.12,3.0,lang_c,1,,
U025365,2026-06-01,west,18-24,4,basic,premium,android,46,76.64,3.0,lang_b,1,,home_care streaming
U025366,2026-06-01,south,50+,2,basic,entry,ios,51,50.05,3.0,lang_b,0,I0909 I0933 I0951 I0978,fitness gaming
U025367,2026-06-01,central,25-34,2,plus,mid,android,23,37.88,2.0,lang_c,0,I0556 I0582,
U025368,2026-06-01,west,18-24,2,basic,premium,ios,17,57.46,3.0,lang_a,0,I0000 I0212 I0852 I0863 I0872,
U025369,2026-06-01,coastal,25-34,2,basic,mid,android,53,107.81,3.0,lang_a,0,,computing gaming
U025370,2026-06-01,coastal,25-34,1,basic,mid,android,53,162.49,2.0,lang_a,0,,bags footwear
U025371,2026-06-01,east,18-24,2,basic,mid,ios,57,39.54,4.0,lang_a,0,I0455 I0586,learning travel_accessories
U025372,2026-06-01,south,50+,2,basic,entry,ios,60,94.43,2.0,lang_b,1,,
U025373,2026-06-01,west,25-34,2,plus,entry,ios,22,61.81,3.0,lang_a,1,,
U025374,2026-06-01,north,35-49,5,basic,premium,ios,30,114.35,3.0,lang_b,1,,fitness garden
U025375,2026-06-01,central,35-49,1,premium,entry,android,25,98.6,3.0,lang_b,0,,
U025376,2026-06-01,west,35-49,3,basic,entry,android,47,276.26,3.0,lang_a,0,I0212 I0309 I0348 I0502 I0534,clothing smart_devices
U025377,2026-06-01,coastal,35-49,4,basic,premium,android,44,49.51,4.0,lang_b,1,,
U025378,2026-06-01,south,18-24,2,basic,entry,ios,46,14.17,3.0,lang_b,0,I0112 I0142,clothing creative_hobbies
U025379,2026-06-01,north,50+,2,plus,entry,android,84,36.03,3.0,lang_a,0,I0056 I0544 I0662 I0667,creative_hobbies outdoor
U025380,2026-06-01,south,35-49,3,basic,mid,android,19,35.7,2.0,lang_b,1,,
U025381,2026-06-01,north,35-49,2,basic,entry,android,21,27.68,4.0,lang_a,1,I0564,
U025382,2026-06-01,coastal,25-34,4,plus,mid,android,57,64.28,1.0,lang_b,0,I0080,fitness learning
U025383,2026-06-01,coastal,35-49,5,basic,entry,android,73,46.17,4.0,lang_c,0,,accessories books
U025384,2026-06-01,west,50+,1,plus,mid,android,6,30.87,3.0,lang_a,1,I0222,gaming kitchen
U025385,2026-06-01,south,35-49,2,basic,mid,android,66,92.07,3.0,lang_a,0,,footwear wellness
U025386,2026-06-01,east,18-24,5,plus,entry,android,33,70.95,4.0,lang_a,1,,
U025387,2026-06-01,south,18-24,2,basic,mid,ios,30,100.03,2.0,lang_b,1,,
U025388,2026-06-01,north,25-34,4,premium,mid,android,2,,,lang_b,0,,
U025389,2026-06-01,central,18-24,1,plus,mid,ios,55,45.82,2.0,lang_a,1,,
U025390,2026-06-01,west,25-34,4,basic,mid,android,58,61.98,4.0,lang_b,1,,
U025391,2026-06-01,coastal,25-34,1,basic,mid,android,29,55.77,5.0,lang_a,1,,
U025392,2026-06-01,west,18-24,2,basic,entry,ios,52,38.37,4.0,lang_a,1,I0854,
U025393,2026-06-01,west,50+,1,plus,mid,ios,39,100.5,1.0,lang_b,1,I0020 I0177 I0285 I0876 I0892 I0959 I0981 I0987,
U025394,2026-06-01,north,50+,1,plus,premium,ios,13,66.66,3.0,lang_b,1,,
U025395,2026-06-01,south,18-24,2,basic,entry,android,21,31.9,2.0,lang_b,1,I0025 I0118,
U025396,2026-06-01,coastal,50+,4,plus,mid,android,4,143.59,4.0,lang_c,1,,
U025397,2026-06-01,central,35-49,5,premium,entry,ios,67,79.39,,lang_a,1,I0968,
U025398,2026-06-01,coastal,50+,2,plus,entry,android,62,77.98,2.0,lang_c,0,I0926,learning streaming
U025399,2026-06-01,west,50+,5,premium,entry,android,28,,1.0,lang_b,0,,gaming learning
U025400,2026-06-01,south,35-49,4,basic,premium,ios,11,53.95,1.0,lang_c,0,,
U025401,2026-06-01,north,35-49,4,basic,premium,android,58,98.52,3.0,lang_a,0,I0347,
U025402,2026-06-01,west,25-34,4,basic,premium,ios,34,29.03,4.0,lang_c,1,I0954,
U025403,2026-06-01,north,25-34,4,plus,premium,android,32,48.0,,lang_b,1,I0274 I0554,
U025404,2026-06-01,south,25-34,5,basic,entry,android,54,27.57,,lang_c,0,,local_experiences wellness
U025405,2026-06-01,coastal,50+,2,basic,entry,android,74,76.37,3.0,lang_b,0,I0258 I0282 I0284 I0291,garden kitchen
U025406,2026-06-01,west,35-49,2,basic,premium,android,46,118.56,3.0,lang_a,1,I0139 I0564,fitness footwear
U025407,2026-06-01,central,35-49,3,plus,entry,android,73,30.57,3.0,lang_a,1,I0025 I0037,audio fitness
U025408,2026-06-01,coastal,35-49,5,plus,mid,android,77,88.8,2.0,lang_c,1,,accessories delivery
U025409,2026-06-01,coastal,50+,1,premium,mid,android,17,31.49,5.0,lang_b,0,I0936,computing kitchen
U025410,2026-06-01,central,35-49,1,basic,entry,android,12,36.55,2.0,lang_a,1,,
U025411,2026-06-01,coastal,35-49,2,basic,mid,ios,30,39.82,2.0,lang_c,0,I0930 I0941 I0952 I0955 I0974 I0981 I0983 I0986 I0987 I0990,fitness travel_accessories
U025412,2026-06-01,south,50+,1,premium,mid,ios,73,81.09,3.0,lang_b,0,I0227 I0920,books learning
U025413,2026-06-01,east,25-34,2,basic,mid,android,46,108.83,3.0,lang_b,1,,books footwear
U025414,2026-06-01,central,18-24,2,basic,premium,ios,51,42.87,,lang_b,1,I0466 I0480 I0483 I0486,
U025415,2026-06-01,east,25-34,5,basic,premium,android,68,25.69,,lang_c,1,I0021 I0078 I0080 I0089,computing footwear
U025416,2026-06-01,north,25-34,1,premium,premium,ios,46,56.43,3.0,lang_a,1,I0172 I0552 I0650 I0926,
U025417,2026-06-01,north,35-49,2,plus,mid,ios,59,138.47,3.0,lang_b,1,,
U025418,2026-06-01,north,18-24,1,plus,entry,android,59,83.35,2.0,lang_c,0,I0592,accessories home_care
U025419,2026-06-01,east,18-24,4,basic,premium,android,28,,3.0,lang_c,1,,
U025420,2026-06-01,north,18-24,3,basic,mid,android,62,49.23,5.0,lang_b,1,,streaming travel_accessories
U025421,2026-06-01,coastal,18-24,3,basic,premium,android,47,211.57,3.0,lang_c,1,I0121 I0302 I0308 I0312 I0319 I0320 I0322 I0504 I0512 I0517 I0524,
U025422,2026-06-01,north,18-24,1,plus,entry,android,8,23.37,3.0,lang_b,1,I0048,bags streaming
U025423,2026-06-01,central,50+,4,basic,entry,android,72,,4.0,lang_a,0,I0159 I0161 I0190 I0193 I0856 I0963,bags travel_accessories
U025424,2026-06-01,north,35-49,5,plus,mid,ios,66,38.48,3.0,lang_b,1,I0031 I0039 I0081,accessories delivery
U025425,2026-06-01,north,25-34,2,basic,mid,android,22,15.51,2.0,lang_b,0,,
U025426,2026-06-01,coastal,50+,4,premium,premium,android,63,278.25,4.0,lang_a,0,I0056 I0064 I0210 I0221 I0223 I0277 I0569 I0594 I0927,
U025427,2026-06-01,east,25-34,1,plus,premium,android,7,76.56,3.0,lang_b,0,,
U025428,2026-06-01,east,50+,1,basic,mid,android,77,39.49,2.0,lang_a,0,I0186 I0511 I0538 I0567,home_care wellness
U025429,2026-06-01,north,18-24,3,plus,premium,android,53,118.18,3.0,lang_b,1,I0566,
U025430,2026-06-01,north,18-24,4,plus,entry,ios,46,113.06,3.0,lang_b,1,,furnishings learning
U025431,2026-06-01,north,35-49,5,basic,mid,ios,57,40.34,2.0,lang_a,0,,
U025432,2026-06-01,east,50+,2,basic,premium,ios,72,76.14,4.0,lang_b,1,I0309 I0336 I0346,creative_hobbies garden
U025433,2026-06-01,south,18-24,4,basic,mid,android,43,107.41,3.0,lang_a,1,,
U025434,2026-06-01,coastal,25-34,5,basic,premium,android,29,31.17,,lang_b,1,,books kitchen
U025435,2026-06-01,west,25-34,5,premium,mid,ios,17,195.45,4.0,lang_b,1,,bags books
U025436,2026-06-01,coastal,35-49,3,basic,mid,ios,49,26.86,4.0,lang_c,0,,
U025437,2026-06-01,north,50+,2,basic,premium,android,83,173.87,,lang_a,0,I0918,local_experiences travel_accessories
U025438,2026-06-01,south,35-49,5,premium,premium,android,1,32.26,4.0,lang_b,0,,
U025439,2026-06-01,north,35-49,1,basic,premium,android,42,31.07,3.0,lang_a,1,I0038 I0103 I0110 I0116 I0118 I0122 I0126 I0127 I0136 I0146 I0147 I0890,delivery mobile_accessories
U025440,2026-06-01,central,18-24,1,basic,entry,android,75,66.66,3.0,lang_c,1,I0531,bags furnishings
U025441,2026-06-01,north,35-49,5,premium,unknown,android,76,99.92,1.0,lang_a,1,I0499 I0510 I0653 I0673,kitchen smart_devices
U025442,2026-06-01,north,35-49,5,basic,entry,android,81,354.84,5.0,lang_c,1,I0123 I0154 I0233 I0584,audio smart_devices
U025443,2026-06-01,west,35-49,3,basic,mid,ios,31,86.72,1.0,lang_b,1,,
U025444,2026-06-01,central,18-24,3,plus,premium,ios,47,46.88,2.0,lang_b,0,I0970,
U025445,2026-06-01,north,18-24,2,basic,entry,android,49,113.68,,lang_c,1,,books furnishings
U025446,2026-06-01,coastal,50+,2,basic,mid,ios,8,49.07,,lang_b,1,I0062,furnishings kitchen
U025447,2026-06-01,east,35-49,3,basic,entry,android,75,108.65,3.0,lang_c,0,I0206 I0236 I0914,
U025448,2026-06-01,central,50+,5,premium,mid,ios,60,21.31,2.0,lang_a,0,I0587,creative_hobbies learning
U025449,2026-06-01,central,35-49,4,premium,premium,android,69,60.35,4.0,lang_c,1,I0157 I0308 I0343,
U025450,2026-06-01,central,35-49,3,basic,premium,ios,48,107.62,3.0,lang_b,1,,learning wellness
U025451,2026-06-01,south,35-49,1,basic,mid,android,38,52.57,3.0,lang_c,0,,
U025452,2026-06-01,south,35-49,1,basic,premium,android,50,32.57,,lang_c,1,I0108 I0125,audio kitchen
U025453,2026-06-01,coastal,25-34,5,basic,mid,android,61,57.32,4.0,lang_b,0,,
U025454,2026-06-01,west,18-24,4,basic,entry,android,18,,4.0,lang_c,1,,
U025455,2026-06-01,north,35-49,3,plus,premium,ios,26,54.09,4.0,lang_b,0,I0041,
U025456,2026-06-01,south,50+,1,plus,entry,ios,79,61.46,,lang_c,1,I0867 I0877 I0878 I0892 I0897,audio outdoor
U025457,2026-06-01,north,18-24,1,premium,mid,ios,52,,1.0,lang_c,0,I0560 I0925 I0983,bags clothing
U025458,2026-06-01,coastal,35-49,2,basic,entry,ios,18,44.1,4.0,lang_a,0,,gaming streaming
U025459,2026-06-01,coastal,25-34,3,basic,mid,ios,60,92.53,2.0,lang_c,1,I0032 I0243,bags smart_devices
U025460,2026-06-01,central,50+,1,basic,entry,android,10,60.72,4.0,lang_a,0,I0462 I0466 I0469 I0488 I0921 I0939,
U025461,2026-06-01,west,50+,4,premium,mid,android,46,161.72,3.0,lang_c,0,,local_experiences wellness
U025462,2026-06-01,north,25-34,1,premium,entry,android,7,64.1,2.0,lang_c,1,I0465,
U025463,2026-06-01,east,25-34,5,basic,mid,android,51,24.18,2.0,lang_b,0,I0077,computing footwear
U025464,2026-06-01,east,25-34,3,basic,unknown,ios,55,39.39,,lang_a,1,I0282 I0470 I0586,accessories furnishings
U025465,2026-06-01,south,18-24,1,basic,mid,ios,18,115.98,2.0,lang_c,1,I0464 I0466,
U025466,2026-06-01,north,25-34,5,basic,entry,android,78,19.54,3.0,lang_c,0,I0035 I0116 I0132 I0138 I0959,
U025467,2026-06-01,east,25-34,2,basic,mid,ios,41,18.39,5.0,lang_b,0,I0540 I0902 I0909 I0921 I0929 I0942,
U025468,2026-06-01,central,35-49,1,plus,mid,android,9,61.95,2.0,lang_a,1,I0256,fitness furnishings
U025469,2026-06-01,west,50+,4,premium,mid,android,24,50.81,3.0,lang_b,0,I0168 I0203 I0513,bags connectivity
U025470,2026-06-01,west,25-34,4,plus,mid,android,65,64.5,4.0,lang_a,0,I0217 I0232 I0887 I0972,creative_hobbies garden
U025471,2026-06-01,south,35-49,1,basic,mid,android,55,122.09,3.0,lang_c,0,I0593,
U025472,2026-06-01,west,35-49,5,basic,premium,android,34,99.7,3.0,lang_c,1,I0272 I0274 I0291 I0654 I0924,
U025473,2026-06-01,central,35-49,5,plus,mid,android,22,72.0,3.0,lang_a,0,I0301,
U025474,2026-06-01,south,35-49,5,basic,mid,android,71,41.8,,lang_b,0,I0480 I0957 I0961,clothing outdoor
U025475,2026-06-01,west,35-49,5,basic,mid,android,73,98.39,2.0,lang_a,1,I0130,furnishings local_experiences
U025476,2026-06-01,south,18-24,2,premium,mid,android,44,36.89,3.0,lang_b,1,I0141 I0286,
U025477,2026-06-01,central,50+,2,basic,mid,android,45,120.87,5.0,lang_b,0,,
U025478,2026-06-01,west,18-24,1,premium,mid,ios,83,40.5,4.0,lang_c,1,I0044 I0217 I0587 I0868 I0908,
U025479,2026-06-01,east,35-49,5,plus,mid,android,3,53.58,3.0,lang_c,1,,computing furnishings
U025480,2026-06-01,coastal,25-34,3,premium,mid,android,31,19.21,4.0,lang_a,1,,books wellness
U025481,2026-06-01,north,18-24,4,basic,entry,android,48,,3.0,lang_b,0,,
U025482,2026-06-01,north,18-24,1,plus,unknown,android,45,62.51,2.0,lang_b,1,I0537 I0975,
U025483,2026-06-01,east,50+,1,premium,entry,android,59,36.39,5.0,lang_a,1,,local_experiences wellness
U025484,2026-06-01,central,50+,2,plus,mid,android,42,79.21,1.0,lang_b,0,I0184 I0483 I0507 I0519 I0530 I0535 I0540 I0542 I0544 I0916,learning smart_devices
U025485,2026-06-01,central,25-34,5,premium,entry,android,21,19.01,3.0,lang_c,0,I0282 I0284,accessories smart_devices
U025486,2026-06-01,east,18-24,1,premium,entry,android,77,195.08,3.0,lang_c,0,,
U025487,2026-06-01,west,25-34,1,basic,premium,android,22,31.41,3.0,lang_a,0,,streaming wellness
U025488,2026-06-01,coastal,18-24,3,basic,premium,ios,25,55.95,5.0,lang_a,0,I0304 I0538 I0906 I0908,
U025489,2026-06-01,west,50+,3,premium,entry,android,52,193.38,2.0,lang_a,1,,outdoor wellness
U025490,2026-06-01,west,35-49,3,basic,premium,android,56,131.02,2.0,lang_b,1,,
U025491,2026-06-01,east,25-34,4,plus,mid,android,81,83.54,,lang_c,1,,connectivity travel_accessories
U025492,2026-06-01,coastal,50+,5,basic,mid,android,28,197.06,3.0,lang_a,1,I0512 I0524 I0528 I0529 I0544 I0566,
U025493,2026-06-01,central,25-34,5,plus,premium,android,55,,3.0,lang_b,1,,footwear smart_devices
U025494,2026-06-01,north,50+,4,plus,entry,android,72,70.46,5.0,lang_b,1,I0652,
U025495,2026-06-01,north,25-34,4,plus,premium,android,80,,3.0,lang_a,1,I0194 I0208,
U025496,2026-06-01,south,18-24,2,plus,entry,ios,58,36.67,5.0,lang_a,1,I0005 I0503 I0514 I0516 I0681,bags fitness
U025497,2026-06-01,north,25-34,5,basic,mid,ios,78,28.76,4.0,lang_b,1,I0266 I0279,furnishings garden
U025498,2026-06-01,east,25-34,2,basic,mid,ios,31,103.28,4.0,lang_c,1,I0025 I0027 I0104 I0187 I0234 I0327 I0453 I0474 I0476 I0489,delivery mobile_accessories
U025499,2026-06-01,east,18-24,5,basic,unknown,android,26,54.52,5.0,lang_a,1,I0852,
U025500,2026-06-01,east,50+,2,premium,mid,android,80,73.97,3.0,lang_c,0,I0208 I0235,
U025501,2026-06-01,east,50+,5,basic,mid,android,44,32.16,2.0,lang_b,1,,delivery garden
U025502,2026-06-01,north,35-49,2,plus,mid,android,14,24.8,2.0,lang_a,1,I0866 I0874 I0880 I0889,home_care kitchen
U025503,2026-06-01,coastal,50+,4,basic,entry,android,59,41.37,2.0,lang_b,1,I0111 I0123 I0127 I0131 I0139,
U025504,2026-06-01,coastal,50+,1,basic,entry,android,7,35.79,3.0,lang_b,0,I0147,
U025505,2026-06-01,west,18-24,5,premium,unknown,android,40,121.79,2.0,lang_b,0,I0216 I0575 I0681,learning streaming
U025506,2026-06-01,south,18-24,2,basic,mid,android,20,32.81,3.0,lang_c,0,I0872,
U025507,2026-06-01,east,50+,5,basic,entry,android,24,72.58,4.0,lang_b,0,I0676,
U025508,2026-06-01,north,35-49,4,plus,mid,android,18,59.69,5.0,lang_c,1,,
U025509,2026-06-01,east,18-24,5,plus,entry,android,50,45.6,3.0,lang_a,1,I0183,
U025510,2026-06-01,north,35-49,3,premium,mid,ios,55,99.27,4.0,lang_b,0,,computing local_experiences
U025511,2026-06-01,east,35-49,4,basic,mid,android,62,50.21,2.0,lang_c,0,,furnishings mobile_accessories
U025512,2026-06-01,south,18-24,3,premium,premium,android,26,70.17,3.0,lang_b,0,I0257 I0262 I0282 I0285 I0882,computing furnishings
U025513,2026-06-01,east,35-49,3,plus,mid,android,49,189.48,2.0,lang_b,1,I0116 I0861 I0874 I0883,delivery footwear
U025514,2026-06-01,north,35-49,3,plus,mid,android,16,52.55,3.0,lang_a,0,I0909 I0914,
U025515,2026-06-01,east,25-34,5,basic,entry,android,54,50.73,3.0,lang_a,0,,accessories furnishings
U025516,2026-06-01,east,50+,3,plus,premium,android,57,107.68,2.0,lang_a,0,,
U025517,2026-06-01,coastal,35-49,4,basic,entry,ios,61,59.42,4.0,lang_a,1,I0168 I0261 I0294,clothing gaming
U025518,2026-06-01,coastal,35-49,3,premium,premium,android,11,50.2,3.0,lang_b,0,I0161 I0557 I0851 I0857 I0868 I0873 I0897 I0903 I0907 I0922 I0940,computing travel_accessories
U025519,2026-06-01,east,25-34,3,premium,entry,ios,84,75.1,3.0,lang_a,1,I0275,
U025520,2026-06-01,east,35-49,2,basic,mid,ios,34,91.33,2.0,lang_b,1,,clothing delivery
U025521,2026-06-01,south,18-24,3,basic,premium,android,54,124.74,3.0,lang_b,1,I0278 I0552 I0573,accessories computing
U025522,2026-06-01,coastal,25-34,4,basic,entry,android,30,94.93,4.0,lang_b,1,I0339,creative_hobbies garden
U025523,2026-06-01,east,50+,3,basic,entry,android,77,124.81,3.0,lang_b,1,I0005 I0468 I0868,audio clothing
U025524,2026-06-01,south,35-49,4,premium,entry,android,19,67.11,3.0,lang_c,1,,home_care streaming
U025525,2026-06-01,north,50+,1,plus,mid,android,8,151.09,3.0,lang_b,1,I0857 I0867,books outdoor
U025526,2026-06-01,south,18-24,4,basic,entry,ios,35,14.49,1.0,lang_c,1,I0569,footwear learning
U025527,2026-06-01,central,25-34,5,premium,premium,android,43,44.29,2.0,lang_a,0,I0005 I0556 I0931,
U025528,2026-06-01,south,35-49,5,basic,mid,android,49,108.72,4.0,lang_a,0,I0493,connectivity creative_hobbies
U025529,2026-06-01,east,18-24,5,plus,mid,android,69,99.53,3.0,lang_a,1,I0226,audio gaming
U025530,2026-06-01,south,18-24,5,plus,entry,android,26,36.72,,lang_b,1,I0182 I0460 I0468 I0903 I0912 I0920 I0943,
U025531,2026-06-01,central,18-24,3,plus,mid,android,3,25.96,1.0,lang_c,0,I0031 I0032 I0038 I0159,furnishings wellness
U025532,2026-06-01,west,35-49,2,basic,mid,ios,70,117.24,4.0,lang_c,1,,
U025533,2026-06-01,east,35-49,5,plus,mid,android,50,38.89,3.0,lang_c,0,I0232,furnishings kitchen
U025534,2026-06-01,north,18-24,5,plus,mid,android,58,116.04,3.0,lang_a,0,,books learning
U025535,2026-06-01,coastal,25-34,5,plus,mid,android,13,,2.0,lang_a,1,I0901,
U025536,2026-06-01,central,35-49,4,plus,mid,android,71,123.5,3.0,lang_a,0,,clothing learning
U025537,2026-06-01,coastal,50+,3,plus,mid,android,8,40.02,,lang_a,1,,books clothing
U025538,2026-06-01,east,50+,1,basic,premium,android,28,31.21,5.0,lang_b,0,,connectivity fitness
U025539,2026-06-01,central,18-24,1,plus,unknown,ios,10,66.27,1.0,lang_a,1,I0236 I0330,
U025540,2026-06-01,coastal,35-49,3,plus,entry,android,25,178.31,3.0,lang_c,1,I0113 I0564,mobile_accessories streaming
U025541,2026-06-01,south,35-49,4,basic,mid,ios,75,57.47,,lang_c,1,,fitness garden
U025542,2026-06-01,coastal,35-49,3,basic,entry,android,52,56.79,2.0,lang_a,0,,bags footwear
U025543,2026-06-01,south,35-49,1,premium,mid,android,27,59.73,2.0,lang_a,0,,delivery furnishings
U025544,2026-06-01,coastal,50+,5,basic,premium,android,39,117.36,2.0,lang_b,0,I0039 I0052 I0501,audio travel_accessories
U025545,2026-06-01,north,50+,3,premium,entry,ios,24,76.54,4.0,lang_c,0,I0042,audio creative_hobbies
U025546,2026-06-01,coastal,25-34,5,plus,premium,ios,74,87.64,3.0,lang_b,0,I0069,bags kitchen
U025547,2026-06-01,central,35-49,2,plus,premium,ios,26,50.56,3.0,lang_c,1,I0082 I0304 I0865 I0888,
U025548,2026-06-01,west,50+,2,basic,mid,android,79,49.13,2.0,lang_b,1,I0862,
U025549,2026-06-01,north,18-24,4,premium,entry,ios,43,90.51,1.0,lang_a,1,,
U025550,2026-06-01,coastal,50+,4,basic,mid,android,25,26.37,3.0,lang_c,1,I0010 I0048 I0302 I0314 I0333 I0335 I0337 I0908 I0927 I0991,bags travel_accessories
U025551,2026-06-01,west,18-24,4,plus,entry,android,79,,4.0,lang_a,1,,delivery gaming
U025552,2026-06-01,coastal,35-49,4,premium,mid,ios,1,112.48,3.0,lang_c,1,I0132,delivery mobile_accessories
U025553,2026-06-01,north,18-24,2,premium,unknown,android,25,120.3,3.0,lang_a,1,I0986 I0988,footwear wellness
U025554,2026-06-01,east,50+,5,plus,mid,android,52,65.86,4.0,lang_a,0,I0268,connectivity creative_hobbies
U025555,2026-06-01,south,25-34,3,basic,mid,ios,21,58.09,4.0,lang_a,1,I0132 I0592 I0912 I0938,bags garden
U025556,2026-06-01,coastal,18-24,3,basic,mid,ios,53,27.19,2.0,lang_b,1,I0030,furnishings wellness
U025557,2026-06-01,south,18-24,4,basic,mid,android,18,27.79,4.0,lang_c,0,,
U025558,2026-06-01,central,25-34,1,plus,mid,android,13,286.93,3.0,lang_c,1,,connectivity wellness
U025559,2026-06-01,central,25-34,3,basic,mid,android,16,53.18,3.0,lang_b,0,I0279,clothing furnishings
U025560,2026-06-01,south,18-24,5,plus,mid,android,27,231.9,1.0,lang_a,0,,
U025561,2026-06-01,east,35-49,2,basic,premium,ios,68,168.08,2.0,lang_b,1,I0251 I0257 I0275,accessories furnishings
U025562,2026-06-01,central,35-49,5,basic,premium,android,14,111.04,2.0,lang_b,0,I0168 I0218 I0460 I0467 I0974,footwear kitchen
U025563,2026-06-01,south,35-49,5,basic,mid,ios,28,44.46,4.0,lang_c,0,I0574 I0678 I0679 I0691,learning local_experiences
U025564,2026-06-01,west,50+,1,basic,premium,android,54,145.7,3.0,lang_b,1,I0139 I0498,creative_hobbies mobile_accessories
U025565,2026-06-01,west,18-24,2,basic,mid,android,13,71.99,4.0,lang_b,0,I0168 I0970 I0978 I0980,
U025566,2026-06-01,west,25-34,5,basic,entry,android,33,50.15,3.0,lang_c,1,I0522 I0850 I0856 I0872 I0882 I0889 I0908,delivery kitchen
U025567,2026-06-01,west,50+,1,basic,premium,android,42,106.37,5.0,lang_a,0,I0289 I0989,
U025568,2026-06-01,east,50+,3,basic,entry,ios,74,112.19,3.0,lang_b,0,,creative_hobbies gaming
U025569,2026-06-01,west,18-24,2,plus,premium,android,79,,3.0,lang_b,0,I0009 I0027 I0042,
U025570,2026-06-01,south,35-49,5,basic,mid,android,57,52.91,,lang_b,1,I0457 I0931,learning streaming
U025571,2026-06-01,north,25-34,2,basic,premium,android,16,161.58,3.0,lang_b,1,I0301 I0309 I0311,
U025572,2026-06-01,west,25-34,1,basic,premium,ios,24,113.73,3.0,lang_a,1,I0011,
U025573,2026-06-01,coastal,35-49,5,basic,mid,ios,21,133.96,3.0,lang_c,1,I0696 I0852 I0862 I0868 I0872 I0888 I0892 I0898,delivery gaming
U025574,2026-06-01,central,25-34,2,basic,entry,ios,20,100.43,5.0,lang_c,1,,audio streaming
U025575,2026-06-01,east,18-24,3,basic,entry,android,81,45.4,3.0,lang_a,1,I0162 I0897 I0901 I0956 I0961,clothing gaming
U025576,2026-06-01,east,25-34,4,basic,entry,android,23,22.27,3.0,lang_c,1,I0656,delivery garden
U025577,2026-06-01,north,25-34,5,premium,entry,android,24,65.04,,lang_b,1,I0009 I0011 I0033 I0039 I0651 I0678,gaming wellness
U025578,2026-06-01,coastal,50+,1,plus,mid,android,15,54.85,2.0,lang_c,1,I0132 I0460 I0511 I0561,
U025579,2026-06-01,north,35-49,1,basic,premium,android,23,31.48,2.0,lang_b,1,I0022,computing travel_accessories
U025580,2026-06-01,coastal,18-24,3,plus,mid,ios,55,73.42,3.0,lang_c,1,I0255,furnishings mobile_accessories
U025581,2026-06-01,central,18-24,3,basic,mid,android,78,71.69,4.0,lang_c,1,I0204 I0211 I0213 I0859 I0860,garden kitchen
U025582,2026-06-01,east,25-34,3,basic,premium,ios,61,61.38,2.0,lang_a,1,I0172,local_experiences smart_devices
U025583,2026-06-01,west,25-34,4,basic,mid,ios,64,37.93,1.0,lang_c,1,I0051 I0505,
U025584,2026-06-01,south,50+,2,plus,mid,android,31,42.23,4.0,lang_c,1,,smart_devices streaming
U025585,2026-06-01,south,18-24,1,basic,premium,android,59,16.72,3.0,lang_b,0,I0866,connectivity outdoor
U025586,2026-06-01,south,18-24,3,basic,mid,android,20,234.43,4.0,lang_c,1,I0059 I0078 I0519 I0582,learning smart_devices
U025587,2026-06-01,south,25-34,2,basic,entry,android,33,59.78,3.0,lang_b,1,I0568 I0577,
U025588,2026-06-01,west,25-34,3,premium,entry,android,56,20.2,3.0,lang_b,1,,
U025589,2026-06-01,north,50+,5,basic,entry,ios,26,,5.0,lang_c,1,I0219 I0522 I0529 I0530 I0539,
U025590,2026-06-01,coastal,35-49,2,basic,mid,android,67,11.43,3.0,lang_b,1,I0112 I0146 I0187 I0223,
U025591,2026-06-01,north,35-49,3,basic,mid,android,4,146.2,4.0,lang_a,0,I0262 I0278 I0518 I0533,
U025592,2026-06-01,south,50+,5,plus,mid,android,75,45.81,,lang_a,1,I0320 I0337 I0508 I0522,gaming wellness
U025593,2026-06-01,coastal,18-24,2,basic,entry,ios,21,120.25,1.0,lang_c,1,I0073 I0556 I0561 I0565 I0585 I0591 I0592,
U025594,2026-06-01,east,18-24,3,basic,entry,ios,20,76.39,4.0,lang_b,1,I0587 I0856 I0861 I0872 I0878 I0884 I0892,creative_hobbies outdoor
U025595,2026-06-01,coastal,18-24,2,plus,premium,android,83,54.87,2.0,lang_c,1,I0552 I0967 I0973 I0986 I0995,fitness outdoor
U025596,2026-06-01,north,25-34,4,premium,premium,android,57,27.45,3.0,lang_a,1,,
U025597,2026-06-01,east,50+,5,plus,premium,ios,52,42.58,3.0,lang_c,0,,
U025598,2026-06-01,north,18-24,2,premium,mid,android,74,28.46,,lang_c,1,I0593,
U025599,2026-06-01,coastal,35-49,1,basic,mid,android,62,52.51,4.0,lang_a,1,I0136 I0139 I0338 I0557 I0562 I0571 I0598,accessories home_care
U025600,2026-06-01,north,35-49,1,basic,unknown,android,45,39.37,2.0,lang_b,1,I0234 I0521 I0913 I0925,audio streaming
U025601,2026-06-01,north,35-49,2,plus,entry,android,24,72.26,4.0,lang_b,1,I0004 I0698,
U025602,2026-06-01,north,35-49,3,basic,premium,ios,28,200.67,2.0,lang_b,1,,clothing local_experiences
U025603,2026-06-01,south,35-49,3,plus,premium,android,7,70.75,3.0,lang_c,1,,
U025604,2026-06-01,east,25-34,1,premium,mid,ios,76,69.4,1.0,lang_b,1,I0337,
U025605,2026-06-01,south,18-24,3,basic,mid,ios,83,83.11,2.0,lang_a,1,I0939 I0977 I0986 I0987,
U025606,2026-06-01,coastal,50+,3,plus,mid,ios,4,28.4,3.0,lang_a,1,I0115 I0235 I0581,
U025607,2026-06-01,west,25-34,2,basic,mid,ios,35,42.06,4.0,lang_a,1,I0133,home_care travel_accessories
U025608,2026-06-01,south,25-34,2,plus,entry,ios,11,197.27,3.0,lang_c,0,,furnishings garden
U025609,2026-06-01,central,50+,2,basic,mid,android,25,54.72,5.0,lang_b,1,I0587,audio clothing
U025610,2026-06-01,north,18-24,3,plus,premium,android,6,84.79,3.0,lang_a,1,I0970 I0972,
U025611,2026-06-01,west,35-49,4,basic,premium,android,80,30.55,2.0,lang_b,0,I0454 I0457 I0481 I0487,home_care kitchen
U025612,2026-06-01,north,50+,2,basic,mid,ios,82,64.36,,lang_a,1,I0291 I0481,clothing connectivity
U025613,2026-06-01,north,18-24,3,basic,premium,android,35,63.82,4.0,lang_c,1,I0102 I0143 I0698,clothing mobile_accessories
U025614,2026-06-01,south,18-24,1,plus,premium,android,10,43.32,2.0,lang_a,0,,creative_hobbies travel_accessories
U025615,2026-06-01,central,18-24,2,plus,premium,android,22,59.12,4.0,lang_a,1,I0915,fitness travel_accessories
U025616,2026-06-01,west,50+,1,basic,premium,android,61,70.69,4.0,lang_c,0,,learning smart_devices
U025617,2026-06-01,coastal,25-34,1,basic,mid,ios,20,133.75,4.0,lang_a,1,,connectivity creative_hobbies
U025618,2026-06-01,north,25-34,1,basic,mid,android,15,61.37,3.0,lang_b,1,,audio computing
U025619,2026-06-01,north,25-34,1,plus,premium,android,60,115.26,3.0,lang_c,0,I0095 I0301,clothing garden
U025620,2026-06-01,coastal,35-49,1,plus,premium,android,50,61.89,3.0,lang_c,0,,local_experiences wellness
U025621,2026-06-01,north,50+,1,plus,premium,ios,41,97.79,,lang_b,0,I0242 I0304 I0311 I0334 I0347 I0904 I0972,books garden
U025622,2026-06-01,west,35-49,5,basic,mid,ios,35,197.51,3.0,lang_c,0,I0562 I0572 I0586 I0588 I0590,accessories mobile_accessories
U025623,2026-06-01,coastal,25-34,2,basic,premium,android,5,127.61,4.0,lang_a,1,I0566,home_care travel_accessories
U025624,2026-06-01,coastal,50+,3,basic,premium,android,38,,2.0,lang_c,0,,
U025625,2026-06-01,coastal,18-24,5,basic,mid,android,59,114.89,,lang_b,0,I0183,
U025626,2026-06-01,north,18-24,4,plus,mid,android,54,127.17,4.0,lang_a,1,I0331 I0909 I0913 I0916,delivery travel_accessories
U025627,2026-06-01,coastal,18-24,1,plus,entry,ios,74,55.43,3.0,lang_c,0,,fitness streaming
U025628,2026-06-01,west,18-24,2,premium,mid,ios,56,63.36,3.0,lang_a,1,I0133 I0142 I0552 I0567,accessories delivery
U025629,2026-06-01,south,18-24,1,basic,premium,android,56,134.34,2.0,lang_c,0,I0148,furnishings gaming
U025630,2026-06-01,west,25-34,1,basic,premium,ios,74,11.23,2.0,lang_b,1,I0185,
U025631,2026-06-01,west,35-49,2,basic,mid,android,21,143.29,,lang_a,1,I0071,books computing
U025632,2026-06-01,west,50+,3,basic,unknown,ios,9,57.37,3.0,lang_a,1,,audio books
U025633,2026-06-01,north,18-24,1,premium,entry,ios,51,46.93,2.0,lang_b,1,,kitchen local_experiences
U025634,2026-06-01,central,25-34,5,basic,premium,android,54,36.01,3.0,lang_a,0,,
U025635,2026-06-01,central,35-49,4,basic,mid,android,16,47.19,5.0,lang_b,0,I0504,bags books
U025636,2026-06-01,north,25-34,1,basic,mid,ios,82,50.5,3.0,lang_c,1,I0128 I0557 I0917,
U025637,2026-06-01,north,18-24,1,basic,premium,android,78,51.55,2.0,lang_b,1,,delivery home_care
U025638,2026-06-01,coastal,18-24,2,basic,entry,ios,11,24.74,4.0,lang_c,1,I0870,audio furnishings
U025639,2026-06-01,west,35-49,1,premium,mid,android,20,52.04,4.0,lang_c,0,I0326 I0903 I0917 I0951,connectivity local_experiences
U025640,2026-06-01,east,50+,2,basic,mid,android,66,148.6,5.0,lang_a,1,I0243 I0972 I0983 I0988 I0990,
U025641,2026-06-01,coastal,35-49,1,basic,premium,android,30,41.41,3.0,lang_a,1,,
U025642,2026-06-01,south,25-34,5,basic,unknown,ios,51,60.6,2.0,lang_b,0,I0010 I0017 I0025 I0038,audio delivery
U025643,2026-06-01,east,50+,4,basic,entry,android,46,41.97,1.0,lang_b,1,I0556 I0579 I0586,accessories delivery
U025644,2026-06-01,west,18-24,1,premium,mid,ios,34,93.05,,lang_a,0,,
U025645,2026-06-01,north,50+,4,plus,mid,ios,66,27.06,5.0,lang_b,0,,computing outdoor
U025646,2026-06-01,south,35-49,2,plus,mid,android,38,32.81,5.0,lang_a,0,I0094 I0139,connectivity home_care
U025647,2026-06-01,north,18-24,4,basic,entry,ios,41,70.08,3.0,lang_c,0,I0963,fitness home_care
U025648,2026-06-01,south,25-34,5,premium,entry,ios,61,75.66,,lang_b,1,,books delivery
U025649,2026-06-01,coastal,50+,1,basic,mid,android,7,68.29,4.0,lang_a,1,I0339 I0953 I0959 I0961 I0962 I0971,connectivity home_care
U025650,2026-06-01,south,25-34,1,basic,premium,android,12,60.37,4.0,lang_c,1,I0577 I0875,
U025651,2026-06-01,coastal,35-49,5,plus,unknown,ios,64,131.44,3.0,lang_b,1,I0694,bags home_care
U025652,2026-06-01,coastal,18-24,2,basic,unknown,android,73,67.88,3.0,lang_c,1,,
U025653,2026-06-01,south,35-49,2,basic,entry,ios,54,29.77,2.0,lang_c,1,I0040 I0068 I0968 I0986,accessories wellness
U025654,2026-06-01,coastal,35-49,3,basic,premium,android,34,13.53,2.0,lang_a,1,I0906,local_experiences mobile_accessories
U025655,2026-06-01,coastal,35-49,2,basic,premium,ios,78,60.5,4.0,lang_a,1,,
U025656,2026-06-01,central,50+,5,plus,entry,android,34,238.36,,lang_c,1,I0108 I0113 I0119 I0138 I0314,
U025657,2026-06-01,north,50+,4,plus,mid,android,47,34.39,1.0,lang_b,0,,
U025658,2026-06-01,east,25-34,4,basic,premium,ios,81,59.03,2.0,lang_b,0,I0875,gaming kitchen
U025659,2026-06-01,coastal,25-34,2,premium,mid,ios,35,156.68,3.0,lang_a,1,I0681,
U025660,2026-06-01,coastal,50+,2,basic,mid,android,61,39.58,5.0,lang_c,1,I0161 I0664 I0906 I0913 I0918 I0919 I0938 I0939,
U025661,2026-06-01,east,25-34,2,basic,premium,android,60,,1.0,lang_b,1,I0250 I0263 I0496,furnishings smart_devices
U025662,2026-06-01,central,18-24,2,plus,entry,android,71,58.68,3.0,lang_c,1,,garden outdoor
U025663,2026-06-01,east,25-34,2,basic,mid,android,62,82.33,3.0,lang_c,1,,fitness home_care
U025664,2026-06-01,west,35-49,5,plus,unknown,android,83,28.34,5.0,lang_c,1,I0010 I0233,
U025665,2026-06-01,coastal,50+,1,basic,premium,android,74,40.3,3.0,lang_a,0,I0015 I0076 I0878,audio outdoor
U025666,2026-06-01,east,18-24,2,premium,premium,android,21,77.66,4.0,lang_a,0,,
U025667,2026-06-01,east,18-24,2,plus,entry,android,2,87.45,4.0,lang_c,0,I0310,travel_accessories wellness
U025668,2026-06-01,coastal,50+,2,premium,mid,android,79,62.32,4.0,lang_a,1,,home_care streaming
U025669,2026-06-01,north,25-34,1,basic,premium,ios,44,101.69,2.0,lang_b,1,I0699,
U025670,2026-06-01,north,25-34,2,premium,premium,android,61,104.8,4.0,lang_a,0,I0043,books clothing
U025671,2026-06-01,north,25-34,2,plus,premium,android,20,30.47,,lang_a,0,I0112 I0135 I0146 I0147 I0464 I0658 I0963 I0981,
U025672,2026-06-01,east,25-34,2,plus,mid,android,1,135.91,4.0,lang_a,1,I0225,
U025673,2026-06-01,coastal,35-49,4,basic,mid,ios,82,46.42,3.0,lang_a,0,I0918,
U025674,2026-06-01,south,35-49,2,basic,premium,android,38,125.62,2.0,lang_c,1,,accessories kitchen
U025675,2026-06-01,north,25-34,3,premium,mid,ios,67,84.54,3.0,lang_b,1,I0135 I0453 I0466 I0487 I0541,
U025676,2026-06-01,coastal,18-24,3,basic,mid,android,72,34.81,4.0,lang_c,1,,
U025677,2026-06-01,north,50+,3,plus,entry,android,84,97.16,,lang_a,1,,
U025678,2026-06-01,west,35-49,2,basic,entry,ios,31,,2.0,lang_c,0,,
U025679,2026-06-01,north,25-34,3,plus,entry,android,43,49.78,2.0,lang_c,0,I0084 I0552,
U025680,2026-06-01,south,50+,2,basic,premium,ios,5,75.73,4.0,lang_a,0,I0046 I0293 I0500 I0503 I0523,
U025681,2026-06-01,west,35-49,2,plus,entry,ios,31,,2.0,lang_c,1,I0056,
U025682,2026-06-01,north,35-49,4,plus,mid,android,47,116.47,,lang_a,1,,clothing footwear
U025683,2026-06-01,central,50+,3,plus,entry,android,76,75.67,3.0,lang_b,1,I0221,connectivity local_experiences
U025684,2026-06-01,north,18-24,2,basic,mid,ios,67,136.71,3.0,lang_a,1,I0224 I0268 I0278,furnishings streaming
U025685,2026-06-01,south,18-24,2,premium,premium,android,22,92.92,,lang_a,1,I0509 I0658 I0889 I0891 I0966,fitness outdoor
U025686,2026-06-01,coastal,35-49,1,premium,mid,ios,48,22.21,3.0,lang_c,0,I0024,computing connectivity
U025687,2026-06-01,north,35-49,3,plus,mid,ios,51,23.21,4.0,lang_c,0,I0481,
U025688,2026-06-01,central,35-49,5,plus,mid,android,47,72.83,2.0,lang_a,0,,
U025689,2026-06-01,coastal,50+,2,basic,entry,ios,24,33.21,4.0,lang_b,0,I0052 I0085,
U025690,2026-06-01,east,50+,3,basic,premium,android,24,212.82,,lang_a,1,I0018 I0938,audio travel_accessories
U025691,2026-06-01,south,50+,1,basic,mid,android,7,112.26,4.0,lang_c,1,,clothing fitness
U025692,2026-06-01,north,18-24,4,basic,entry,ios,40,51.36,3.0,lang_a,1,I0906 I0930 I0938 I0964,
U025693,2026-06-01,central,25-34,2,basic,premium,ios,46,77.82,3.0,lang_c,1,I0241 I0687,
U025694,2026-06-01,south,35-49,3,plus,mid,ios,31,117.92,3.0,lang_c,1,I0156 I0174 I0502 I0518 I0540,accessories delivery
U025695,2026-06-01,east,35-49,1,basic,premium,android,64,64.87,3.0,lang_c,1,I0209 I0258,delivery outdoor
U025696,2026-06-01,coastal,25-34,3,basic,mid,ios,55,27.35,3.0,lang_a,1,I0556 I0912,accessories learning
U025697,2026-06-01,west,50+,2,basic,entry,ios,29,121.17,4.0,lang_a,0,I0539,
U025698,2026-06-01,west,50+,5,basic,mid,android,43,30.3,3.0,lang_b,1,I0281 I0478,local_experiences outdoor
U025699,2026-06-01,central,50+,5,basic,mid,android,2,51.94,4.0,lang_b,1,,garden outdoor
U025700,2026-06-01,coastal,35-49,2,basic,premium,ios,4,38.3,1.0,lang_a,1,I0957,fitness wellness
U025701,2026-06-01,coastal,25-34,4,basic,mid,android,77,67.29,2.0,lang_c,0,I0298 I0491 I0655 I0658,
U025702,2026-06-01,west,50+,4,basic,unknown,android,67,110.61,4.0,lang_b,1,I0152 I0153 I0159 I0167 I0183 I0188 I0193 I0198 I0481 I0864 I0866,delivery smart_devices
U025703,2026-06-01,north,18-24,5,basic,mid,android,51,70.73,2.0,lang_a,1,,
U025704,2026-06-01,central,50+,1,basic,entry,android,63,120.04,3.0,lang_c,1,I0454 I0497,
U025705,2026-06-01,south,18-24,4,plus,entry,android,1,60.44,4.0,lang_b,1,,delivery travel_accessories
U025706,2026-06-01,east,25-34,4,plus,premium,ios,75,155.13,1.0,lang_a,1,I0101 I0266 I0940 I0943,computing travel_accessories
U025707,2026-06-01,central,25-34,4,basic,premium,ios,44,64.4,3.0,lang_c,1,I0114 I0136 I0249 I0330,
U025708,2026-06-01,south,18-24,1,basic,premium,android,18,,3.0,lang_c,0,I0917 I0937,
U025709,2026-06-01,coastal,25-34,3,plus,entry,android,52,51.12,2.0,lang_a,0,I0345,computing garden
U025710,2026-06-01,north,25-34,3,basic,premium,android,16,51.62,2.0,lang_c,1,I0319 I0331 I0337 I0536 I0856 I0867 I0885,
U025711,2026-06-01,south,25-34,5,basic,entry,android,63,,1.0,lang_c,0,I0041 I0094 I0851 I0856 I0868 I0884 I0890,outdoor wellness
U025712,2026-06-01,north,50+,1,basic,entry,ios,77,62.7,4.0,lang_a,1,,footwear kitchen
U025713,2026-06-01,central,35-49,3,basic,unknown,ios,47,88.53,3.0,lang_c,1,I0031 I0278,furnishings home_care
U025714,2026-06-01,north,25-34,1,plus,premium,android,57,44.33,3.0,lang_a,1,I0978,
U025715,2026-06-01,west,25-34,5,plus,entry,ios,27,42.39,2.0,lang_a,1,I0226 I0934,connectivity smart_devices
U025716,2026-06-01,south,35-49,4,basic,entry,ios,45,51.57,2.0,lang_b,0,I0018 I0451 I0481,
U025717,2026-06-01,north,50+,2,basic,entry,android,29,73.71,3.0,lang_c,1,,
U025718,2026-06-01,central,35-49,5,basic,mid,ios,44,203.54,,lang_b,1,,
U025719,2026-06-01,north,25-34,5,premium,mid,android,55,34.16,4.0,lang_c,0,,accessories delivery
U025720,2026-06-01,east,35-49,3,basic,mid,ios,75,,2.0,lang_c,1,,mobile_accessories travel_accessories
U025721,2026-06-01,south,25-34,2,plus,entry,ios,46,52.07,3.0,lang_b,0,I0012 I0016 I0023 I0650 I0683,garden wellness
U025722,2026-06-01,coastal,18-24,3,plus,premium,ios,8,29.4,4.0,lang_a,1,,
U025723,2026-06-01,west,50+,3,plus,entry,android,36,74.84,3.0,lang_b,1,I0093 I0276 I0330 I0658 I0663 I0667 I0669,clothing garden
U025724,2026-06-01,coastal,35-49,4,basic,premium,android,83,30.82,4.0,lang_c,0,I0314,fitness travel_accessories
U025725,2026-06-01,west,18-24,5,basic,entry,ios,2,46.2,,lang_a,0,I0262 I0281 I0532 I0569 I0882 I0905 I0960 I0987,
U025726,2026-06-01,north,25-34,3,basic,mid,android,36,38.76,4.0,lang_c,0,I0584 I0960,
U025727,2026-06-01,coastal,18-24,4,basic,premium,ios,63,26.24,2.0,lang_a,0,I0105 I0564,mobile_accessories streaming
U025728,2026-06-01,coastal,50+,5,premium,unknown,android,56,89.56,3.0,lang_b,0,I0265 I0292 I0686 I0690 I0975,delivery learning
U025729,2026-06-01,west,25-34,1,basic,unknown,android,38,136.8,4.0,lang_c,0,I0066 I0858 I0884,delivery wellness
U025730,2026-06-01,central,25-34,5,plus,mid,android,66,57.51,3.0,lang_c,1,I0216,
U025731,2026-06-01,south,25-34,2,basic,premium,android,29,71.49,4.0,lang_c,1,I0458 I0466,
U025732,2026-06-01,east,35-49,5,basic,mid,android,13,109.14,4.0,lang_a,1,,
U025733,2026-06-01,coastal,25-34,2,basic,entry,android,11,85.53,2.0,lang_c,1,,
U025734,2026-06-01,coastal,35-49,1,plus,entry,ios,64,131.27,3.0,lang_b,1,,mobile_accessories streaming
U025735,2026-06-01,south,35-49,5,basic,entry,android,67,65.09,4.0,lang_b,0,I0182,delivery smart_devices
U025736,2026-06-01,central,18-24,4,premium,entry,android,72,53.68,3.0,lang_a,1,I0281 I0560 I0911,
U025737,2026-06-01,central,50+,3,basic,mid,ios,28,130.31,3.0,lang_b,1,I0305 I0901 I0906 I0926,mobile_accessories travel_accessories
U025738,2026-06-01,east,18-24,4,basic,mid,android,41,28.51,,lang_b,0,,creative_hobbies gaming
U025739,2026-06-01,central,25-34,1,basic,entry,ios,10,19.37,2.0,lang_a,0,I0102 I0109 I0127 I0129 I0262 I0452,
U025740,2026-06-01,coastal,50+,2,basic,entry,ios,50,41.39,,lang_a,1,I0857,
U025741,2026-06-01,east,18-24,1,premium,mid,android,32,118.48,4.0,lang_b,1,I0889,
U025742,2026-06-01,east,18-24,2,premium,premium,android,21,,,lang_c,1,I0544,audio bags
U025743,2026-06-01,central,25-34,5,basic,entry,ios,36,,2.0,lang_b,1,I0962,audio books
U025744,2026-06-01,west,25-34,3,basic,premium,android,11,24.27,3.0,lang_a,1,,
U025745,2026-06-01,east,50+,4,basic,entry,android,35,24.4,2.0,lang_b,0,I0258 I0260 I0281 I0345 I0456 I0579 I0890,audio gaming
U025746,2026-06-01,north,25-34,4,basic,mid,android,56,56.34,2.0,lang_a,1,I0230,
U025747,2026-06-01,central,25-34,1,basic,premium,android,73,84.81,5.0,lang_c,1,I0073 I0085 I0087 I0091 I0677 I0906 I0907 I0908,creative_hobbies kitchen
U025748,2026-06-01,south,35-49,4,basic,mid,ios,20,44.18,3.0,lang_c,1,,
U025749,2026-06-01,west,50+,3,basic,premium,android,38,213.96,3.0,lang_c,0,,
U025750,2026-06-01,west,35-49,2,basic,premium,ios,2,,5.0,lang_a,1,,
U025751,2026-06-01,coastal,25-34,2,basic,mid,ios,57,48.2,4.0,lang_b,0,,learning local_experiences
U025752,2026-06-01,north,25-34,1,plus,unknown,android,41,118.54,3.0,lang_a,1,I0192 I0244,
U025753,2026-06-01,coastal,18-24,3,basic,entry,android,72,52.24,3.0,lang_a,1,I0102 I0969,fitness learning
U025754,2026-06-01,south,18-24,4,premium,entry,ios,62,,4.0,lang_a,1,I0518,
U025755,2026-06-01,coastal,18-24,1,plus,entry,android,83,,3.0,lang_a,1,,
U025756,2026-06-01,coastal,25-34,5,basic,premium,android,39,43.45,3.0,lang_c,1,I0127,furnishings smart_devices
U025757,2026-06-01,west,18-24,5,plus,mid,ios,60,23.29,,lang_a,1,,
U025758,2026-06-01,central,35-49,5,basic,mid,android,1,30.11,,lang_a,0,,
U025759,2026-06-01,central,25-34,5,plus,premium,android,60,24.11,5.0,lang_c,1,I0983,learning local_experiences
U025760,2026-06-01,east,35-49,4,basic,mid,ios,68,80.91,3.0,lang_b,0,I0014 I0309 I0341,fitness garden
U025761,2026-06-01,west,50+,2,premium,entry,android,64,43.77,3.0,lang_c,1,I0127,
U025762,2026-06-01,south,50+,1,plus,entry,ios,31,218.42,3.0,lang_a,1,I0517 I0524 I0538 I0928,home_care wellness
U025763,2026-06-01,north,18-24,4,premium,mid,android,72,25.36,3.0,lang_a,0,,
U025764,2026-06-01,coastal,50+,3,basic,premium,android,52,,4.0,lang_b,0,I0479 I0566 I0577 I0593,
U025765,2026-06-01,south,25-34,2,premium,entry,android,37,47.82,3.0,lang_a,1,,bags travel_accessories
U025766,2026-06-01,west,35-49,3,basic,premium,ios,83,,4.0,lang_c,1,I0519 I0533,connectivity wellness
U025767,2026-06-01,east,18-24,5,basic,entry,ios,65,45.19,2.0,lang_a,0,I0502,accessories gaming
U025768,2026-06-01,south,18-24,1,plus,entry,android,57,99.62,2.0,lang_b,1,I0279 I0476,clothing outdoor
U025769,2026-06-01,south,25-34,4,basic,entry,ios,80,76.18,3.0,lang_b,0,I0263,creative_hobbies kitchen
U025770,2026-06-01,coastal,50+,4,basic,mid,android,34,50.95,5.0,lang_c,1,I0119 I0180 I0233 I0236,furnishings smart_devices
U025771,2026-06-01,south,35-49,2,premium,entry,android,36,11.46,2.0,lang_a,0,,books home_care
U025772,2026-06-01,east,35-49,3,basic,mid,android,32,41.69,3.0,lang_a,0,I0658,
U025773,2026-06-01,coastal,35-49,3,basic,mid,ios,17,24.8,2.0,lang_c,1,,
U025774,2026-06-01,north,25-34,5,plus,mid,android,10,17.92,2.0,lang_a,1,I0281 I0863,computing gaming
U025775,2026-06-01,east,50+,3,premium,mid,ios,51,97.17,2.0,lang_a,0,I0974,furnishings mobile_accessories
U025776,2026-06-01,south,25-34,4,basic,mid,android,45,120.66,3.0,lang_c,1,I0218,
U025777,2026-06-01,west,18-24,1,basic,mid,ios,82,39.84,5.0,lang_a,1,,
U025778,2026-06-01,coastal,18-24,4,premium,entry,android,50,23.59,4.0,lang_b,1,I0010 I0662,
U025779,2026-06-01,south,35-49,2,basic,entry,ios,34,66.67,3.0,lang_a,0,I0068 I0078 I0115 I0121,books footwear
U025780,2026-06-01,central,18-24,1,plus,entry,android,65,46.12,,lang_b,1,I0562 I0882,
U025781,2026-06-01,west,35-49,5,plus,unknown,ios,71,155.93,,lang_c,1,I0157 I0188 I0275,
U025782,2026-06-01,coastal,35-49,3,plus,mid,ios,41,96.88,5.0,lang_b,1,,local_experiences wellness
U025783,2026-06-01,central,35-49,4,premium,entry,android,50,34.53,3.0,lang_b,1,I0009 I0022 I0033 I0662,accessories streaming
U025784,2026-06-01,south,18-24,2,basic,mid,android,52,96.3,3.0,lang_a,1,I0516 I0560 I0852 I0868 I0891,
U025785,2026-06-01,coastal,18-24,2,basic,mid,android,29,87.9,4.0,lang_c,1,I0554,
U025786,2026-06-01,central,35-49,1,plus,entry,android,65,55.32,4.0,lang_a,1,,
U025787,2026-06-01,west,50+,3,plus,mid,ios,24,77.11,3.0,lang_a,1,I0932 I0943,
U025788,2026-06-01,north,18-24,5,basic,entry,android,51,67.87,4.0,lang_c,0,I0462,footwear home_care
U025789,2026-06-01,coastal,35-49,1,basic,premium,android,77,28.13,3.0,lang_b,0,I0001 I0055 I0062 I0063 I0065 I0071 I0075 I0076 I0082 I0088 I0099 I0270 I0867,computing furnishings
U025790,2026-06-01,central,25-34,5,basic,entry,ios,56,62.26,,lang_b,0,I0103 I0343,connectivity furnishings
U025791,2026-06-01,south,50+,1,basic,entry,android,18,,2.0,lang_c,0,I0182,
U025792,2026-06-01,east,35-49,4,plus,entry,android,73,,4.0,lang_a,1,,learning travel_accessories
U025793,2026-06-01,west,50+,5,basic,premium,android,47,188.31,2.0,lang_a,1,,learning travel_accessories
U025794,2026-06-01,north,35-49,4,basic,entry,ios,56,65.33,4.0,lang_b,0,,accessories streaming
U025795,2026-06-01,west,50+,1,basic,premium,ios,67,55.99,3.0,lang_b,1,I0282 I0288,books outdoor
U025796,2026-06-01,north,18-24,4,basic,entry,android,42,31.22,4.0,lang_b,1,I0068 I0244 I0653 I0667 I0685 I0694 I0699,
U025797,2026-06-01,central,18-24,2,basic,mid,android,83,,3.0,lang_c,1,,local_experiences wellness
U025798,2026-06-01,west,50+,4,basic,entry,android,84,46.83,1.0,lang_a,1,I0181,
U025799,2026-06-01,north,18-24,5,premium,entry,ios,6,74.89,3.0,lang_a,1,I0067 I0575,gaming learning
U025800,2026-06-01,central,50+,4,basic,unknown,ios,48,27.68,2.0,lang_b,0,I0500 I0541,audio learning
U025801,2026-06-01,north,18-24,4,plus,premium,android,55,27.72,1.0,lang_c,1,I0310 I0345,
U025802,2026-06-01,south,25-34,3,premium,entry,ios,50,79.19,4.0,lang_a,0,,clothing streaming
U025803,2026-06-01,east,18-24,1,plus,unknown,android,66,,3.0,lang_a,0,I0054 I0306,
U025804,2026-06-01,east,25-34,2,basic,mid,ios,62,51.68,3.0,lang_a,0,I0283 I0292,
U025805,2026-06-01,coastal,50+,3,basic,premium,android,66,52.24,3.0,lang_a,1,,computing connectivity
U025806,2026-06-01,north,25-34,3,basic,premium,ios,51,110.56,3.0,lang_b,1,I0059,audio kitchen
U025807,2026-06-01,north,50+,5,basic,entry,android,30,127.49,4.0,lang_b,1,,gaming wellness
U025808,2026-06-01,coastal,35-49,4,basic,mid,ios,35,48.52,3.0,lang_a,0,I0240 I0515,
U025809,2026-06-01,coastal,25-34,2,basic,entry,android,30,98.7,4.0,lang_c,0,,
U025810,2026-06-01,east,25-34,2,basic,mid,ios,22,131.17,2.0,lang_c,1,I0056 I0081 I0345 I0476,bags computing
U025811,2026-06-01,coastal,25-34,5,plus,entry,android,71,83.34,3.0,lang_c,0,I0141 I0907,connectivity delivery
U025812,2026-06-01,central,50+,3,plus,mid,android,32,78.63,3.0,lang_a,1,I0086,
U025813,2026-06-01,south,18-24,5,plus,entry,ios,15,45.37,,lang_b,0,,
U025814,2026-06-01,central,18-24,3,basic,premium,ios,28,16.66,4.0,lang_b,1,I0052,garden streaming
U025815,2026-06-01,north,50+,2,basic,entry,android,22,53.58,3.0,lang_c,0,I0530,
U025816,2026-06-01,west,25-34,1,basic,mid,ios,12,67.96,3.0,lang_a,1,I0960,
U025817,2026-06-01,north,25-34,5,basic,premium,android,24,262.22,1.0,lang_b,1,I0198 I0855,
U025818,2026-06-01,north,35-49,4,premium,premium,ios,1,37.4,2.0,lang_b,1,,delivery travel_accessories
U025819,2026-06-01,west,35-49,1,plus,mid,android,30,78.45,3.0,lang_a,1,I0582,bags wellness
U025820,2026-06-01,north,35-49,1,basic,mid,android,64,21.66,,lang_c,0,,
U025821,2026-06-01,south,25-34,3,basic,mid,android,24,372.0,1.0,lang_c,1,,computing travel_accessories
U025822,2026-06-01,north,35-49,5,basic,premium,android,55,47.26,,lang_a,0,,bags local_experiences
U025823,2026-06-01,central,50+,2,basic,entry,ios,3,46.49,2.0,lang_b,0,I0913 I0919 I0921,
U025824,2026-06-01,south,50+,1,plus,premium,ios,75,36.43,3.0,lang_a,1,,books footwear
U025825,2026-06-01,central,25-34,5,plus,premium,android,43,142.3,3.0,lang_a,0,,
U025826,2026-06-01,west,50+,1,basic,mid,ios,73,131.2,2.0,lang_a,1,,
U025827,2026-06-01,east,50+,1,basic,entry,ios,19,192.73,3.0,lang_c,1,I0175 I0585,
U025828,2026-06-01,south,35-49,5,premium,mid,android,15,50.05,2.0,lang_c,1,I0161,
U025829,2026-06-01,central,25-34,4,basic,mid,ios,8,51.59,3.0,lang_b,0,I0072 I0998,
U025830,2026-06-01,north,35-49,5,plus,entry,ios,17,58.29,4.0,lang_a,1,I0309,
U025831,2026-06-01,west,35-49,5,basic,mid,android,81,26.15,3.0,lang_c,0,,
U025832,2026-06-01,south,18-24,2,plus,premium,android,33,73.15,,lang_a,1,,
U025833,2026-06-01,west,35-49,2,premium,premium,ios,24,,3.0,lang_a,0,,local_experiences outdoor
U025834,2026-06-01,north,25-34,1,basic,unknown,ios,34,58.48,3.0,lang_a,0,I0459 I0852,footwear outdoor
U025835,2026-06-01,north,35-49,2,basic,entry,android,61,114.43,1.0,lang_a,1,I0034,
U025836,2026-06-01,south,18-24,4,premium,premium,android,46,56.9,3.0,lang_c,0,,footwear furnishings
U025837,2026-06-01,coastal,35-49,2,plus,premium,android,13,53.41,3.0,lang_c,1,,fitness furnishings
U025838,2026-06-01,coastal,18-24,5,basic,mid,android,51,53.51,3.0,lang_b,0,I0000 I0022 I0030 I0323,accessories mobile_accessories
U025839,2026-06-01,north,18-24,4,premium,premium,ios,54,96.83,5.0,lang_a,0,,
U025840,2026-06-01,west,35-49,4,basic,mid,android,22,83.18,2.0,lang_b,1,I0528 I0872,
U025841,2026-06-01,east,35-49,4,basic,premium,android,82,22.25,4.0,lang_a,0,I0530 I0961,
U025842,2026-06-01,south,50+,2,premium,mid,android,39,47.54,4.0,lang_b,1,I0963 I0979 I0986,
U025843,2026-06-01,coastal,35-49,1,plus,mid,android,43,83.5,2.0,lang_b,1,,books kitchen
U025844,2026-06-01,south,35-49,3,plus,entry,ios,79,19.62,3.0,lang_c,1,I0467 I0480,gaming garden
U025845,2026-06-01,coastal,50+,4,plus,entry,android,46,,3.0,lang_a,1,I0122 I0304 I0533 I0859 I0904 I0913,
U025846,2026-06-01,east,35-49,2,premium,entry,ios,81,193.58,5.0,lang_a,0,,gaming travel_accessories
U025847,2026-06-01,central,50+,1,basic,premium,ios,84,100.77,4.0,lang_a,1,I0050 I0074 I0093 I0909,computing local_experiences
U025848,2026-06-01,central,18-24,1,basic,mid,android,60,54.86,4.0,lang_a,1,,delivery streaming
U025849,2026-06-01,east,50+,2,basic,premium,android,83,,3.0,lang_c,1,,
U025850,2026-06-01,north,50+,1,basic,entry,android,27,60.4,,lang_a,0,I0305 I0327 I0652,connectivity gaming
U025851,2026-06-01,north,50+,3,premium,premium,android,65,28.91,1.0,lang_a,0,I0475,mobile_accessories streaming
U025852,2026-06-01,south,18-24,2,basic,entry,ios,30,139.2,2.0,lang_b,1,I0938 I0980,
U025853,2026-06-01,coastal,35-49,1,basic,entry,android,39,150.45,3.0,lang_c,0,I0918,
U025854,2026-06-01,central,25-34,3,basic,entry,ios,60,37.9,3.0,lang_a,1,,home_care learning
U025855,2026-06-01,south,18-24,4,basic,mid,android,66,33.63,4.0,lang_b,0,,garden kitchen
U025856,2026-06-01,south,50+,5,basic,premium,ios,30,155.02,2.0,lang_a,1,I0092 I0530 I0531 I0537,
U025857,2026-06-01,central,35-49,2,plus,mid,ios,42,61.0,2.0,lang_a,1,I0279 I0544,mobile_accessories travel_accessories
U025858,2026-06-01,south,25-34,2,premium,mid,ios,73,65.96,1.0,lang_b,1,I0556 I0851 I0856 I0858 I0860 I0861 I0863 I0872 I0879 I0883 I0887 I0893 I0926,outdoor travel_accessories
U025859,2026-06-01,west,50+,1,plus,mid,android,77,34.27,,lang_a,1,I0284 I0531,computing wellness
U025860,2026-06-01,west,18-24,2,basic,entry,android,9,20.19,2.0,lang_c,1,I0226 I0311 I0334 I0568 I0570 I0586,local_experiences mobile_accessories
U025861,2026-06-01,north,25-34,2,plus,mid,android,45,362.24,3.0,lang_b,1,,
U025862,2026-06-01,central,18-24,5,basic,entry,android,48,49.36,2.0,lang_b,0,I0869 I0880 I0906,outdoor travel_accessories
U025863,2026-06-01,east,18-24,2,premium,entry,android,81,56.98,3.0,lang_b,1,,
U025864,2026-06-01,central,35-49,4,basic,entry,android,78,56.83,4.0,lang_c,0,,local_experiences mobile_accessories
U025865,2026-06-01,central,25-34,3,basic,mid,android,36,105.11,2.0,lang_a,1,I0183 I0559 I0582,accessories garden
U025866,2026-06-01,west,50+,3,premium,mid,android,11,88.7,3.0,lang_c,1,I0682 I0683,books furnishings
U025867,2026-06-01,coastal,35-49,5,basic,entry,ios,39,64.25,3.0,lang_c,0,I0650 I0853,kitchen outdoor
U025868,2026-06-01,south,18-24,5,premium,mid,android,22,47.17,4.0,lang_a,1,,
U025869,2026-06-01,central,25-34,1,plus,mid,ios,79,56.63,5.0,lang_b,1,,books furnishings
U025870,2026-06-01,coastal,18-24,5,plus,entry,ios,14,,2.0,lang_a,1,,
U025871,2026-06-01,north,25-34,2,premium,premium,android,21,43.7,3.0,lang_b,1,,delivery furnishings
U025872,2026-06-01,coastal,18-24,3,plus,premium,android,65,36.84,4.0,lang_a,0,I0016 I0319 I0457 I0867,
U025873,2026-06-01,coastal,35-49,3,basic,premium,android,4,11.61,,lang_a,1,,
U025874,2026-06-01,east,35-49,2,basic,mid,android,66,22.31,3.0,lang_c,1,,
U025875,2026-06-01,coastal,18-24,4,plus,premium,ios,28,73.68,,lang_c,0,I0118,creative_hobbies furnishings
U025876,2026-06-01,north,18-24,3,basic,mid,ios,72,105.68,3.0,lang_a,1,,creative_hobbies local_experiences
U025877,2026-06-01,central,35-49,2,premium,premium,android,64,14.35,,lang_a,0,,books outdoor
U025878,2026-06-01,west,18-24,4,basic,premium,android,25,31.18,4.0,lang_a,0,I0232 I0244,
U025879,2026-06-01,east,35-49,5,basic,unknown,android,25,,4.0,lang_b,1,,
U025880,2026-06-01,north,25-34,2,plus,entry,android,32,78.58,4.0,lang_a,1,,learning travel_accessories
U025881,2026-06-01,west,25-34,4,basic,mid,android,68,89.54,3.0,lang_a,1,I0238 I0570,
U025882,2026-06-01,south,18-24,1,premium,mid,ios,59,49.9,,lang_b,0,,fitness kitchen
U025883,2026-06-01,south,50+,4,plus,mid,ios,33,43.24,4.0,lang_a,1,I0279 I0300 I0311,garden streaming
U025884,2026-06-01,central,18-24,5,basic,entry,android,76,223.65,4.0,lang_a,0,I0934 I0963,accessories delivery
U025885,2026-06-01,south,35-49,3,basic,entry,android,47,64.23,2.0,lang_c,1,I0506 I0530 I0538,
U025886,2026-06-01,coastal,35-49,3,plus,premium,ios,68,,3.0,lang_b,1,,connectivity learning
U025887,2026-06-01,east,25-34,1,basic,entry,android,38,68.75,4.0,lang_a,1,I0232 I0694,
U025888,2026-06-01,north,35-49,1,basic,premium,android,30,24.04,2.0,lang_a,0,I0913 I0941,delivery fitness
U025889,2026-06-01,central,25-34,4,premium,unknown,android,15,54.94,2.0,lang_c,1,,
U025890,2026-06-01,east,50+,1,premium,premium,android,22,41.05,2.0,lang_a,0,I0566 I0584,
U025891,2026-06-01,west,35-49,4,premium,entry,android,62,41.8,2.0,lang_c,1,I0337,books wellness
U025892,2026-06-01,west,35-49,1,basic,entry,android,72,,,lang_c,1,I0228,
U025893,2026-06-01,south,25-34,1,basic,premium,android,38,34.43,,lang_b,1,I0542,
U025894,2026-06-01,south,50+,4,basic,premium,android,35,46.01,4.0,lang_c,0,I0112,
U025895,2026-06-01,central,18-24,2,basic,entry,android,80,101.2,3.0,lang_b,1,,
U025896,2026-06-01,east,18-24,2,plus,entry,ios,39,24.32,1.0,lang_c,1,,computing furnishings
U025897,2026-06-01,east,18-24,4,basic,premium,android,35,96.58,2.0,lang_c,1,I0459 I0535,footwear furnishings
U025898,2026-06-01,central,35-49,2,premium,premium,ios,66,28.44,,lang_a,1,I0094 I0251 I0258 I0260 I0295 I0466,
U025899,2026-06-01,coastal,25-34,5,basic,entry,android,1,28.41,3.0,lang_c,0,I0278,accessories local_experiences
U025900,2026-06-01,east,50+,2,basic,entry,ios,62,,2.0,lang_b,0,I0212 I0222 I0230 I0238 I0242 I0247,
U025901,2026-06-01,south,18-24,1,plus,premium,android,71,70.51,5.0,lang_c,1,,
U025902,2026-06-01,north,25-34,5,premium,mid,android,13,41.86,3.0,lang_b,1,I0057 I0060 I0074 I0271 I0552 I0560 I0583 I0874 I0898 I0992,gaming outdoor
U025903,2026-06-01,central,25-34,2,plus,premium,ios,79,67.74,,lang_b,1,I0065 I0214 I0302 I0312 I0347 I0866 I0867 I0919,computing wellness
U025904,2026-06-01,central,25-34,5,basic,entry,android,56,71.72,1.0,lang_a,1,I0854 I0971,connectivity footwear
U025905,2026-06-01,south,18-24,5,basic,premium,ios,36,30.18,2.0,lang_c,0,I0213 I0219 I0496 I0934,footwear local_experiences
U025906,2026-06-01,central,25-34,1,basic,entry,ios,13,57.61,4.0,lang_c,1,I0061,
U025907,2026-06-01,west,50+,2,basic,mid,android,82,191.29,3.0,lang_b,0,I0150 I0201,gaming travel_accessories
U025908,2026-06-01,central,25-34,4,premium,unknown,ios,52,125.26,2.0,lang_b,1,I0534,accessories footwear
U025909,2026-06-01,east,18-24,3,basic,entry,ios,58,65.72,4.0,lang_c,1,,
U025910,2026-06-01,coastal,25-34,5,basic,unknown,android,39,54.05,4.0,lang_b,1,I0111 I0118 I0123 I0141 I0503,outdoor wellness
U025911,2026-06-01,east,35-49,3,premium,mid,android,54,128.9,3.0,lang_a,0,,
U025912,2026-06-01,west,50+,4,basic,entry,android,10,63.18,3.0,lang_c,0,,
U025913,2026-06-01,east,18-24,2,basic,mid,android,59,17.87,5.0,lang_c,1,I0184,creative_hobbies wellness
U025914,2026-06-01,west,50+,2,basic,mid,android,84,71.32,3.0,lang_a,0,I0302 I0469 I0873 I0894,
U025915,2026-06-01,south,50+,1,plus,premium,android,25,106.82,2.0,lang_a,0,,
U025916,2026-06-01,coastal,35-49,5,basic,mid,android,75,91.73,4.0,lang_c,1,I0014 I0936 I0938,creative_hobbies mobile_accessories
U025917,2026-06-01,coastal,25-34,5,plus,premium,ios,28,102.56,2.0,lang_a,0,I0662 I0672 I0686 I0692,connectivity local_experiences
U025918,2026-06-01,north,35-49,2,basic,premium,ios,46,13.53,3.0,lang_b,1,I0966,
U025919,2026-06-01,east,35-49,1,basic,unknown,android,67,106.37,3.0,lang_a,1,I0671,
U025920,2026-06-01,east,18-24,1,basic,premium,android,28,167.51,5.0,lang_b,1,I0692,fitness garden
U025921,2026-06-01,central,35-49,4,basic,entry,ios,8,71.73,3.0,lang_b,1,I0098,
U025922,2026-06-01,south,50+,4,basic,mid,ios,21,26.2,3.0,lang_b,1,I0216 I0922,furnishings wellness
U025923,2026-06-01,coastal,18-24,5,plus,entry,ios,75,,4.0,lang_c,1,I0658 I0659 I0903,
U025924,2026-06-01,west,50+,5,basic,entry,ios,67,35.68,3.0,lang_b,1,I0258,streaming wellness
U025925,2026-06-01,central,35-49,4,premium,mid,android,44,36.98,3.0,lang_c,1,I0056,kitchen outdoor
U025926,2026-06-01,central,18-24,3,plus,entry,ios,39,28.83,4.0,lang_b,1,,
U025927,2026-06-01,central,35-49,2,basic,entry,ios,60,108.81,3.0,lang_a,1,,books travel_accessories
U025928,2026-06-01,central,18-24,1,basic,premium,android,53,112.28,2.0,lang_a,0,I0871 I0900 I0917 I0941,
U025929,2026-06-01,west,25-34,1,basic,premium,android,39,28.53,3.0,lang_c,1,I0218 I0968,computing kitchen
U025930,2026-06-01,central,50+,1,basic,unknown,android,34,34.84,3.0,lang_a,1,,audio clothing
U025931,2026-06-01,coastal,25-34,5,basic,entry,android,84,27.43,,lang_c,1,,
U025932,2026-06-01,west,50+,4,basic,entry,ios,34,83.03,3.0,lang_b,1,I0027 I0101 I0118 I0163,bags mobile_accessories
U025933,2026-06-01,south,25-34,4,basic,unknown,ios,60,44.45,3.0,lang_a,1,I0012,
U025934,2026-06-01,central,18-24,4,plus,premium,ios,64,87.8,3.0,lang_c,0,I0567,audio wellness
U025935,2026-06-01,south,25-34,4,basic,mid,android,52,89.71,3.0,lang_c,1,I0878,
U025936,2026-06-01,east,18-24,4,basic,entry,android,10,208.62,3.0,lang_c,0,I0077 I0516 I0867 I0872 I0894,local_experiences outdoor
U025937,2026-06-01,east,35-49,2,basic,mid,android,52,48.33,5.0,lang_a,0,,
U025938,2026-06-01,north,18-24,5,premium,mid,android,18,33.42,2.0,lang_a,0,I0111 I0141,
U025939,2026-06-01,south,35-49,3,plus,mid,android,18,23.81,3.0,lang_b,1,I0075 I0078 I0079 I0682,
U025940,2026-06-01,south,25-34,2,basic,mid,android,67,,3.0,lang_c,1,I0009 I0024,furnishings learning
U025941,2026-06-01,central,18-24,3,premium,premium,android,43,44.56,3.0,lang_c,1,I0162,
U025942,2026-06-01,west,25-34,2,basic,premium,ios,68,,1.0,lang_c,1,,mobile_accessories smart_devices
U025943,2026-06-01,central,25-34,3,basic,premium,android,5,92.89,3.0,lang_a,1,I0134 I0485,connectivity kitchen
U025944,2026-06-01,north,50+,5,plus,entry,ios,34,44.05,4.0,lang_c,1,I0069 I0084 I0939,travel_accessories wellness
U025945,2026-06-01,west,50+,1,premium,mid,ios,40,110.16,5.0,lang_b,1,I0019 I0224 I0228 I0237 I0239 I0590,bags kitchen
U025946,2026-06-01,coastal,25-34,2,basic,entry,ios,61,50.15,3.0,lang_a,0,I0288,audio fitness
U025947,2026-06-01,east,35-49,5,plus,premium,android,28,19.46,3.0,lang_a,0,,books connectivity
U025948,2026-06-01,central,18-24,5,basic,mid,ios,64,59.57,3.0,lang_a,1,I0149,creative_hobbies home_care
U025949,2026-06-01,east,18-24,2,plus,unknown,android,59,28.46,2.0,lang_c,1,,learning outdoor
U025950,2026-06-01,west,18-24,1,basic,entry,android,43,72.69,2.0,lang_c,1,I0987,accessories delivery
U025951,2026-06-01,coastal,35-49,2,premium,mid,ios,36,99.16,1.0,lang_b,0,,creative_hobbies gaming
U025952,2026-06-01,south,50+,3,basic,mid,android,8,58.87,3.0,lang_c,1,,local_experiences travel_accessories
U025953,2026-06-01,east,18-24,2,basic,entry,android,68,84.2,1.0,lang_a,0,I0851 I0978,computing fitness
U025954,2026-06-01,west,50+,5,plus,premium,android,3,28.94,5.0,lang_a,1,,home_care local_experiences
U025955,2026-06-01,south,25-34,1,basic,entry,android,55,,5.0,lang_a,0,I0061 I0081 I0083 I0139 I0514 I0526 I0528 I0538,bags delivery
U025956,2026-06-01,west,50+,2,basic,entry,ios,13,83.1,4.0,lang_c,1,I0213 I0535 I0542,connectivity wellness
U025957,2026-06-01,central,25-34,3,basic,mid,android,36,,4.0,lang_c,1,I0086 I0232,creative_hobbies streaming
U025958,2026-06-01,west,18-24,4,basic,entry,android,4,35.2,1.0,lang_a,1,,clothing local_experiences
U025959,2026-06-01,north,25-34,4,basic,entry,ios,68,76.99,4.0,lang_c,1,,
U025960,2026-06-01,north,50+,2,basic,unknown,android,12,53.61,1.0,lang_a,0,I0929 I0936,clothing garden
U025961,2026-06-01,north,35-49,2,basic,mid,android,31,18.28,,lang_a,1,,furnishings local_experiences
U025962,2026-06-01,west,25-34,2,premium,premium,android,43,108.95,3.0,lang_c,1,,
U025963,2026-06-01,south,50+,4,basic,entry,android,14,21.18,3.0,lang_b,0,,
U025964,2026-06-01,west,50+,5,basic,mid,android,16,54.3,3.0,lang_a,1,I0235 I0867 I0882 I0883,
U025965,2026-06-01,east,25-34,5,basic,premium,android,12,86.66,2.0,lang_b,1,,outdoor wellness
U025966,2026-06-01,central,18-24,4,basic,mid,ios,70,127.31,3.0,lang_b,1,,books outdoor
U025967,2026-06-01,central,50+,5,plus,mid,android,59,74.51,1.0,lang_c,0,I0956,garden kitchen
U025968,2026-06-01,coastal,50+,3,plus,entry,android,44,25.71,5.0,lang_c,0,I0004 I0062 I0076 I0214 I0678,
U025969,2026-06-01,west,35-49,2,basic,mid,ios,49,44.43,3.0,lang_c,1,I0463,footwear home_care
U025970,2026-06-01,west,35-49,2,basic,mid,android,60,29.33,,lang_c,1,,
U025971,2026-06-01,central,25-34,5,plus,mid,android,14,53.85,3.0,lang_a,1,I0314,computing creative_hobbies
U025972,2026-06-01,east,25-34,1,premium,mid,ios,72,90.41,2.0,lang_c,1,,computing delivery
U025973,2026-06-01,central,50+,3,basic,mid,ios,59,112.92,4.0,lang_b,1,I0680,
U025974,2026-06-01,south,50+,4,plus,mid,ios,82,44.54,4.0,lang_b,1,,home_care wellness
U025975,2026-06-01,south,35-49,4,premium,mid,android,40,40.45,3.0,lang_c,0,I0214 I0227 I0233,clothing fitness
U025976,2026-06-01,central,35-49,2,plus,mid,android,60,68.4,,lang_b,0,I0284 I0285 I0286,audio furnishings
U025977,2026-06-01,south,50+,3,basic,mid,android,20,32.19,4.0,lang_c,1,,accessories fitness
U025978,2026-06-01,south,35-49,3,basic,entry,ios,48,67.68,5.0,lang_a,1,I0678 I0970,accessories furnishings
U025979,2026-06-01,south,18-24,1,plus,entry,android,31,43.48,3.0,lang_a,1,I0472 I0571 I0595,
U025980,2026-06-01,south,18-24,5,basic,premium,android,65,112.43,4.0,lang_c,1,,accessories gaming
U025981,2026-06-01,north,35-49,4,plus,premium,ios,11,32.34,3.0,lang_c,0,I0013 I0917 I0933,audio creative_hobbies
U025982,2026-06-01,east,25-34,4,plus,premium,android,44,25.91,3.0,lang_a,1,I0507 I0860 I0868,clothing home_care
U025983,2026-06-01,south,50+,5,basic,premium,android,9,12.0,3.0,lang_a,1,,home_care wellness
U025984,2026-06-01,coastal,50+,2,plus,mid,ios,3,21.59,2.0,lang_a,1,I0960 I0981,books gaming
U025985,2026-06-01,west,18-24,1,plus,premium,ios,62,26.42,4.0,lang_c,1,I0067 I0086 I0988,computing travel_accessories
U025986,2026-06-01,north,25-34,2,basic,premium,android,72,50.81,3.0,lang_a,1,,
U025987,2026-06-01,west,18-24,1,plus,mid,ios,37,71.72,3.0,lang_c,1,,
U025988,2026-06-01,west,25-34,3,premium,mid,android,25,21.86,,lang_b,0,,
U025989,2026-06-01,east,35-49,2,basic,mid,android,46,31.16,,lang_a,1,I0556 I0588 I0674,
U025990,2026-06-01,central,35-49,2,basic,mid,android,25,110.63,5.0,lang_a,1,I0308 I0481 I0933,audio garden
U025991,2026-06-01,central,25-34,5,basic,mid,android,45,47.85,2.0,lang_a,0,,
U025992,2026-06-01,central,25-34,5,premium,premium,android,39,43.26,,lang_b,1,I0528 I0545 I0985 I0992,clothing kitchen
U025993,2026-06-01,coastal,35-49,3,basic,mid,android,68,59.14,4.0,lang_c,0,,learning streaming
U025994,2026-06-01,north,50+,3,plus,entry,android,28,67.88,3.0,lang_b,1,I0877 I0893 I0931,
U025995,2026-06-01,coastal,18-24,2,plus,premium,ios,22,193.21,3.0,lang_c,1,I0111,computing gaming
U025996,2026-06-01,coastal,50+,1,premium,mid,android,68,106.96,3.0,lang_a,1,I0502 I0510,learning local_experiences
U025997,2026-06-01,north,18-24,2,basic,premium,android,56,67.96,3.0,lang_a,0,I0992,bags furnishings
U025998,2026-06-01,coastal,50+,1,basic,entry,ios,15,87.87,3.0,lang_c,0,,audio travel_accessories
U025999,2026-06-01,coastal,18-24,4,plus,premium,ios,57,86.42,3.0,lang_b,0,,
U026000,2026-06-01,south,50+,4,basic,premium,android,56,69.53,3.0,lang_c,1,I0325,creative_hobbies mobile_accessories
U026001,2026-06-01,central,35-49,2,basic,mid,android,24,29.44,4.0,lang_c,1,I0303,accessories garden
U026002,2026-06-01,central,50+,2,plus,premium,android,49,42.54,3.0,lang_b,1,,bags creative_hobbies
U026003,2026-06-01,coastal,25-34,4,basic,premium,android,43,122.51,1.0,lang_a,1,,mobile_accessories outdoor
U026004,2026-06-01,north,50+,4,plus,entry,android,51,37.82,4.0,lang_b,0,I0016 I0682,accessories audio
U026005,2026-06-01,coastal,50+,2,basic,premium,ios,81,67.14,2.0,lang_c,1,,books fitness
U026006,2026-06-01,north,25-34,2,basic,mid,ios,33,26.14,3.0,lang_a,0,I0000 I0696,computing travel_accessories
U026007,2026-06-01,south,35-49,3,plus,mid,ios,61,36.97,1.0,lang_c,1,I0070 I0086,
U026008,2026-06-01,south,18-24,3,basic,mid,ios,61,56.46,3.0,lang_b,1,I0521 I0525,books learning
U026009,2026-06-01,north,35-49,5,basic,mid,android,55,196.39,3.0,lang_c,0,I0967,
U026010,2026-06-01,east,25-34,3,basic,mid,ios,5,50.75,4.0,lang_a,1,,footwear learning
U026011,2026-06-01,east,35-49,1,plus,unknown,android,32,59.46,4.0,lang_c,1,I0513 I0519,accessories bags
U026012,2026-06-01,central,50+,5,premium,premium,ios,73,,5.0,lang_c,0,I0251 I0279 I0286,furnishings gaming
U026013,2026-06-01,coastal,25-34,2,premium,entry,android,42,80.8,2.0,lang_a,0,,books mobile_accessories
U026014,2026-06-01,coastal,18-24,5,basic,mid,android,48,57.75,3.0,lang_c,0,,creative_hobbies outdoor
U026015,2026-06-01,north,25-34,5,plus,unknown,ios,5,107.68,4.0,lang_c,0,,clothing outdoor
U026016,2026-06-01,south,25-34,1,plus,unknown,android,66,92.29,3.0,lang_c,0,,
U026017,2026-06-01,west,25-34,2,basic,entry,android,66,34.47,3.0,lang_a,1,I0035 I0037 I0551 I0572,
U026018,2026-06-01,north,25-34,5,plus,entry,ios,16,39.22,,lang_a,1,I0650 I0659 I0665,fitness gaming
U026019,2026-06-01,east,25-34,3,plus,premium,android,53,94.01,3.0,lang_c,1,I0513 I0566 I0936,local_experiences travel_accessories
U026020,2026-06-01,central,50+,1,basic,mid,android,39,151.38,3.0,lang_a,0,I0206 I0570,accessories wellness
U026021,2026-06-01,south,25-34,5,plus,mid,android,36,69.25,,lang_b,1,I0501 I0650 I0669,gaming wellness
U026022,2026-06-01,coastal,35-49,2,plus,entry,ios,8,66.14,4.0,lang_a,1,I0072 I0112 I0264,
U026023,2026-06-01,coastal,25-34,2,premium,mid,android,30,36.6,4.0,lang_a,1,,
U026024,2026-06-01,east,35-49,1,plus,entry,ios,81,122.87,5.0,lang_c,1,,home_care mobile_accessories
U026025,2026-06-01,east,50+,5,basic,premium,android,18,40.91,3.0,lang_c,1,I0514,footwear local_experiences
U026026,2026-06-01,south,50+,4,basic,mid,android,46,55.84,,lang_b,1,,
U026027,2026-06-01,west,25-34,4,premium,entry,ios,26,34.85,,lang_b,1,I0471,audio connectivity
U026028,2026-06-01,east,25-34,2,plus,entry,ios,35,37.39,2.0,lang_a,1,I0150 I0171 I0172 I0177 I0187 I0253 I0255 I0259 I0261 I0267 I0268 I0272 I0277 I0284 I0292 I0299 I0303 I0471 I0487 I0655 I0667,computing smart_devices
U026029,2026-06-01,central,35-49,4,basic,entry,android,8,99.49,3.0,lang_a,0,I0167 I0195,delivery gaming
U026030,2026-06-01,east,50+,1,basic,premium,android,52,29.4,4.0,lang_a,1,I0051 I0054 I0059 I0062 I0069 I0073 I0093 I0989,accessories computing
U026031,2026-06-01,west,18-24,2,premium,entry,ios,62,59.87,3.0,lang_b,1,,creative_hobbies gaming
U026032,2026-06-01,north,25-34,5,basic,premium,android,31,,1.0,lang_a,0,I0980,books wellness
U026033,2026-06-01,east,18-24,3,basic,mid,android,64,33.32,3.0,lang_a,1,I0077 I0655 I0657 I0671 I0681 I0685 I0690,gaming garden
U026034,2026-06-01,west,18-24,1,basic,premium,android,57,338.14,3.0,lang_c,1,,delivery streaming
U026035,2026-06-01,coastal,50+,4,plus,mid,android,82,71.05,3.0,lang_b,1,I0960,clothing streaming
U026036,2026-06-01,west,50+,2,basic,mid,ios,8,66.1,3.0,lang_a,1,I0070 I0079 I0084,garden mobile_accessories
U026037,2026-06-01,coastal,50+,5,basic,premium,ios,7,102.03,,lang_b,1,,
U026038,2026-06-01,west,35-49,5,basic,entry,android,12,20.04,,lang_c,0,I0090,creative_hobbies local_experiences
U026039,2026-06-01,north,50+,1,basic,entry,android,47,39.58,2.0,lang_a,1,I0912,computing local_experiences
U026040,2026-06-01,coastal,50+,5,premium,mid,ios,27,39.19,2.0,lang_b,0,I0677,home_care smart_devices
U026041,2026-06-01,east,50+,4,plus,premium,android,11,43.09,2.0,lang_a,1,I0892,
U026042,2026-06-01,south,18-24,5,basic,mid,ios,72,160.23,3.0,lang_c,0,,connectivity home_care
U026043,2026-06-01,east,50+,3,plus,mid,android,50,36.99,4.0,lang_b,0,,gaming mobile_accessories
U026044,2026-06-01,south,18-24,2,basic,mid,android,50,47.03,4.0,lang_b,1,I0013 I0016 I0038 I0041,audio smart_devices
U026045,2026-06-01,central,18-24,1,basic,entry,ios,34,123.01,3.0,lang_b,0,I0012 I0027 I0041 I0319,
U026046,2026-06-01,south,50+,2,plus,unknown,android,31,79.32,2.0,lang_c,1,,kitchen learning
U026047,2026-06-01,central,35-49,3,basic,unknown,android,72,52.59,2.0,lang_b,0,,bags mobile_accessories
U026048,2026-06-01,south,18-24,4,premium,mid,android,42,,5.0,lang_b,1,I0021 I0027 I0288 I0562 I0956 I0974,
U026049,2026-06-01,north,50+,5,basic,entry,android,58,94.37,1.0,lang_a,1,,
U026050,2026-06-01,central,35-49,3,plus,unknown,ios,67,75.27,3.0,lang_b,1,I0958 I0961,computing delivery
U026051,2026-06-01,west,35-49,1,premium,mid,android,29,53.2,3.0,lang_c,1,,computing gaming
U026052,2026-06-01,coastal,35-49,5,plus,entry,android,56,102.41,4.0,lang_c,1,I0266 I0273 I0288 I0687 I0855,clothing learning
U026053,2026-06-01,central,50+,4,basic,premium,android,65,75.12,1.0,lang_c,0,I0460,local_experiences smart_devices
U026054,2026-06-01,south,25-34,3,plus,mid,android,54,72.48,,lang_c,1,,computing learning
U026055,2026-06-01,west,35-49,2,basic,mid,ios,3,39.43,3.0,lang_a,0,I0094 I0251 I0257 I0265 I0267 I0268 I0273 I0276 I0277 I0281 I0284 I0288 I0289,
U026056,2026-06-01,east,25-34,3,basic,mid,android,34,83.77,3.0,lang_b,1,,delivery kitchen
U026057,2026-06-01,south,25-34,5,plus,mid,android,55,41.04,3.0,lang_c,0,,
U026058,2026-06-01,south,18-24,3,basic,entry,ios,42,262.35,4.0,lang_a,0,I0866,audio books
U026059,2026-06-01,coastal,18-24,1,basic,premium,ios,76,39.1,4.0,lang_b,1,I0971,computing delivery
U026060,2026-06-01,east,50+,2,plus,premium,ios,27,42.9,4.0,lang_a,1,,footwear smart_devices
U026061,2026-06-01,south,25-34,4,plus,entry,android,20,63.3,3.0,lang_c,1,I0143 I0203 I0217 I0257 I0271 I0273 I0275 I0285 I0924,furnishings gaming
U026062,2026-06-01,east,50+,4,plus,entry,android,25,,2.0,lang_c,0,,computing learning
U026063,2026-06-01,west,25-34,2,basic,premium,ios,51,43.67,3.0,lang_a,1,I0667,outdoor smart_devices
U026064,2026-06-01,north,25-34,3,premium,premium,android,18,,3.0,lang_a,1,I0135 I0506,fitness kitchen
U026065,2026-06-01,central,25-34,1,premium,entry,ios,83,89.24,4.0,lang_b,1,,
U026066,2026-06-01,east,50+,5,plus,mid,android,78,29.62,,lang_a,1,I0476,clothing connectivity
U026067,2026-06-01,south,35-49,4,plus,premium,ios,84,192.82,4.0,lang_c,1,,garden streaming
U026068,2026-06-01,north,50+,1,basic,entry,ios,58,116.03,4.0,lang_b,1,,footwear home_care
U026069,2026-06-01,south,50+,5,basic,entry,ios,55,70.85,2.0,lang_b,0,I0106 I0117,
U026070,2026-06-01,north,18-24,5,basic,entry,android,42,39.07,3.0,lang_a,1,I0923,clothing delivery
U026071,2026-06-01,north,25-34,1,basic,premium,android,84,53.26,,lang_c,1,,
U026072,2026-06-01,central,18-24,3,basic,mid,ios,34,54.59,2.0,lang_a,1,I0331 I0687,bags mobile_accessories
U026073,2026-06-01,south,50+,4,basic,entry,ios,23,,3.0,lang_c,0,,bags learning
U026074,2026-06-01,west,35-49,4,basic,premium,android,17,40.43,4.0,lang_b,1,I0559 I0951,furnishings kitchen
U026075,2026-06-01,south,25-34,4,premium,entry,android,62,59.49,3.0,lang_a,1,I0963,connectivity outdoor
U026076,2026-06-01,south,25-34,4,basic,premium,ios,16,77.44,4.0,lang_a,0,I0456 I0463 I0472 I0493 I0852 I0853 I0930,
U026077,2026-06-01,central,35-49,3,plus,premium,android,11,61.64,2.0,lang_a,0,I0102 I0111 I0138,home_care mobile_accessories
U026078,2026-06-01,central,35-49,2,basic,entry,ios,16,37.26,3.0,lang_c,0,,learning wellness
U026079,2026-06-01,south,18-24,5,basic,entry,ios,28,118.4,2.0,lang_a,1,I0283 I0508 I0585 I0652 I0677 I0681,
U026080,2026-06-01,north,25-34,2,basic,entry,android,8,56.63,3.0,lang_b,1,,delivery mobile_accessories
U026081,2026-06-01,central,35-49,5,premium,mid,android,5,117.76,3.0,lang_c,0,I0256 I0518,delivery mobile_accessories
U026082,2026-06-01,coastal,25-34,2,basic,entry,ios,41,32.21,3.0,lang_a,0,I0179,fitness smart_devices
U026083,2026-06-01,central,50+,3,plus,premium,android,11,87.67,3.0,lang_a,1,I0161,bags home_care
U026084,2026-06-01,coastal,25-34,2,premium,entry,ios,4,27.58,2.0,lang_b,1,,audio furnishings
U026085,2026-06-01,coastal,18-24,4,basic,entry,android,64,67.22,1.0,lang_c,1,I0477 I0481 I0490 I0491 I0567 I0570,accessories footwear
U026086,2026-06-01,coastal,50+,2,basic,mid,android,61,35.37,2.0,lang_b,0,I0038,audio clothing
U026087,2026-06-01,north,25-34,5,basic,mid,android,67,194.6,4.0,lang_a,1,I0483 I0513 I0536 I0904 I0906 I0938 I0984,delivery kitchen
U026088,2026-06-01,coastal,25-34,3,basic,premium,android,68,21.49,4.0,lang_c,1,I0958,
U026089,2026-06-01,west,50+,5,plus,mid,android,46,52.22,,lang_a,1,I0021 I0308 I0322 I0331,audio local_experiences
U026090,2026-06-01,central,18-24,4,basic,mid,android,42,,,lang_a,1,,
U026091,2026-06-01,west,35-49,1,plus,mid,android,6,87.07,2.0,lang_b,1,,gaming streaming
U026092,2026-06-01,south,50+,2,premium,mid,android,32,,3.0,lang_c,0,I0225,bags creative_hobbies
U026093,2026-06-01,north,18-24,2,basic,premium,ios,68,61.24,4.0,lang_c,1,,home_care mobile_accessories
U026094,2026-06-01,central,35-49,5,plus,entry,ios,78,47.13,2.0,lang_c,1,,garden learning
U026095,2026-06-01,north,35-49,4,premium,entry,android,57,46.92,2.0,lang_b,0,I0696,
U026096,2026-06-01,north,35-49,5,plus,premium,android,53,45.43,2.0,lang_a,0,,bags delivery
U026097,2026-06-01,south,18-24,4,plus,entry,android,75,22.81,5.0,lang_a,0,,creative_hobbies gaming
U026098,2026-06-01,east,25-34,3,basic,premium,android,52,29.94,,lang_a,1,,
U026099,2026-06-01,coastal,35-49,5,basic,mid,ios,78,50.77,2.0,lang_a,1,I0866 I0871 I0874,clothing connectivity
U026100,2026-06-01,central,35-49,5,basic,premium,android,29,200.35,3.0,lang_a,1,I0167 I0260,
U026101,2026-06-01,north,35-49,2,premium,premium,android,36,,3.0,lang_b,1,I0673 I0677,clothing gaming
U026102,2026-06-01,coastal,18-24,3,premium,premium,android,15,95.84,4.0,lang_a,0,I0456 I0461 I0493 I0535,footwear smart_devices
U026103,2026-06-01,coastal,50+,4,basic,entry,android,40,89.44,1.0,lang_b,0,,bags connectivity
U026104,2026-06-01,west,25-34,3,plus,premium,android,62,39.76,2.0,lang_c,1,,
U026105,2026-06-01,coastal,18-24,5,premium,mid,ios,33,88.12,1.0,lang_a,1,,mobile_accessories outdoor
U026106,2026-06-01,north,18-24,1,plus,entry,android,56,64.89,2.0,lang_c,1,I0011 I0033,audio outdoor
U026107,2026-06-01,west,18-24,2,plus,premium,ios,72,64.51,4.0,lang_a,1,,
U026108,2026-06-01,north,25-34,3,basic,premium,ios,36,141.73,5.0,lang_c,1,I0464,
U026109,2026-06-01,coastal,35-49,5,basic,mid,ios,73,70.51,2.0,lang_b,1,I0333 I0562 I0971 I0974,connectivity learning
U026110,2026-06-01,coastal,50+,5,basic,mid,android,46,,2.0,lang_a,1,I0110 I0111 I0116 I0120 I0136,
U026111,2026-06-01,central,35-49,2,basic,entry,android,26,60.39,4.0,lang_b,1,,audio garden
U026112,2026-06-01,coastal,50+,2,basic,mid,ios,27,55.62,2.0,lang_a,0,I0231,delivery kitchen
U026113,2026-06-01,west,35-49,5,basic,mid,android,62,37.65,3.0,lang_b,1,I0911,home_care outdoor
U026114,2026-06-01,east,18-24,3,plus,premium,android,60,75.5,5.0,lang_a,1,,
U026115,2026-06-01,north,35-49,1,premium,mid,android,30,85.14,2.0,lang_a,1,,computing fitness
U026116,2026-06-01,central,18-24,5,plus,mid,android,48,76.4,3.0,lang_c,1,,footwear mobile_accessories
U026117,2026-06-01,east,50+,1,basic,premium,ios,68,63.08,5.0,lang_a,1,I0216 I0288,footwear home_care
U026118,2026-06-01,west,50+,3,basic,mid,android,22,40.55,4.0,lang_a,0,I0056,mobile_accessories outdoor
U026119,2026-06-01,east,35-49,2,basic,mid,android,20,,2.0,lang_a,1,,
U026120,2026-06-01,central,18-24,1,plus,mid,android,31,44.55,2.0,lang_c,0,I0106 I0112 I0131,local_experiences travel_accessories
U026121,2026-06-01,west,35-49,5,basic,premium,ios,48,101.33,4.0,lang_b,1,I0301 I0322 I0327,connectivity footwear
U026122,2026-06-01,coastal,18-24,2,basic,entry,android,50,40.38,4.0,lang_c,0,,connectivity gaming
U026123,2026-06-01,central,25-34,4,plus,mid,ios,17,110.6,2.0,lang_b,1,I0206 I0852 I0982,fitness garden
U026124,2026-06-01,coastal,25-34,5,basic,entry,ios,39,72.43,4.0,lang_c,1,I0329 I0337 I0462 I0466 I0467 I0472 I0480 I0490 I0494 I0498 I0499 I0931,
U026125,2026-06-01,west,25-34,3,basic,mid,android,7,80.71,3.0,lang_a,0,I0051 I0118 I0214 I0865,
U026126,2026-06-01,east,35-49,2,plus,mid,android,55,181.18,4.0,lang_b,1,I0131 I0306 I0308 I0867,
U026127,2026-06-01,coastal,25-34,2,plus,mid,ios,23,10.73,3.0,lang_c,1,I0294,furnishings local_experiences
U026128,2026-06-01,south,50+,3,plus,unknown,android,1,40.23,3.0,lang_b,1,I0066,audio smart_devices
U026129,2026-06-01,south,18-24,5,basic,unknown,android,84,116.89,4.0,lang_a,0,I0513 I0534 I0537,
U026130,2026-06-01,east,25-34,5,basic,premium,android,36,179.89,2.0,lang_b,0,,books connectivity
U026131,2026-06-01,coastal,35-49,4,premium,premium,android,38,44.68,4.0,lang_a,0,,
U026132,2026-06-01,east,25-34,1,basic,entry,android,41,40.26,3.0,lang_a,1,I0542 I0686 I0989,
U026133,2026-06-01,coastal,25-34,4,plus,mid,android,31,,,lang_a,1,I0085 I0152 I0166 I0183 I0190 I0191 I0195 I0852,
U026134,2026-06-01,south,50+,5,basic,mid,ios,40,25.42,2.0,lang_b,1,I0526,bags smart_devices
U026135,2026-06-01,west,35-49,5,basic,entry,android,56,43.56,3.0,lang_c,1,I0455 I0512,bags furnishings
U026136,2026-06-01,coastal,35-49,3,basic,entry,android,23,79.66,3.0,lang_a,1,I0092 I0519,bags wellness
U026137,2026-06-01,west,25-34,3,basic,premium,android,6,18.57,4.0,lang_b,1,,bags mobile_accessories
U026138,2026-06-01,central,50+,2,basic,unknown,android,82,14.68,4.0,lang_a,1,,
U026139,2026-06-01,west,18-24,1,basic,mid,android,44,27.0,,lang_a,0,,furnishings local_experiences
U026140,2026-06-01,central,50+,3,basic,mid,android,32,69.74,3.0,lang_a,1,,garden wellness
U026141,2026-06-01,east,25-34,4,plus,premium,android,34,129.83,1.0,lang_b,1,I0991,kitchen outdoor
U026142,2026-06-01,coastal,18-24,4,premium,mid,ios,66,89.3,2.0,lang_b,0,I0481 I0682 I0906 I0949,
U026143,2026-06-01,coastal,25-34,3,basic,premium,android,30,19.27,2.0,lang_a,0,I0909 I0983 I0986,
U026144,2026-06-01,south,25-34,3,basic,mid,ios,29,29.83,4.0,lang_a,0,I0061 I0511 I0546,
U026145,2026-06-01,central,35-49,2,basic,entry,android,65,,4.0,lang_c,0,,
U026146,2026-06-01,east,50+,3,basic,premium,ios,28,29.27,3.0,lang_a,1,I0030,
U026147,2026-06-01,south,35-49,4,plus,mid,ios,62,87.95,3.0,lang_c,0,,
U026148,2026-06-01,west,18-24,5,basic,premium,android,63,81.17,3.0,lang_c,1,I0206 I0215 I0218 I0223 I0238 I0307 I0314 I0326 I0339,garden wellness
U026149,2026-06-01,north,50+,2,basic,mid,ios,13,51.63,1.0,lang_a,1,I0060 I0073,creative_hobbies wellness
U026150,2026-06-01,coastal,35-49,5,plus,premium,android,15,,2.0,lang_c,1,I0952 I0965,
U026151,2026-06-01,south,18-24,2,basic,entry,ios,56,47.23,4.0,lang_a,0,I0468,
U026152,2026-06-01,coastal,50+,2,premium,entry,android,52,81.27,3.0,lang_c,1,,garden smart_devices
U026153,2026-06-01,coastal,50+,5,basic,premium,android,17,44.21,2.0,lang_c,1,I0012 I0264 I0273 I0277 I0284,
U026154,2026-06-01,east,18-24,2,basic,mid,ios,14,20.07,4.0,lang_a,0,,kitchen learning
U026155,2026-06-01,north,25-34,3,basic,premium,android,46,83.05,4.0,lang_b,0,,mobile_accessories streaming
U026156,2026-06-01,coastal,25-34,2,premium,mid,android,31,78.59,1.0,lang_c,1,,connectivity streaming
U026157,2026-06-01,south,35-49,4,basic,mid,ios,26,32.69,2.0,lang_b,1,,connectivity footwear
U026158,2026-06-01,central,25-34,2,premium,entry,android,72,66.06,2.0,lang_b,1,I0497,footwear streaming
U026159,2026-06-01,east,50+,3,plus,premium,android,30,24.83,3.0,lang_c,1,,audio creative_hobbies
U026160,2026-06-01,north,35-49,5,plus,mid,android,4,21.77,3.0,lang_a,1,,books connectivity
U026161,2026-06-01,east,50+,1,basic,mid,ios,4,186.79,2.0,lang_b,1,I0270,books garden
U026162,2026-06-01,coastal,35-49,2,plus,entry,ios,69,62.03,4.0,lang_c,1,,accessories fitness
U026163,2026-06-01,east,35-49,3,basic,entry,ios,66,228.12,4.0,lang_b,1,,delivery footwear
U026164,2026-06-01,south,50+,2,basic,entry,ios,74,17.05,1.0,lang_a,0,I0121 I0305 I0310 I0312,
U026165,2026-06-01,west,18-24,3,basic,unknown,android,59,132.84,,lang_b,1,I0308,
U026166,2026-06-01,central,18-24,3,basic,mid,android,61,26.22,1.0,lang_b,0,I0450 I0455 I0462 I0480 I0482 I0501,
U026167,2026-06-01,south,35-49,5,plus,premium,ios,20,33.03,4.0,lang_b,1,I0306 I0308 I0665,audio wellness
U026168,2026-06-01,west,50+,1,basic,mid,android,76,97.51,2.0,lang_a,1,I0216 I0337 I0566 I0573,
U026169,2026-06-01,central,25-34,3,basic,entry,ios,52,22.0,3.0,lang_c,0,I0020,
U026170,2026-06-01,west,18-24,4,basic,premium,android,5,,,lang_a,1,I0038,
U026171,2026-06-01,east,50+,4,basic,mid,android,38,7.53,,lang_b,1,I0470,
U026172,2026-06-01,south,50+,5,plus,mid,ios,54,41.41,3.0,lang_b,0,,clothing delivery
U026173,2026-06-01,west,18-24,3,plus,mid,android,28,59.62,2.0,lang_a,1,I0031 I0086 I0111 I0113 I0135 I0254 I0303 I0346 I0690,garden mobile_accessories
U026174,2026-06-01,north,50+,2,basic,mid,ios,40,,3.0,lang_a,1,I0128,
U026175,2026-06-01,east,25-34,3,plus,mid,ios,3,70.95,4.0,lang_b,1,I0012 I0014 I0029 I0067 I0894 I0903,
U026176,2026-06-01,north,35-49,5,plus,premium,android,11,,3.0,lang_a,1,,garden kitchen
U026177,2026-06-01,central,50+,2,plus,mid,android,70,70.3,2.0,lang_b,0,I0035,computing creative_hobbies
U026178,2026-06-01,east,18-24,1,basic,mid,ios,82,58.05,2.0,lang_b,1,I0020 I0585,furnishings wellness
U026179,2026-06-01,coastal,50+,2,plus,mid,android,10,82.85,3.0,lang_c,1,,creative_hobbies travel_accessories
U026180,2026-06-01,south,18-24,5,basic,premium,android,77,28.15,3.0,lang_c,1,I0267 I0291,
U026181,2026-06-01,west,25-34,2,basic,entry,android,7,,3.0,lang_a,1,I0006 I0072 I0080 I0218 I0238,audio local_experiences
U026182,2026-06-01,coastal,50+,3,plus,mid,ios,54,43.61,4.0,lang_a,1,,audio gaming
U026183,2026-06-01,west,18-24,3,basic,mid,android,65,72.81,4.0,lang_c,1,I0319 I0322,accessories gaming
U026184,2026-06-01,central,35-49,5,plus,mid,android,71,144.95,4.0,lang_a,0,I0242 I0904,fitness learning
U026185,2026-06-01,north,35-49,4,basic,mid,android,47,123.75,5.0,lang_b,0,,connectivity local_experiences
U026186,2026-06-01,north,25-34,1,basic,premium,ios,65,97.34,2.0,lang_b,1,,
U026187,2026-06-01,north,25-34,1,basic,mid,android,18,183.34,4.0,lang_a,1,I0154 I0194 I0464 I0478 I0488 I0539,streaming wellness
U026188,2026-06-01,north,18-24,5,plus,mid,ios,49,111.23,4.0,lang_b,0,,creative_hobbies local_experiences
U026189,2026-06-01,west,35-49,3,plus,premium,android,68,,2.0,lang_b,1,I0512,local_experiences smart_devices
U026190,2026-06-01,west,25-34,2,plus,entry,ios,38,42.98,3.0,lang_a,1,I0559 I0577,accessories smart_devices
U026191,2026-06-01,east,35-49,4,plus,premium,android,22,13.77,,lang_b,0,I0184 I0200 I0233 I0248 I0573 I0669 I0671 I0679 I0688 I0691 I0694,
U026192,2026-06-01,east,35-49,5,basic,unknown,android,7,37.89,3.0,lang_a,0,I0010 I0674,furnishings outdoor
U026193,2026-06-01,east,18-24,4,basic,entry,android,59,203.64,2.0,lang_c,1,I0333 I0566,
U026194,2026-06-01,south,25-34,3,plus,mid,ios,77,47.85,4.0,lang_a,0,I0072,computing kitchen
U026195,2026-06-01,coastal,25-34,2,basic,mid,android,26,75.13,4.0,lang_c,1,I0678 I0689 I0902,learning smart_devices
U026196,2026-06-01,south,35-49,1,basic,mid,android,31,56.39,3.0,lang_b,1,,
U026197,2026-06-01,north,35-49,3,plus,entry,ios,55,62.32,,lang_c,1,I0025,
U026198,2026-06-01,south,50+,2,basic,entry,ios,28,62.75,3.0,lang_c,1,I0106 I0112 I0121 I0123 I0139 I0143,delivery smart_devices
U026199,2026-06-01,central,50+,3,basic,premium,android,72,85.09,1.0,lang_c,1,I0981,outdoor travel_accessories
U026200,2026-06-01,central,25-34,3,premium,mid,android,73,55.84,,lang_a,0,,local_experiences wellness
U026201,2026-06-01,west,25-34,1,basic,mid,ios,18,78.95,2.0,lang_b,1,I0256 I0296,furnishings streaming
U026202,2026-06-01,coastal,35-49,2,plus,entry,ios,50,54.41,3.0,lang_c,1,I0682 I0981,
U026203,2026-06-01,south,35-49,2,plus,entry,android,59,45.09,4.0,lang_a,0,I0873,creative_hobbies home_care
U026204,2026-06-01,north,35-49,3,basic,premium,ios,31,,2.0,lang_c,1,I0254 I0259 I0267 I0281 I0318,bags furnishings
U026205,2026-06-01,central,18-24,4,plus,premium,android,14,25.15,2.0,lang_c,1,I0261 I0530 I0543 I0668,
U026206,2026-06-01,south,50+,3,premium,mid,android,17,86.88,3.0,lang_c,1,I0972,
U026207,2026-06-01,north,35-49,5,basic,entry,ios,51,153.55,3.0,lang_c,0,I0568 I0587,
U026208,2026-06-01,south,35-49,1,basic,premium,ios,53,86.61,4.0,lang_c,1,I0142,
U026209,2026-06-01,south,18-24,4,plus,premium,ios,1,27.63,,lang_a,1,,
U026210,2026-06-01,south,18-24,3,plus,mid,android,28,59.09,5.0,lang_b,1,,fitness garden
U026211,2026-06-01,west,35-49,3,basic,unknown,ios,54,42.32,4.0,lang_b,1,,delivery home_care
U026212,2026-06-01,north,18-24,2,basic,mid,ios,48,52.73,3.0,lang_a,1,I0008 I0174 I0189,
U026213,2026-06-01,central,25-34,2,basic,premium,ios,71,,2.0,lang_b,0,I0300 I0964 I0992,smart_devices travel_accessories
U026214,2026-06-01,south,35-49,3,premium,premium,ios,34,31.96,1.0,lang_b,1,I0282 I0296,
U026215,2026-06-01,central,35-49,1,basic,premium,ios,47,71.08,3.0,lang_b,0,I0152 I0192 I0470,furnishings smart_devices
U026216,2026-06-01,central,25-34,4,basic,mid,ios,76,81.25,3.0,lang_a,1,I0075,kitchen wellness
U026217,2026-06-01,south,50+,4,basic,mid,android,19,76.6,4.0,lang_c,0,I0175 I0454 I0490 I0494,
U026218,2026-06-01,coastal,50+,2,plus,entry,ios,65,,,lang_a,0,I0984 I0990,
U026219,2026-06-01,central,35-49,3,basic,entry,ios,24,113.42,2.0,lang_c,1,I0309 I0344 I0346 I0854 I0857 I0867,
U026220,2026-06-01,coastal,18-24,3,basic,mid,android,26,79.72,2.0,lang_a,0,I0126,local_experiences mobile_accessories
U026221,2026-06-01,north,35-49,2,premium,mid,android,84,16.41,3.0,lang_c,1,,gaming local_experiences
U026222,2026-06-01,coastal,50+,3,plus,mid,android,4,107.51,3.0,lang_a,1,I0307 I0309,
U026223,2026-06-01,coastal,35-49,1,basic,premium,android,67,22.22,2.0,lang_c,1,I0300 I0331 I0337 I0564,local_experiences smart_devices
U026224,2026-06-01,south,18-24,2,basic,premium,android,40,60.56,3.0,lang_b,0,I0931,smart_devices travel_accessories
U026225,2026-06-01,north,25-34,2,plus,mid,android,67,47.39,2.0,lang_c,1,,
U026226,2026-06-01,north,50+,4,plus,mid,android,45,56.43,2.0,lang_b,0,I0120 I0136 I0145,
U026227,2026-06-01,central,35-49,2,basic,mid,android,56,,,lang_b,1,I0183,delivery garden
U026228,2026-06-01,west,50+,1,basic,entry,ios,16,144.38,4.0,lang_a,1,I0076 I0524,
U026229,2026-06-01,west,35-49,5,premium,premium,android,69,211.34,4.0,lang_b,0,I0275 I0461 I0467,
U026230,2026-06-01,north,35-49,2,basic,unknown,android,61,18.73,3.0,lang_c,1,I0071,
U026231,2026-06-01,north,18-24,5,plus,entry,android,19,37.0,1.0,lang_a,1,I0060 I0066 I0100 I0136,
U026232,2026-06-01,west,25-34,3,basic,mid,ios,41,48.62,2.0,lang_b,0,,
U026233,2026-06-01,coastal,35-49,1,basic,mid,ios,76,197.24,,lang_b,1,,computing kitchen
U026234,2026-06-01,south,35-49,2,plus,premium,ios,59,55.88,,lang_c,1,I0451 I0457 I0931 I0939,footwear outdoor
U026235,2026-06-01,east,35-49,2,basic,entry,android,62,225.54,2.0,lang_b,0,I0030 I0213 I0218,
U026236,2026-06-01,central,25-34,5,basic,entry,android,15,,1.0,lang_a,1,,footwear mobile_accessories
U026237,2026-06-01,south,35-49,4,basic,premium,android,24,180.53,3.0,lang_a,1,I0178 I0202 I0263 I0907 I0910 I0914 I0944,local_experiences mobile_accessories
U026238,2026-06-01,east,50+,5,basic,premium,ios,77,55.99,3.0,lang_b,1,I0526 I0529 I0537 I0913,
U026239,2026-06-01,north,35-49,1,plus,entry,android,44,29.18,3.0,lang_b,1,I0252,accessories learning
U026240,2026-06-01,west,50+,4,plus,mid,ios,22,32.44,4.0,lang_a,1,,delivery learning
U026241,2026-06-01,west,50+,5,basic,premium,ios,20,77.98,5.0,lang_b,0,I0558 I0569 I0589,
U026242,2026-06-01,west,18-24,1,premium,mid,android,12,113.55,4.0,lang_b,1,I0537,
U026243,2026-06-01,west,50+,5,basic,mid,android,76,27.3,3.0,lang_b,1,I0170 I0222 I0455 I0850 I0864 I0893,books garden
U026244,2026-06-01,coastal,18-24,2,basic,mid,ios,17,37.19,1.0,lang_b,1,I0506 I0510 I0520 I0530 I0545,audio garden
U026245,2026-06-01,coastal,50+,2,premium,entry,ios,74,209.24,4.0,lang_a,0,I0274 I0553,bags furnishings
U026246,2026-06-01,west,18-24,5,plus,mid,android,27,234.56,4.0,lang_a,0,I0009 I0249 I0873,connectivity fitness
U026247,2026-06-01,south,35-49,1,basic,mid,android,60,112.46,,lang_b,0,,bags kitchen
U026248,2026-06-01,south,18-24,4,basic,entry,android,52,42.2,3.0,lang_b,1,I0908,
U026249,2026-06-01,coastal,50+,2,plus,entry,android,54,44.27,4.0,lang_a,1,I0268 I0288 I0551,furnishings home_care
U026250,2026-06-01,coastal,18-24,5,basic,mid,ios,29,63.1,3.0,lang_b,0,I0988,fitness travel_accessories
U026251,2026-06-01,east,35-49,5,basic,entry,android,43,114.36,4.0,lang_c,0,I0313 I0314,bags delivery
U026252,2026-06-01,north,25-34,3,plus,premium,ios,11,25.61,2.0,lang_a,0,I0516 I0521 I0537 I0541 I0546,
U026253,2026-06-01,coastal,50+,3,basic,mid,android,49,121.21,3.0,lang_c,1,,kitchen travel_accessories
U026254,2026-06-01,north,35-49,5,basic,entry,android,77,120.16,5.0,lang_b,1,I0564 I0972 I0979 I0983,computing learning
U026255,2026-06-01,south,18-24,2,plus,mid,ios,9,,3.0,lang_b,1,,kitchen outdoor
U026256,2026-06-01,coastal,18-24,2,plus,unknown,android,66,47.36,4.0,lang_a,0,,connectivity footwear
U026257,2026-06-01,west,35-49,2,plus,entry,android,72,47.13,5.0,lang_c,1,I0167 I0538,
U026258,2026-06-01,coastal,35-49,5,premium,entry,ios,67,20.67,,lang_b,1,I0001 I0007 I0031 I0036 I0089,audio local_experiences
U026259,2026-06-01,south,25-34,5,basic,premium,android,80,39.65,2.0,lang_a,1,,
U026260,2026-06-01,central,25-34,3,basic,entry,android,28,90.73,3.0,lang_b,1,,
U026261,2026-06-01,east,50+,4,plus,mid,android,56,,2.0,lang_a,1,I0162 I0918 I0984,delivery kitchen
U026262,2026-06-01,west,35-49,3,basic,entry,android,35,38.1,3.0,lang_c,0,I0566 I0952,
U026263,2026-06-01,west,25-34,1,plus,premium,android,14,70.01,3.0,lang_b,1,I0183 I0859,
U026264,2026-06-01,coastal,18-24,5,plus,mid,android,23,63.33,3.0,lang_b,1,I0541 I0544 I0852 I0887,computing footwear
U026265,2026-06-01,west,18-24,3,basic,premium,android,34,217.18,3.0,lang_c,1,I0216,gaming kitchen
U026266,2026-06-01,coastal,25-34,1,basic,unknown,android,33,66.42,3.0,lang_b,1,,
U026267,2026-06-01,south,35-49,1,basic,entry,ios,28,95.81,3.0,lang_c,0,,
U026268,2026-06-01,north,18-24,3,basic,premium,android,3,56.19,,lang_c,1,I0209 I0220 I0236 I0244 I0246 I0913,creative_hobbies gaming
U026269,2026-06-01,central,18-24,4,premium,mid,android,4,102.85,3.0,lang_c,0,,accessories clothing
U026270,2026-06-01,west,25-34,1,premium,mid,ios,81,33.85,4.0,lang_a,1,I0523,audio learning
U026271,2026-06-01,south,50+,1,plus,mid,ios,25,91.75,3.0,lang_b,0,I0534,learning local_experiences
U026272,2026-06-01,east,25-34,1,plus,premium,ios,57,36.53,2.0,lang_c,0,,
U026273,2026-06-01,east,18-24,5,basic,entry,ios,35,,4.0,lang_b,1,I0014 I0047 I0653,
U026274,2026-06-01,north,50+,3,basic,mid,ios,78,76.02,3.0,lang_c,1,I0066 I0514 I0650,clothing wellness
U026275,2026-06-01,central,25-34,4,plus,mid,ios,72,64.34,2.0,lang_b,0,I0009 I0016,audio wellness
U026276,2026-06-01,east,50+,5,basic,mid,android,22,56.8,4.0,lang_c,1,,connectivity wellness
U026277,2026-06-01,east,25-34,5,basic,entry,android,7,51.79,3.0,lang_a,1,I0502 I0523 I0525,footwear garden
U026278,2026-06-01,east,25-34,1,plus,mid,ios,46,62.43,2.0,lang_a,1,,
U026279,2026-06-01,north,25-34,3,basic,mid,android,24,,2.0,lang_b,1,I0579 I0929 I0942,
U026280,2026-06-01,coastal,18-24,2,plus,premium,android,52,43.52,3.0,lang_b,0,I0183 I0187 I0260 I0263,furnishings smart_devices
U026281,2026-06-01,north,35-49,1,basic,mid,ios,50,64.16,2.0,lang_c,1,I0135 I0694,
U026282,2026-06-01,west,25-34,5,plus,entry,ios,55,140.03,3.0,lang_a,0,,computing travel_accessories
U026283,2026-06-01,central,50+,4,basic,premium,android,62,242.78,5.0,lang_b,0,I0878,creative_hobbies outdoor
U026284,2026-06-01,west,18-24,2,basic,entry,android,57,23.27,3.0,lang_b,1,I0850,learning mobile_accessories
U026285,2026-06-01,west,35-49,4,basic,entry,ios,83,45.84,2.0,lang_b,1,,delivery outdoor
U026286,2026-06-01,coastal,50+,5,basic,premium,android,61,237.4,4.0,lang_c,0,I0565 I0569 I0579 I0594,
U026287,2026-06-01,north,35-49,5,plus,entry,android,2,94.6,3.0,lang_b,0,I0514 I0520,bags streaming
U026288,2026-06-01,south,35-49,4,basic,mid,android,10,74.71,3.0,lang_b,1,,mobile_accessories streaming
U026289,2026-06-01,north,35-49,2,basic,mid,android,23,71.42,1.0,lang_b,1,I0852 I0863 I0892,furnishings outdoor
U026290,2026-06-01,coastal,35-49,4,basic,mid,ios,75,73.17,,lang_b,1,,
U026291,2026-06-01,south,50+,1,basic,entry,android,53,102.66,3.0,lang_c,1,I0251 I0258 I0259 I0263 I0267 I0279 I0281,
U026292,2026-06-01,north,35-49,1,plus,entry,ios,51,78.04,3.0,lang_a,0,,footwear outdoor
U026293,2026-06-01,south,25-34,3,basic,premium,android,31,31.36,3.0,lang_c,0,I0508 I0510 I0513 I0528 I0537,
U026294,2026-06-01,central,50+,3,premium,mid,android,8,80.36,,lang_c,0,,
U026295,2026-06-01,coastal,35-49,1,premium,mid,ios,79,109.16,2.0,lang_a,1,I0914 I0922,travel_accessories wellness
U026296,2026-06-01,south,50+,2,plus,premium,android,30,25.52,3.0,lang_c,1,,
U026297,2026-06-01,south,50+,4,plus,premium,android,7,31.85,3.0,lang_b,0,I0482 I0577 I0583 I0916,accessories connectivity
U026298,2026-06-01,north,50+,5,basic,entry,android,24,151.48,3.0,lang_a,1,,
U026299,2026-06-01,central,18-24,5,basic,mid,android,54,56.35,4.0,lang_a,0,I0077 I0314 I0482,clothing wellness
U026300,2026-06-01,east,18-24,3,basic,mid,android,29,21.37,3.0,lang_b,1,I0931,
U026301,2026-06-01,east,50+,4,basic,mid,ios,79,36.18,4.0,lang_b,1,,creative_hobbies local_experiences
U026302,2026-06-01,east,18-24,2,plus,entry,android,66,32.86,3.0,lang_b,1,,books garden
U026303,2026-06-01,coastal,50+,4,plus,mid,android,52,66.72,3.0,lang_b,1,I0174,
U026304,2026-06-01,west,18-24,5,premium,entry,android,7,100.6,3.0,lang_c,0,I0686 I0906 I0957 I0982,delivery fitness
U026305,2026-06-01,west,35-49,4,basic,premium,android,84,17.17,2.0,lang_a,1,I0527 I0906 I0912 I0940,
U026306,2026-06-01,west,35-49,3,plus,premium,ios,16,114.63,3.0,lang_a,1,I0151,furnishings mobile_accessories
U026307,2026-06-01,central,18-24,2,plus,entry,ios,24,,4.0,lang_a,1,I0123,books streaming
U026308,2026-06-01,south,18-24,1,basic,unknown,android,54,103.14,3.0,lang_b,1,,audio footwear
U026309,2026-06-01,central,18-24,4,premium,mid,android,35,,3.0,lang_b,0,I0573,home_care mobile_accessories
U026310,2026-06-01,central,35-49,2,plus,entry,android,8,42.47,3.0,lang_a,1,I0225 I0268 I0650 I0662 I0683 I0691 I0901 I0903 I0904 I0906 I0912 I0918 I0927 I0932 I0933 I0943 I0954,
U026311,2026-06-01,south,25-34,1,plus,premium,android,13,36.99,3.0,lang_c,1,,gaming streaming
U026312,2026-06-01,west,50+,1,plus,premium,ios,27,35.28,2.0,lang_b,0,,delivery learning
U026313,2026-06-01,west,18-24,1,basic,entry,ios,71,33.27,4.0,lang_c,1,,gaming mobile_accessories
U026314,2026-06-01,coastal,18-24,1,plus,mid,android,42,18.34,4.0,lang_a,1,I0083 I0468 I0474 I0687,mobile_accessories wellness
U026315,2026-06-01,west,25-34,4,basic,unknown,ios,60,44.22,2.0,lang_b,0,I0021 I0033 I0035 I0043 I0901,audio garden
U026316,2026-06-01,coastal,18-24,5,basic,mid,android,47,18.25,4.0,lang_a,1,I0958,local_experiences streaming
U026317,2026-06-01,west,50+,3,plus,premium,android,40,15.8,3.0,lang_b,1,,
U026318,2026-06-01,west,50+,3,basic,entry,android,2,72.36,3.0,lang_a,1,I0580,
U026319,2026-06-01,east,35-49,4,basic,mid,android,21,51.47,4.0,lang_b,1,I0302 I0322 I0337 I0341,
U026320,2026-06-01,east,50+,4,basic,entry,android,17,60.75,,lang_b,1,I0127 I0181 I0212 I0482 I0494 I0677,creative_hobbies home_care
U026321,2026-06-01,central,25-34,1,premium,entry,ios,12,189.38,3.0,lang_a,1,I0150 I0913 I0943,books travel_accessories
U026322,2026-06-01,east,50+,5,basic,premium,android,73,40.21,3.0,lang_a,0,I0282,furnishings kitchen
U026323,2026-06-01,north,25-34,3,basic,mid,ios,35,65.45,3.0,lang_a,0,I0115 I0958 I0961 I0967 I0980,
U026324,2026-06-01,east,18-24,5,basic,entry,android,15,217.13,3.0,lang_b,0,I0016 I0533,books mobile_accessories
U026325,2026-06-01,central,35-49,4,basic,mid,ios,80,34.82,1.0,lang_a,1,I0681,
U026326,2026-06-01,south,18-24,5,basic,premium,ios,29,29.57,2.0,lang_a,1,I0201 I0851 I0863,bags home_care
U026327,2026-06-01,south,18-24,2,basic,mid,ios,48,82.5,5.0,lang_b,1,I0571,delivery fitness
U026328,2026-06-01,east,18-24,3,basic,mid,android,29,14.19,2.0,lang_a,0,,bags clothing
U026329,2026-06-01,east,25-34,3,basic,entry,android,64,83.64,,lang_a,1,,connectivity footwear
U026330,2026-06-01,west,35-49,1,plus,entry,android,7,20.82,3.0,lang_b,1,,computing local_experiences
U026331,2026-06-01,central,18-24,4,plus,mid,android,49,27.16,,lang_c,1,,
U026332,2026-06-01,west,35-49,2,basic,mid,android,50,19.58,5.0,lang_b,0,I0899,mobile_accessories wellness
U026333,2026-06-01,west,35-49,3,premium,mid,ios,45,63.98,2.0,lang_c,0,,
U026334,2026-06-01,coastal,50+,2,basic,mid,android,11,21.97,4.0,lang_b,1,I0307 I0322 I0879,
U026335,2026-06-01,south,18-24,1,plus,premium,android,22,27.07,3.0,lang_b,0,,computing footwear
U026336,2026-06-01,coastal,50+,1,plus,mid,android,9,123.14,4.0,lang_c,1,I0083 I0223 I0854 I0857 I0879 I0887,
U026337,2026-06-01,north,25-34,4,basic,mid,ios,52,67.67,3.0,lang_a,0,,fitness gaming
U026338,2026-06-01,central,35-49,1,basic,entry,android,1,88.54,4.0,lang_b,0,I0265,
U026339,2026-06-01,north,35-49,4,plus,entry,android,16,44.73,2.0,lang_c,0,,outdoor streaming
U026340,2026-06-01,south,50+,1,plus,premium,android,77,82.56,2.0,lang_b,0,I0565 I0576,
U026341,2026-06-01,north,25-34,2,plus,premium,android,13,89.5,2.0,lang_a,0,I0853 I0882 I0892,kitchen smart_devices
U026342,2026-06-01,east,18-24,5,basic,mid,android,10,,4.0,lang_c,0,I0462 I0662 I0669,gaming home_care
U026343,2026-06-01,south,50+,4,premium,entry,ios,66,49.86,,lang_b,0,I0232 I0573,books outdoor
U026344,2026-06-01,central,18-24,5,basic,entry,android,27,46.81,3.0,lang_b,0,I0906 I0917 I0920 I0933 I0943,accessories travel_accessories
U026345,2026-06-01,south,50+,5,basic,mid,ios,67,88.46,,lang_b,1,,creative_hobbies local_experiences
U026346,2026-06-01,coastal,50+,3,plus,premium,ios,79,16.7,,lang_c,1,I0855 I0872 I0882 I0890,furnishings travel_accessories
U026347,2026-06-01,east,35-49,4,plus,entry,android,50,108.73,2.0,lang_c,1,,books gaming
U026348,2026-06-01,south,50+,5,basic,mid,ios,41,21.71,2.0,lang_a,1,,bags local_experiences
U026349,2026-06-01,west,50+,1,plus,premium,ios,74,36.61,2.0,lang_b,1,I0168 I0171 I0188,connectivity outdoor
U026350,2026-06-01,east,50+,1,premium,mid,ios,59,44.78,3.0,lang_b,1,I0346,
U026351,2026-06-01,central,35-49,3,basic,premium,ios,8,46.43,3.0,lang_c,1,I0174 I0657 I0659,
U026352,2026-06-01,south,18-24,3,basic,unknown,android,20,57.77,4.0,lang_c,0,,
U026353,2026-06-01,east,18-24,1,basic,entry,android,84,119.22,3.0,lang_a,1,I0568 I0569 I0574 I0579 I0584 I0594,accessories delivery
U026354,2026-06-01,east,25-34,1,basic,entry,android,28,40.65,3.0,lang_c,1,I0072,audio books
U026355,2026-06-01,south,25-34,2,premium,mid,ios,65,116.11,2.0,lang_a,1,I0011 I0451 I0472 I0499 I0922 I0929,footwear garden
U026356,2026-06-01,south,25-34,1,basic,unknown,ios,48,57.45,3.0,lang_a,1,I0560 I0568,garden outdoor
U026357,2026-06-01,west,18-24,4,premium,entry,android,62,83.41,3.0,lang_c,1,I0907 I0922 I0931,books travel_accessories
U026358,2026-06-01,east,18-24,4,basic,mid,ios,84,124.33,4.0,lang_c,1,I0158 I0573,accessories wellness
U026359,2026-06-01,central,35-49,2,basic,mid,ios,58,171.1,3.0,lang_b,1,,audio garden
U026360,2026-06-01,west,50+,5,plus,premium,ios,27,68.52,3.0,lang_c,1,I0572,accessories gaming
U026361,2026-06-01,east,25-34,1,premium,premium,android,50,,4.0,lang_b,1,I0135 I0484 I0869 I0892 I0922,
U026362,2026-06-01,coastal,18-24,4,premium,entry,ios,18,124.99,,lang_b,0,I0152 I0285 I0460 I0471 I0494,footwear home_care
U026363,2026-06-01,north,25-34,1,basic,premium,ios,24,36.21,4.0,lang_c,0,,furnishings local_experiences
U026364,2026-06-01,west,25-34,2,basic,entry,android,17,15.66,2.0,lang_c,0,I0322 I0534 I0690,gaming outdoor
U026365,2026-06-01,east,25-34,5,premium,entry,android,31,51.14,4.0,lang_a,1,,
U026366,2026-06-01,central,25-34,2,basic,mid,ios,83,109.03,4.0,lang_c,1,I0163 I0168 I0177 I0187 I0193 I0514 I0529 I0650,fitness smart_devices
U026367,2026-06-01,north,50+,5,basic,mid,android,12,39.41,4.0,lang_b,0,I0058 I0060,fitness local_experiences
U026368,2026-06-01,east,18-24,2,plus,mid,ios,66,74.27,2.0,lang_c,1,I0043 I0651,furnishings wellness
U026369,2026-06-01,north,25-34,5,premium,entry,android,30,89.27,1.0,lang_a,1,,books learning
U026370,2026-06-01,south,50+,4,basic,entry,ios,43,40.72,,lang_b,0,I0225,
U026371,2026-06-01,north,50+,2,basic,entry,android,53,55.96,3.0,lang_b,1,,bags creative_hobbies
U026372,2026-06-01,south,35-49,5,basic,premium,android,45,30.96,4.0,lang_b,0,I0033 I0035 I0039 I0678,audio books
U026373,2026-06-01,west,35-49,4,basic,premium,android,19,37.57,1.0,lang_a,1,,computing home_care
U026374,2026-06-01,west,50+,2,basic,premium,android,73,66.26,2.0,lang_c,1,I0906 I0951,delivery learning
U026375,2026-06-01,central,35-49,5,basic,mid,ios,82,37.36,2.0,lang_b,1,I0003 I0056 I0112 I0136 I0139 I0140 I0200 I0202 I0206 I0223 I0233 I0533 I0997,
U026376,2026-06-01,north,35-49,1,plus,mid,android,57,43.58,2.0,lang_a,0,I0034 I0552 I0556 I0564 I0582 I0586 I0591,accessories home_care
U026377,2026-06-01,east,35-49,3,basic,mid,android,40,,3.0,lang_a,1,,audio creative_hobbies
U026378,2026-06-01,south,18-24,4,basic,entry,android,22,44.79,1.0,lang_c,0,I0258 I0271 I0598,
U026379,2026-06-01,coastal,50+,5,basic,mid,android,23,58.98,5.0,lang_c,1,I0309,creative_hobbies outdoor
U026380,2026-06-01,south,25-34,3,basic,premium,android,79,131.78,4.0,lang_a,1,,
U026381,2026-06-01,east,25-34,1,plus,unknown,android,33,40.49,3.0,lang_a,1,I0650 I0906,gaming learning
U026382,2026-06-01,coastal,35-49,2,plus,mid,android,33,58.71,3.0,lang_c,1,,
U026383,2026-06-01,west,35-49,1,basic,mid,android,11,109.09,4.0,lang_b,1,I0016 I0194 I0282,
U026384,2026-06-01,west,25-34,3,plus,mid,android,40,,3.0,lang_a,1,I0118,home_care mobile_accessories
U026385,2026-06-01,north,18-24,1,plus,premium,android,3,46.98,,lang_b,1,I0004,
U026386,2026-06-01,south,35-49,1,basic,mid,android,42,63.32,3.0,lang_b,1,I0474,footwear mobile_accessories
U026387,2026-06-01,east,35-49,3,plus,entry,android,7,,4.0,lang_c,1,,
U026388,2026-06-01,north,35-49,3,plus,entry,android,22,20.04,3.0,lang_c,1,,books gaming
U026389,2026-06-01,west,25-34,5,basic,entry,android,52,52.21,3.0,lang_a,1,,delivery kitchen
U026390,2026-06-01,central,35-49,3,plus,entry,ios,65,69.03,3.0,lang_a,1,,computing kitchen
U026391,2026-06-01,coastal,50+,4,basic,mid,android,8,,4.0,lang_c,1,I0961,clothing delivery
U026392,2026-06-01,north,25-34,1,plus,entry,android,4,38.45,3.0,lang_a,1,,
U026393,2026-06-01,south,25-34,3,plus,premium,android,19,23.17,3.0,lang_a,1,,clothing fitness
U026394,2026-06-01,south,25-34,3,basic,mid,android,40,283.79,4.0,lang_a,1,I0344 I0587,
U026395,2026-06-01,north,25-34,5,premium,entry,android,36,82.67,3.0,lang_c,0,I0307 I0327,books garden
U026396,2026-06-01,north,25-34,5,plus,mid,android,52,,3.0,lang_b,1,I0461 I0471 I0472 I0475,footwear learning
U026397,2026-06-01,north,35-49,3,basic,mid,android,26,77.78,2.0,lang_a,1,,garden home_care
U026398,2026-06-01,east,25-34,2,basic,mid,ios,61,98.14,4.0,lang_b,1,I0554 I0658,accessories travel_accessories
U026399,2026-06-01,west,35-49,2,plus,entry,android,38,26.95,2.0,lang_a,0,,audio learning
U026400,2026-06-01,west,18-24,3,plus,entry,ios,65,76.12,5.0,lang_b,0,I0262 I0687 I0917,
U026401,2026-06-01,central,25-34,2,plus,mid,android,42,127.08,3.0,lang_b,0,I0573,
U026402,2026-06-01,west,50+,2,basic,mid,ios,57,42.57,2.0,lang_a,1,,
U026403,2026-06-01,east,18-24,5,plus,entry,ios,59,55.02,3.0,lang_b,1,,delivery home_care
U026404,2026-06-01,west,25-34,3,basic,mid,android,23,51.22,3.0,lang_c,1,I0513,
U026405,2026-06-01,coastal,50+,2,premium,entry,android,36,26.17,3.0,lang_a,1,I0010,fitness home_care
U026406,2026-06-01,central,50+,5,plus,mid,ios,52,90.09,1.0,lang_b,0,,home_care mobile_accessories
U026407,2026-06-01,central,25-34,3,premium,entry,android,75,65.28,3.0,lang_c,1,,bags garden
U026408,2026-06-01,east,35-49,4,basic,entry,android,45,28.72,3.0,lang_b,0,I0687,
U026409,2026-06-01,central,35-49,2,premium,mid,android,44,66.75,5.0,lang_b,1,,fitness home_care
U026410,2026-06-01,south,50+,4,plus,entry,android,69,68.22,2.0,lang_c,1,I0300,
U026411,2026-06-01,central,18-24,1,premium,entry,android,82,136.91,,lang_b,0,I0028 I0307 I0660 I0888,
U026412,2026-06-01,north,35-49,4,plus,mid,android,43,50.35,3.0,lang_b,1,I0258 I0291 I0683,clothing learning
U026413,2026-06-01,east,35-49,3,basic,entry,ios,63,58.04,5.0,lang_c,1,,
U026414,2026-06-01,north,35-49,5,basic,entry,android,36,113.65,,lang_a,1,I0079,
U026415,2026-06-01,central,18-24,5,premium,mid,ios,55,119.11,2.0,lang_b,1,,
U026416,2026-06-01,east,25-34,2,basic,mid,ios,26,139.07,3.0,lang_a,0,I0683 I0872 I0970 I0971 I0972 I0978 I0986 I0988 I0989,
U026417,2026-06-01,central,35-49,5,basic,mid,ios,51,76.71,3.0,lang_a,1,,learning travel_accessories
U026418,2026-06-01,south,18-24,2,premium,mid,ios,31,86.34,,lang_a,1,,audio delivery
U026419,2026-06-01,west,35-49,4,premium,premium,android,61,11.88,3.0,lang_a,1,,
U026420,2026-06-01,east,18-24,4,premium,entry,android,13,52.26,1.0,lang_a,1,I0322 I0929,local_experiences streaming
U026421,2026-06-01,west,35-49,4,premium,premium,android,56,134.63,4.0,lang_b,0,,
U026422,2026-06-01,central,25-34,1,basic,mid,android,23,31.59,4.0,lang_c,0,I0247 I0322 I0329 I0331,computing home_care
U026423,2026-06-01,west,25-34,4,plus,mid,ios,31,60.04,3.0,lang_c,0,I0487,
U026424,2026-06-01,coastal,18-24,4,basic,entry,android,11,59.54,3.0,lang_a,1,I0111 I0855 I0880 I0901 I0903,local_experiences mobile_accessories
U026425,2026-06-01,south,35-49,5,plus,mid,android,23,91.93,4.0,lang_a,0,I0243 I0852 I0853 I0855 I0868 I0871 I0875,delivery kitchen
U026426,2026-06-01,central,18-24,4,basic,premium,ios,20,58.41,4.0,lang_c,1,I0695,clothing furnishings
U026427,2026-06-01,east,35-49,5,basic,mid,ios,46,19.83,3.0,lang_c,1,,delivery footwear
U026428,2026-06-01,north,50+,5,basic,mid,android,51,,4.0,lang_b,1,I0041 I0304,accessories garden
U026429,2026-06-01,south,18-24,1,plus,mid,ios,73,28.09,1.0,lang_c,1,,connectivity smart_devices
U026430,2026-06-01,coastal,18-24,4,basic,premium,android,66,111.41,1.0,lang_c,1,,bags local_experiences
U026431,2026-06-01,south,25-34,3,basic,entry,android,66,22.81,2.0,lang_a,0,,bags outdoor
U026432,2026-06-01,coastal,18-24,5,plus,entry,android,37,45.89,3.0,lang_c,0,I0523 I0527 I0537,bags travel_accessories
U026433,2026-06-01,south,50+,1,premium,mid,ios,49,37.15,5.0,lang_a,1,I0659,mobile_accessories travel_accessories
U026434,2026-06-01,west,35-49,2,premium,mid,ios,56,127.09,3.0,lang_b,0,,
U026435,2026-06-01,west,25-34,2,basic,entry,ios,70,35.98,3.0,lang_a,0,I0009 I0039 I0047,accessories footwear
U026436,2026-06-01,west,35-49,4,plus,mid,android,52,138.09,3.0,lang_a,1,I0039 I0472,footwear furnishings
U026437,2026-06-01,east,25-34,2,basic,premium,android,48,62.73,3.0,lang_c,1,I0902,
U026438,2026-06-01,east,50+,5,plus,entry,ios,82,76.01,3.0,lang_c,1,,
U026439,2026-06-01,south,35-49,2,basic,premium,android,80,106.49,,lang_a,0,I0001 I0022 I0033 I0041 I0046 I0214,
U026440,2026-06-01,coastal,18-24,5,basic,entry,ios,76,31.92,4.0,lang_b,0,,
U026441,2026-06-01,coastal,35-49,5,plus,mid,android,47,25.47,4.0,lang_c,0,I0059 I0906,computing gaming
U026442,2026-06-01,central,50+,2,basic,mid,android,82,203.39,3.0,lang_b,1,I0006 I0858 I0906 I0933 I0991,kitchen learning
U026443,2026-06-01,coastal,50+,5,basic,mid,android,48,,3.0,lang_b,0,,
U026444,2026-06-01,coastal,25-34,1,basic,mid,android,59,,2.0,lang_b,1,I0055 I0065 I0092 I0122 I0288,footwear wellness
U026445,2026-06-01,central,18-24,5,premium,mid,ios,10,,2.0,lang_a,1,I0306 I0309,connectivity garden
U026446,2026-06-01,north,25-34,2,basic,entry,android,66,33.86,4.0,lang_b,0,I0490 I0653,delivery gaming
U026447,2026-06-01,west,25-34,5,plus,premium,android,30,90.6,2.0,lang_c,0,I0126 I0282 I0283 I0467 I0490,
U026448,2026-06-01,coastal,35-49,4,basic,premium,android,9,130.68,2.0,lang_a,1,,
U026449,2026-06-01,south,18-24,4,basic,entry,ios,68,87.08,3.0,lang_b,1,I0129 I0208,
U026450,2026-06-01,central,25-34,1,plus,entry,ios,64,77.96,3.0,lang_c,1,I0247,kitchen smart_devices
U026451,2026-06-01,east,35-49,2,plus,mid,android,5,57.3,3.0,lang_b,1,I0511 I0859 I0867,outdoor smart_devices
U026452,2026-06-01,east,18-24,5,basic,mid,android,30,26.27,5.0,lang_b,1,I0078 I0260,accessories furnishings
U026453,2026-06-01,coastal,25-34,4,basic,mid,android,52,231.04,,lang_a,1,I0102 I0110 I0114 I0119 I0121 I0127 I0301 I0322 I0918,creative_hobbies mobile_accessories
U026454,2026-06-01,north,50+,5,premium,mid,android,80,50.97,,lang_a,1,I0024 I0203 I0584 I0592,
U026455,2026-06-01,north,25-34,1,basic,entry,android,48,81.01,3.0,lang_a,1,,audio kitchen
U026456,2026-06-01,south,18-24,5,basic,mid,android,22,78.52,2.0,lang_a,1,,audio wellness
U026457,2026-06-01,central,50+,5,basic,mid,android,45,40.11,,lang_a,1,,
U026458,2026-06-01,west,50+,2,plus,mid,android,41,,2.0,lang_a,1,I0236,
U026459,2026-06-01,west,25-34,5,basic,premium,android,46,258.17,3.0,lang_a,1,I0124,
U026460,2026-06-01,coastal,35-49,4,basic,entry,ios,52,263.96,3.0,lang_b,1,I0313 I0329 I0488,books garden
U026461,2026-06-01,coastal,50+,1,premium,unknown,android,25,116.75,5.0,lang_b,0,I0234 I0478,books travel_accessories
U026462,2026-06-01,west,18-24,5,basic,mid,android,61,24.57,3.0,lang_c,1,,connectivity streaming
U026463,2026-06-01,west,50+,2,premium,premium,android,31,134.09,3.0,lang_a,0,I0593,accessories home_care
U026464,2026-06-01,east,18-24,2,basic,premium,ios,80,66.21,4.0,lang_b,1,,garden mobile_accessories
U026465,2026-06-01,coastal,25-34,2,basic,entry,android,29,39.52,1.0,lang_b,1,,
U026466,2026-06-01,west,25-34,3,basic,premium,ios,61,73.95,1.0,lang_a,1,I0337,footwear mobile_accessories
U026467,2026-06-01,south,50+,1,basic,mid,android,31,74.0,3.0,lang_b,1,,furnishings streaming
U026468,2026-06-01,coastal,50+,4,plus,entry,ios,80,33.58,4.0,lang_b,0,I0489 I0555 I0567 I0972,
U026469,2026-06-01,north,35-49,3,premium,mid,android,68,105.54,3.0,lang_c,1,I0504 I0547 I0952,books learning
U026470,2026-06-01,east,25-34,4,plus,mid,android,69,23.87,4.0,lang_a,0,I0175 I0580 I0586,home_care kitchen
U026471,2026-06-01,east,25-34,4,basic,entry,ios,59,59.53,1.0,lang_a,0,,
U026472,2026-06-01,central,50+,2,basic,premium,android,47,26.79,4.0,lang_c,0,I0251,books garden
U026473,2026-06-01,south,18-24,3,plus,premium,ios,58,40.25,2.0,lang_b,0,I0306 I0325 I0453 I0465 I0470 I0486 I0494 I0955,
U026474,2026-06-01,south,35-49,5,basic,entry,ios,67,63.62,2.0,lang_b,1,,bags outdoor
U026475,2026-06-01,east,35-49,3,basic,mid,ios,73,50.04,3.0,lang_b,0,I0291 I0292,
U026476,2026-06-01,east,50+,1,basic,mid,ios,58,159.28,4.0,lang_b,1,I0529,computing connectivity
U026477,2026-06-01,north,25-34,3,basic,unknown,android,26,30.79,4.0,lang_a,1,I0298 I0505,
U026478,2026-06-01,north,25-34,1,basic,premium,android,57,42.11,4.0,lang_c,1,I0152 I0569 I0855,accessories gaming
U026479,2026-06-01,west,18-24,5,basic,mid,ios,3,20.89,4.0,lang_c,0,I0262 I0987,connectivity wellness
U026480,2026-06-01,east,35-49,3,basic,entry,ios,28,82.57,3.0,lang_a,0,I0008 I0284 I0327 I0342,connectivity furnishings
U026481,2026-06-01,south,18-24,2,plus,premium,android,78,90.36,3.0,lang_c,0,,audio gaming
U026482,2026-06-01,west,35-49,2,basic,unknown,android,83,95.52,5.0,lang_a,0,I0013,connectivity home_care
U026483,2026-06-01,south,18-24,5,basic,entry,android,27,17.24,3.0,lang_b,1,I0011 I0097,
U026484,2026-06-01,central,18-24,2,plus,mid,ios,4,26.09,5.0,lang_a,1,I0903,
U026485,2026-06-01,east,35-49,2,plus,premium,ios,58,28.46,3.0,lang_b,1,,computing local_experiences
U026486,2026-06-01,east,35-49,1,basic,mid,ios,39,49.81,2.0,lang_a,1,I0961,books fitness
U026487,2026-06-01,east,35-49,4,basic,mid,android,23,53.44,,lang_a,0,I0080 I0906 I0908 I0914 I0921 I0926 I0929 I0931 I0937,
U026488,2026-06-01,north,35-49,3,basic,mid,android,50,198.83,5.0,lang_a,0,I0454 I0474 I0479 I0480 I0659,computing gaming
U026489,2026-06-01,coastal,25-34,1,basic,premium,android,42,217.11,3.0,lang_b,1,I0902 I0903 I0909 I0913 I0918,
U026490,2026-06-01,south,18-24,5,premium,entry,android,83,16.24,,lang_a,0,I0305,
U026491,2026-06-01,coastal,25-34,4,basic,entry,android,55,53.23,4.0,lang_a,1,,
U026492,2026-06-01,central,18-24,3,plus,entry,android,83,54.62,3.0,lang_b,1,I0012 I0053 I0270 I0983,
U026493,2026-06-01,north,25-34,1,basic,mid,android,32,15.16,2.0,lang_a,0,I0861 I0961,
U026494,2026-06-01,south,35-49,1,premium,premium,android,14,19.86,2.0,lang_a,1,,
U026495,2026-06-01,east,25-34,3,plus,premium,android,3,41.81,3.0,lang_b,1,,footwear smart_devices
U026496,2026-06-01,east,35-49,2,plus,mid,android,61,63.33,1.0,lang_c,0,,
U026497,2026-06-01,central,50+,4,plus,entry,ios,50,119.46,2.0,lang_b,1,I0249,delivery kitchen
U026498,2026-06-01,south,25-34,5,plus,mid,ios,47,,3.0,lang_a,1,I0291 I0321 I0325,
U026499,2026-06-01,west,35-49,5,basic,mid,android,51,34.58,4.0,lang_c,0,I0537,connectivity furnishings
U026500,2026-06-01,coastal,18-24,1,plus,mid,android,45,49.39,3.0,lang_a,0,I0073 I0552 I0556 I0559 I0566 I0575 I0576 I0593,accessories books
U026501,2026-06-01,west,35-49,3,basic,entry,android,20,61.54,,lang_a,1,,kitchen wellness
U026502,2026-06-01,north,50+,1,premium,premium,android,36,75.29,4.0,lang_b,0,I0167,creative_hobbies learning
U026503,2026-06-01,central,50+,3,basic,premium,android,79,140.29,3.0,lang_a,1,,clothing connectivity
U026504,2026-06-01,north,50+,4,basic,premium,ios,4,34.44,,lang_b,1,,audio gaming
U026505,2026-06-01,west,50+,2,basic,mid,ios,20,57.51,4.0,lang_b,1,,
U026506,2026-06-01,north,50+,4,premium,entry,ios,27,70.63,3.0,lang_b,1,I0054 I0056 I0091 I0290 I0916 I0918 I0938,bags travel_accessories
U026507,2026-06-01,south,35-49,2,basic,entry,android,22,56.19,,lang_a,0,I0507 I0543,computing smart_devices
U026508,2026-06-01,north,25-34,2,basic,entry,android,52,154.7,2.0,lang_a,1,I0082 I0563,
U026509,2026-06-01,east,25-34,5,basic,entry,ios,13,37.04,3.0,lang_c,0,I0011 I0015 I0025 I0036,
U026510,2026-06-01,south,50+,3,basic,entry,android,18,87.19,4.0,lang_b,0,,clothing furnishings
U026511,2026-06-01,south,35-49,5,basic,mid,ios,75,29.92,3.0,lang_b,0,I0690 I0867 I0894,books travel_accessories
U026512,2026-06-01,coastal,50+,4,premium,entry,android,17,71.16,5.0,lang_a,1,I0139 I0863,
U026513,2026-06-01,coastal,50+,5,premium,mid,ios,3,183.14,3.0,lang_c,0,,garden local_experiences
U026514,2026-06-01,west,50+,2,basic,mid,android,48,,2.0,lang_a,1,I0904 I0966,
U026515,2026-06-01,west,25-34,2,basic,mid,android,7,59.35,,lang_c,1,I0286,furnishings home_care
U026516,2026-06-01,south,35-49,5,plus,mid,android,65,80.18,4.0,lang_a,0,,
U026517,2026-06-01,coastal,35-49,2,basic,premium,android,58,25.57,3.0,lang_c,0,,books local_experiences
U026518,2026-06-01,west,25-34,2,plus,entry,android,61,117.03,2.0,lang_b,1,,
U026519,2026-06-01,north,35-49,1,basic,entry,ios,60,100.86,,lang_c,0,I0083,
U026520,2026-06-01,north,25-34,4,basic,entry,android,56,48.35,3.0,lang_b,0,I0183 I0215 I0672,mobile_accessories smart_devices
U026521,2026-06-01,west,35-49,2,basic,entry,android,6,50.43,2.0,lang_b,1,I0118 I0511,bags computing
U026522,2026-06-01,coastal,35-49,5,premium,unknown,android,44,64.09,3.0,lang_b,0,,mobile_accessories travel_accessories
U026523,2026-06-01,south,35-49,4,plus,mid,ios,77,,1.0,lang_a,1,,bags creative_hobbies
U026524,2026-06-01,north,25-34,3,basic,entry,android,75,110.8,,lang_a,1,,bags clothing
U026525,2026-06-01,south,25-34,3,basic,unknown,ios,34,,3.0,lang_a,1,I0005 I0012 I0084,
U026526,2026-06-01,north,50+,2,plus,premium,ios,62,103.19,4.0,lang_a,0,I0534 I0538,
U026527,2026-06-01,west,18-24,1,basic,entry,ios,57,175.2,5.0,lang_c,1,I0142 I0971 I0987 I0988,
U026528,2026-06-01,north,35-49,4,basic,mid,android,30,119.56,2.0,lang_b,0,I0219 I0864 I0902 I0903 I0906 I0919,kitchen travel_accessories
U026529,2026-06-01,south,50+,4,basic,mid,ios,22,66.39,4.0,lang_c,0,,computing wellness
U026530,2026-06-01,coastal,18-24,1,plus,premium,android,62,81.51,3.0,lang_b,1,,
U026531,2026-06-01,central,50+,3,basic,entry,android,29,93.45,2.0,lang_c,0,,
U026532,2026-06-01,east,50+,4,premium,premium,ios,76,92.81,1.0,lang_a,1,I0314 I0922,
U026533,2026-06-01,north,35-49,1,plus,entry,android,82,56.39,3.0,lang_a,1,I0551 I0565 I0568 I0571 I0578 I0589 I0967,
U026534,2026-06-01,coastal,35-49,4,plus,premium,android,2,34.85,2.0,lang_c,0,I0561 I0670,
U026535,2026-06-01,north,25-34,3,basic,entry,ios,4,101.86,2.0,lang_a,0,I0585,
U026536,2026-06-01,north,50+,2,premium,mid,android,82,31.09,3.0,lang_a,0,I0206 I0208 I0212,bags kitchen
U026537,2026-06-01,south,50+,3,basic,premium,android,41,59.49,1.0,lang_c,1,I0016,
U026538,2026-06-01,west,50+,5,premium,entry,android,48,70.25,3.0,lang_c,1,,
U026539,2026-06-01,south,18-24,3,plus,premium,ios,46,100.12,3.0,lang_c,0,I0856,
U026540,2026-06-01,west,25-34,1,basic,premium,ios,62,149.47,1.0,lang_c,0,I0261 I0273 I0533,
U026541,2026-06-01,south,25-34,1,basic,mid,android,66,17.34,3.0,lang_c,1,I0040,clothing home_care
U026542,2026-06-01,coastal,25-34,2,plus,entry,android,16,,,lang_b,0,I0012,fitness local_experiences
U026543,2026-06-01,east,50+,2,plus,premium,ios,4,63.49,,lang_a,1,I0073 I0086 I0090 I0112 I0118 I0141 I0142 I0651 I0653 I0900,
U026544,2026-06-01,west,18-24,2,premium,mid,android,60,25.55,2.0,lang_b,0,,audio computing
U026545,2026-06-01,south,35-49,3,plus,premium,android,15,153.3,2.0,lang_b,1,,
U026546,2026-06-01,coastal,18-24,3,plus,premium,ios,61,20.28,4.0,lang_b,0,I0077,books connectivity
U026547,2026-06-01,coastal,18-24,1,basic,unknown,android,1,126.35,2.0,lang_c,1,,accessories connectivity
U026548,2026-06-01,west,35-49,2,basic,mid,ios,37,43.44,2.0,lang_a,1,I0472,kitchen wellness
U026549,2026-06-01,central,35-49,2,basic,mid,android,14,59.56,4.0,lang_c,1,,learning wellness
U026550,2026-06-01,east,18-24,4,premium,entry,android,14,32.15,3.0,lang_a,0,I0225 I0462 I0474 I0476 I0479 I0487 I0496 I0550 I0879,
U026551,2026-06-01,east,50+,1,basic,entry,ios,13,29.19,1.0,lang_c,1,,creative_hobbies wellness
U026552,2026-06-01,south,18-24,2,basic,entry,android,22,46.2,2.0,lang_b,0,I0206 I0225 I0228 I0906 I0911 I0912 I0929,
U026553,2026-06-01,coastal,18-24,3,premium,mid,android,84,156.91,4.0,lang_a,0,,
U026554,2026-06-01,west,35-49,4,basic,premium,ios,23,58.05,1.0,lang_a,1,I0540 I0556 I0558 I0562 I0592,accessories home_care
U026555,2026-06-01,east,18-24,4,basic,mid,android,31,53.72,,lang_c,1,,creative_hobbies furnishings
U026556,2026-06-01,coastal,50+,3,basic,entry,android,69,36.68,1.0,lang_b,1,I0131 I0275 I0276 I0282 I0290 I0880,furnishings mobile_accessories
U026557,2026-06-01,coastal,18-24,2,plus,mid,android,29,36.2,3.0,lang_a,1,,
U026558,2026-06-01,central,35-49,3,premium,premium,ios,39,77.72,3.0,lang_b,1,I0662,
U026559,2026-06-01,south,50+,3,basic,entry,ios,29,182.69,3.0,lang_c,1,I0255 I0303 I0307 I0322 I0327 I0338 I0343,
U026560,2026-06-01,south,35-49,3,basic,mid,android,48,30.66,3.0,lang_a,1,I0231 I0553,
U026561,2026-06-01,west,50+,3,basic,mid,ios,47,,3.0,lang_c,0,I0652 I0663 I0670,
U026562,2026-06-01,east,35-49,2,basic,entry,android,6,,3.0,lang_a,0,I0112 I0331 I0527 I0657,
U026563,2026-06-01,west,35-49,5,plus,premium,android,20,20.69,3.0,lang_c,1,I0502 I0510 I0881,delivery outdoor
U026564,2026-06-01,central,50+,1,basic,entry,android,75,183.42,4.0,lang_a,1,,books fitness
U026565,2026-06-01,south,18-24,5,plus,mid,android,29,13.63,3.0,lang_a,1,I0685,gaming wellness
U026566,2026-06-01,south,25-34,2,plus,mid,android,47,24.29,2.0,lang_a,1,I0297,
U026567,2026-06-01,coastal,35-49,5,premium,entry,android,46,26.6,3.0,lang_b,1,I0302,accessories computing
U026568,2026-06-01,central,35-49,5,premium,entry,android,35,25.3,2.0,lang_b,1,I0685,
U026569,2026-06-01,south,18-24,4,basic,mid,android,12,68.7,4.0,lang_b,1,I0195 I0961,
U026570,2026-06-01,west,50+,2,plus,mid,ios,43,70.14,4.0,lang_a,1,I0267 I0283 I0509 I0532 I0979,
U026571,2026-06-01,east,50+,1,plus,mid,android,39,71.84,3.0,lang_b,0,I0103 I0123 I0124,
U026572,2026-06-01,coastal,25-34,4,plus,entry,android,30,46.49,,lang_a,0,I0016 I0037 I0901 I0910 I0918,books furnishings
U026573,2026-06-01,central,35-49,5,plus,entry,ios,5,34.91,2.0,lang_c,0,I0238 I0507 I0520 I0539,
U026574,2026-06-01,north,18-24,2,basic,entry,android,82,78.5,3.0,lang_b,1,I0127 I0142 I0145 I0472 I0872 I0882,bags wellness
U026575,2026-06-01,north,35-49,1,basic,entry,android,58,,,lang_b,1,I0556 I0591,
U026576,2026-06-01,south,35-49,2,basic,premium,android,28,28.71,3.0,lang_a,1,,delivery home_care
U026577,2026-06-01,south,35-49,4,plus,mid,android,42,28.14,3.0,lang_b,0,I0463,computing furnishings
U026578,2026-06-01,central,35-49,4,basic,entry,ios,60,29.8,3.0,lang_c,0,I0200 I0536 I0573 I0584 I0902,delivery streaming
U026579,2026-06-01,central,18-24,1,basic,mid,android,47,26.03,3.0,lang_b,0,I0852,books outdoor
U026580,2026-06-01,south,25-34,1,basic,entry,ios,51,115.64,3.0,lang_c,0,,delivery furnishings
U026581,2026-06-01,central,18-24,4,plus,entry,android,53,74.72,3.0,lang_b,1,I0273 I0460 I0478 I0499,footwear furnishings
U026582,2026-06-01,north,25-34,5,basic,entry,ios,30,128.82,3.0,lang_b,0,I0653,
U026583,2026-06-01,coastal,25-34,5,basic,entry,android,68,61.18,,lang_b,0,I0043,clothing furnishings
U026584,2026-06-01,coastal,50+,3,premium,mid,ios,3,48.23,2.0,lang_a,1,I0037 I0045,audio garden
U026585,2026-06-01,east,50+,5,basic,mid,ios,16,25.16,2.0,lang_c,1,,books clothing
U026586,2026-06-01,east,35-49,3,plus,mid,ios,82,51.74,4.0,lang_b,1,I0310,computing learning
U026587,2026-06-01,north,50+,5,premium,entry,android,23,64.06,4.0,lang_c,1,I0526 I0929 I0982,
U026588,2026-06-01,west,18-24,5,plus,mid,ios,35,,2.0,lang_b,1,I0144 I0179 I0524 I0525 I0526 I0581 I0586 I0589 I0858,
U026589,2026-06-01,south,35-49,1,basic,premium,ios,63,40.58,,lang_c,1,I0567,footwear wellness
U026590,2026-06-01,south,18-24,4,basic,mid,android,14,13.72,3.0,lang_b,1,,
U026591,2026-06-01,east,25-34,5,basic,mid,ios,49,7.75,4.0,lang_a,0,I0025 I0027 I0032,garden mobile_accessories
U026592,2026-06-01,south,18-24,2,plus,mid,android,75,85.91,3.0,lang_b,1,I0531 I0671 I0681 I0692 I0693,creative_hobbies gaming
U026593,2026-06-01,north,25-34,3,basic,entry,android,1,34.44,3.0,lang_a,1,I0025 I0857 I0895,audio mobile_accessories
U026594,2026-06-01,west,50+,3,basic,mid,ios,74,85.67,3.0,lang_a,0,I0131 I0168 I0282 I0288 I0859,creative_hobbies smart_devices
U026595,2026-06-01,south,25-34,1,plus,mid,android,63,94.1,,lang_b,1,I0072 I0887,books creative_hobbies
U026596,2026-06-01,east,35-49,3,plus,unknown,android,52,75.88,2.0,lang_c,1,,
U026597,2026-06-01,west,50+,4,plus,mid,android,12,66.68,3.0,lang_a,1,,
U026598,2026-06-01,coastal,18-24,5,plus,entry,android,42,28.06,2.0,lang_c,0,I0543 I0670 I0959 I0986 I0998,
U026599,2026-06-01,south,25-34,3,premium,mid,android,28,27.23,3.0,lang_a,1,I0187,bags local_experiences
U026600,2026-06-01,coastal,50+,2,plus,mid,android,41,107.84,3.0,lang_a,0,,
U026601,2026-06-01,coastal,18-24,4,plus,entry,ios,46,81.64,3.0,lang_c,1,I0453 I0557 I0576 I0580 I0584 I0596,local_experiences smart_devices
U026602,2026-06-01,east,35-49,1,basic,entry,ios,14,35.29,5.0,lang_c,1,I0295,mobile_accessories streaming
U026603,2026-06-01,east,25-34,4,premium,entry,ios,33,58.58,2.0,lang_b,1,,
U026604,2026-06-01,east,50+,2,basic,entry,ios,74,78.44,,lang_c,0,I0127,mobile_accessories outdoor
U026605,2026-06-01,central,25-34,3,premium,mid,android,56,148.44,4.0,lang_b,1,,
U026606,2026-06-01,south,18-24,3,basic,premium,ios,1,185.18,,lang_c,0,I0000 I0139,
U026607,2026-06-01,coastal,18-24,2,basic,entry,android,7,45.0,4.0,lang_c,1,,
U026608,2026-06-01,central,35-49,4,plus,premium,android,78,36.46,4.0,lang_b,1,I0861,accessories wellness
U026609,2026-06-01,east,50+,1,plus,entry,ios,72,97.94,4.0,lang_a,0,I0093 I0453 I0482,
U026610,2026-06-01,coastal,35-49,4,basic,unknown,ios,25,89.26,3.0,lang_a,1,,
U026611,2026-06-01,west,18-24,1,basic,premium,android,60,39.37,1.0,lang_a,0,I0130 I0136 I0286 I0458,clothing mobile_accessories
U026612,2026-06-01,east,50+,3,basic,unknown,android,74,,2.0,lang_a,1,,
U026613,2026-06-01,west,35-49,5,plus,premium,android,23,,4.0,lang_a,0,I0142 I0206 I0462,
U026614,2026-06-01,central,25-34,4,plus,premium,android,76,18.87,,lang_a,1,,
U026615,2026-06-01,west,18-24,2,basic,mid,android,58,31.62,4.0,lang_b,0,I0167,delivery smart_devices
U026616,2026-06-01,coastal,25-34,2,basic,entry,android,66,,2.0,lang_c,0,I0237,
U026617,2026-06-01,south,50+,4,basic,mid,android,62,55.65,3.0,lang_a,1,I0256 I0307 I0329 I0331 I0334 I0664,audio gaming
U026618,2026-06-01,west,18-24,3,plus,mid,android,16,47.41,5.0,lang_a,1,I0331 I0344,bags home_care
U026619,2026-06-01,south,50+,3,plus,mid,android,46,52.77,2.0,lang_c,0,I0486 I0963 I0986 I0987,garden home_care
U026620,2026-06-01,coastal,50+,3,plus,mid,ios,80,47.55,3.0,lang_a,1,,books fitness
U026621,2026-06-01,west,25-34,4,plus,entry,android,28,79.36,3.0,lang_b,0,,books wellness
U026622,2026-06-01,central,50+,2,plus,mid,android,8,156.04,2.0,lang_c,0,I0008 I0012 I0018 I0020 I0022 I0256,audio fitness
U026623,2026-06-01,west,18-24,3,basic,premium,android,6,17.85,,lang_a,0,,accessories clothing
U026624,2026-06-01,central,35-49,4,premium,mid,ios,40,64.91,4.0,lang_c,1,I0265 I0508,audio travel_accessories
U026625,2026-06-01,east,35-49,3,plus,premium,android,81,34.32,,lang_c,1,,
U026626,2026-06-01,coastal,18-24,4,basic,mid,ios,68,211.73,3.0,lang_b,1,,fitness footwear
U026627,2026-06-01,west,25-34,5,plus,premium,ios,31,17.78,3.0,lang_c,1,I0488,footwear kitchen
U026628,2026-06-01,east,18-24,4,basic,entry,ios,1,41.62,3.0,lang_c,1,I0912 I0990,footwear home_care
U026629,2026-06-01,west,50+,5,basic,entry,ios,17,30.78,3.0,lang_a,1,,garden learning
U026630,2026-06-01,east,18-24,3,basic,mid,ios,39,90.9,2.0,lang_a,1,I0872,learning wellness
U026631,2026-06-01,north,50+,5,premium,mid,ios,11,20.71,2.0,lang_b,1,I0209,
U026632,2026-06-01,east,18-24,4,premium,mid,android,4,64.09,2.0,lang_b,1,I0241 I0325,audio books
U026633,2026-06-01,north,18-24,1,plus,mid,ios,26,,4.0,lang_b,0,,home_care outdoor
U026634,2026-06-01,west,18-24,2,basic,entry,ios,22,63.68,4.0,lang_b,1,I0311 I0316 I0468 I0473,footwear garden
U026635,2026-06-01,central,18-24,1,basic,mid,android,33,24.17,2.0,lang_c,1,I0885,local_experiences outdoor
U026636,2026-06-01,coastal,25-34,3,basic,mid,android,1,78.88,5.0,lang_a,0,I0060 I0062 I0066 I0203 I0206 I0233 I0257 I0282 I0293 I0460,furnishings kitchen
U026637,2026-06-01,south,25-34,2,plus,entry,android,53,80.99,4.0,lang_c,0,,footwear kitchen
U026638,2026-06-01,west,35-49,5,plus,entry,ios,78,125.67,2.0,lang_a,0,,delivery home_care
U026639,2026-06-01,west,18-24,3,plus,entry,ios,41,10.82,2.0,lang_c,0,,
U026640,2026-06-01,east,50+,3,premium,mid,android,32,,,lang_b,0,I0918 I0939,
U026641,2026-06-01,north,18-24,3,basic,mid,ios,43,41.07,,lang_a,1,,mobile_accessories wellness
U026642,2026-06-01,east,50+,3,basic,mid,ios,73,23.96,3.0,lang_b,0,,
U026643,2026-06-01,east,18-24,4,basic,entry,android,45,34.46,4.0,lang_c,1,,
U026644,2026-06-01,south,25-34,2,basic,premium,android,33,,4.0,lang_c,1,,
U026645,2026-06-01,central,35-49,1,plus,entry,android,34,38.93,3.0,lang_a,1,,outdoor streaming
U026646,2026-06-01,coastal,25-34,5,basic,entry,android,43,34.81,2.0,lang_a,0,,local_experiences streaming
U026647,2026-06-01,central,25-34,4,basic,premium,ios,70,43.17,2.0,lang_c,0,I0128 I0226 I0232 I0677 I0892,learning local_experiences
U026648,2026-06-01,central,18-24,5,plus,premium,android,84,78.35,2.0,lang_b,0,,audio local_experiences
U026649,2026-06-01,coastal,50+,5,plus,unknown,ios,52,90.03,4.0,lang_c,0,,audio learning
U026650,2026-06-01,south,50+,4,basic,mid,ios,36,161.85,5.0,lang_b,1,,learning smart_devices
U026651,2026-06-01,north,35-49,5,premium,mid,android,64,20.36,4.0,lang_c,0,I0469 I0482,footwear travel_accessories
U026652,2026-06-01,east,35-49,2,plus,premium,android,39,41.18,4.0,lang_b,1,,smart_devices streaming
U026653,2026-06-01,north,50+,4,basic,entry,android,8,49.49,3.0,lang_c,1,,clothing smart_devices
U026654,2026-06-01,south,18-24,1,plus,premium,ios,4,70.48,3.0,lang_c,0,I0164,
U026655,2026-06-01,coastal,25-34,5,basic,premium,android,23,81.08,,lang_a,1,I0118,audio delivery
U026656,2026-06-01,central,18-24,1,plus,mid,android,34,97.09,4.0,lang_b,1,I0883 I0987,fitness furnishings
U026657,2026-06-01,north,25-34,1,basic,entry,ios,51,123.43,2.0,lang_b,0,I0072 I0075 I0078 I0538 I0965,books computing
U026658,2026-06-01,south,18-24,5,plus,premium,android,23,16.03,2.0,lang_a,1,,clothing streaming
U026659,2026-06-01,north,35-49,3,basic,mid,android,47,29.72,2.0,lang_c,1,I0892 I0951 I0952 I0953 I0957 I0967,delivery fitness
U026660,2026-06-01,east,25-34,1,plus,premium,android,57,132.68,3.0,lang_c,0,,books learning
U026661,2026-06-01,central,35-49,5,basic,premium,android,43,27.52,,lang_b,0,,
U026662,2026-06-01,south,50+,1,plus,mid,android,5,41.22,5.0,lang_b,0,I0976,
U026663,2026-06-01,east,25-34,4,plus,mid,ios,38,30.83,4.0,lang_a,1,I0056 I0231 I0233 I0871,
U026664,2026-06-01,north,25-34,5,premium,mid,ios,52,105.11,2.0,lang_c,1,I0203 I0344 I0556 I0570 I0582,
U026665,2026-06-01,central,35-49,3,plus,entry,android,83,26.57,,lang_a,1,I0119 I0958 I0979 I0980 I0981,fitness travel_accessories
U026666,2026-06-01,west,18-24,1,premium,premium,ios,19,120.69,2.0,lang_a,1,I0141 I0306 I0321 I0324 I0332 I0340,fitness outdoor
U026667,2026-06-01,central,18-24,5,plus,premium,android,77,45.15,4.0,lang_b,1,I0252 I0259 I0264 I0453 I0456 I0460 I0462 I0468 I0476 I0481 I0488 I0489 I0494 I0902 I0913 I0942 I0943,footwear travel_accessories
U026668,2026-06-01,coastal,50+,5,basic,unknown,ios,29,74.25,4.0,lang_b,0,I0852,home_care outdoor
U026669,2026-06-01,central,25-34,5,basic,entry,android,14,30.02,,lang_b,0,,outdoor travel_accessories
U026670,2026-06-01,central,35-49,2,basic,entry,ios,5,89.5,1.0,lang_a,0,,
U026671,2026-06-01,north,35-49,5,basic,unknown,ios,60,86.97,,lang_c,1,I0159,
U026672,2026-06-01,central,35-49,3,basic,mid,android,29,65.59,3.0,lang_b,1,I0312,
U026673,2026-06-01,south,18-24,1,premium,entry,android,74,56.43,3.0,lang_b,1,I0081 I0154 I0163 I0169 I0172,furnishings smart_devices
U026674,2026-06-01,coastal,25-34,3,premium,entry,android,11,80.54,4.0,lang_c,1,I0038 I0168 I0184 I0188,kitchen learning
U026675,2026-06-01,coastal,18-24,2,basic,entry,android,55,27.01,1.0,lang_c,0,I0250 I0272 I0280 I0529 I0657 I0660 I0971,fitness streaming
U026676,2026-06-01,north,18-24,4,basic,mid,ios,73,14.29,,lang_b,1,I0562 I0570 I0593 I0594,accessories kitchen
U026677,2026-06-01,coastal,18-24,5,plus,entry,ios,38,38.88,3.0,lang_b,0,I0078 I0086 I0252,
U026678,2026-06-01,south,18-24,5,basic,mid,android,60,19.61,1.0,lang_a,1,,
U026679,2026-06-01,coastal,35-49,5,basic,unknown,ios,32,64.15,2.0,lang_a,0,,
U026680,2026-06-01,south,18-24,4,plus,entry,ios,73,51.69,3.0,lang_c,1,,kitchen streaming
U026681,2026-06-01,east,35-49,1,basic,mid,android,1,177.99,3.0,lang_b,1,I0111,footwear mobile_accessories
U026682,2026-06-01,coastal,25-34,5,basic,mid,ios,36,107.48,4.0,lang_a,1,,
U026683,2026-06-01,west,18-24,3,plus,premium,android,30,73.36,3.0,lang_b,1,,fitness travel_accessories
U026684,2026-06-01,east,35-49,3,basic,entry,android,21,,2.0,lang_b,0,,
U026685,2026-06-01,east,18-24,5,basic,unknown,ios,46,155.16,5.0,lang_b,1,I0079,bags local_experiences
U026686,2026-06-01,west,18-24,4,basic,entry,ios,30,83.57,2.0,lang_b,0,I0981,
U026687,2026-06-01,west,25-34,1,plus,entry,android,52,65.67,3.0,lang_b,1,,
U026688,2026-06-01,south,35-49,2,basic,premium,android,62,35.59,,lang_a,1,I0159 I0276 I0514 I0541 I0546 I0578 I0865 I0892 I0915 I0966,furnishings smart_devices
U026689,2026-06-01,coastal,25-34,5,basic,premium,android,19,39.96,3.0,lang_c,1,I0207,
U026690,2026-06-01,east,35-49,2,basic,entry,android,3,46.96,3.0,lang_a,0,,
U026691,2026-06-01,coastal,35-49,3,basic,premium,android,81,130.33,3.0,lang_a,1,,
U026692,2026-06-01,coastal,18-24,4,basic,entry,android,31,38.98,3.0,lang_b,1,,
U026693,2026-06-01,north,25-34,4,basic,premium,android,66,51.77,2.0,lang_b,0,I0307 I0322,
U026694,2026-06-01,east,50+,2,basic,mid,ios,15,66.78,4.0,lang_a,1,,
U026695,2026-06-01,north,35-49,3,premium,unknown,android,40,138.01,3.0,lang_b,1,I0002 I0025 I0032,audio outdoor
U026696,2026-06-01,north,35-49,2,premium,mid,android,4,96.79,2.0,lang_b,1,,computing mobile_accessories
U026697,2026-06-01,east,50+,2,basic,premium,android,19,31.3,3.0,lang_a,1,I0463,delivery streaming
U026698,2026-06-01,central,50+,3,plus,entry,android,52,84.14,1.0,lang_c,1,I0912,accessories travel_accessories
U026699,2026-06-01,north,35-49,5,premium,premium,android,42,27.47,3.0,lang_a,1,I0143 I0212 I0276 I0278 I0299 I0987,kitchen smart_devices
U026700,2026-06-01,central,18-24,4,basic,premium,android,54,123.09,5.0,lang_a,1,I0593 I0678 I0864,
U026701,2026-06-01,central,25-34,2,basic,mid,android,26,16.78,2.0,lang_a,0,I0216 I0256 I0261 I0281 I0282 I0293 I0855,creative_hobbies travel_accessories
U026702,2026-06-01,east,50+,1,basic,entry,ios,31,72.76,3.0,lang_c,0,I0326 I0450,
U026703,2026-06-01,north,35-49,2,plus,entry,ios,10,213.69,2.0,lang_c,1,,
U026704,2026-06-01,west,35-49,1,plus,mid,android,71,28.32,3.0,lang_c,0,I0313,clothing furnishings
U026705,2026-06-01,north,25-34,1,plus,premium,android,45,52.25,2.0,lang_a,1,,delivery travel_accessories
U026706,2026-06-01,north,35-49,2,basic,mid,android,62,32.98,3.0,lang_c,0,I0054 I0073 I0863,
U026707,2026-06-01,west,35-49,2,basic,mid,android,41,32.01,2.0,lang_c,1,I0597,
U026708,2026-06-01,east,50+,2,plus,entry,ios,2,18.08,3.0,lang_c,1,,
U026709,2026-06-01,coastal,18-24,1,premium,entry,android,50,88.64,3.0,lang_b,1,I0262 I0513 I0567 I0667 I0866,creative_hobbies gaming
U026710,2026-06-01,west,18-24,1,basic,premium,android,20,66.11,2.0,lang_b,1,I0167 I0191 I0235,clothing garden
U026711,2026-06-01,east,50+,3,basic,entry,ios,29,83.97,2.0,lang_c,1,,connectivity creative_hobbies
U026712,2026-06-01,central,50+,5,basic,premium,android,32,55.1,,lang_c,1,I0866 I0874 I0876 I0881 I0888 I0889 I0890 I0893,home_care mobile_accessories
U026713,2026-06-01,west,18-24,4,basic,mid,android,44,,3.0,lang_b,1,I0331,creative_hobbies footwear
U026714,2026-06-01,coastal,50+,2,plus,entry,android,44,176.57,3.0,lang_b,0,I0009 I0142 I0266 I0452 I0453 I0492 I0936,
U026715,2026-06-01,central,18-24,1,basic,mid,ios,61,52.73,2.0,lang_a,0,I0962,
U026716,2026-06-01,east,18-24,1,plus,mid,android,81,56.29,3.0,lang_c,1,,mobile_accessories streaming
U026717,2026-06-01,east,25-34,3,premium,premium,android,47,53.2,2.0,lang_b,1,,furnishings learning
U026718,2026-06-01,coastal,25-34,5,basic,mid,android,56,133.61,3.0,lang_a,1,,furnishings streaming
U026719,2026-06-01,north,50+,5,basic,mid,android,39,76.77,3.0,lang_c,1,I0965 I0979,bags fitness
U026720,2026-06-01,central,25-34,5,basic,premium,android,2,44.69,2.0,lang_b,0,I0900,bags outdoor
U026721,2026-06-01,south,25-34,1,plus,entry,android,62,36.11,,lang_a,0,I0225,
U026722,2026-06-01,south,35-49,1,plus,premium,ios,1,38.45,3.0,lang_a,0,,
U026723,2026-06-01,central,25-34,3,plus,mid,android,26,152.03,,lang_a,1,,home_care local_experiences
U026724,2026-06-01,south,18-24,1,basic,mid,ios,5,19.05,2.0,lang_a,1,I0987,
U026725,2026-06-01,central,35-49,2,basic,entry,ios,30,170.7,4.0,lang_c,1,I0228,bags computing
U026726,2026-06-01,north,50+,5,basic,entry,android,67,35.87,3.0,lang_c,1,,
U026727,2026-06-01,west,35-49,5,basic,entry,android,74,28.86,3.0,lang_c,1,I0568 I0943,delivery furnishings
U026728,2026-06-01,south,50+,2,plus,mid,android,64,42.94,2.0,lang_c,0,I0186 I0188,
U026729,2026-06-01,east,50+,2,plus,premium,android,31,34.27,3.0,lang_c,1,,kitchen streaming
U026730,2026-06-01,north,18-24,5,basic,mid,android,53,,3.0,lang_b,1,I0161 I0989,audio smart_devices
U026731,2026-06-01,coastal,35-49,3,plus,entry,ios,28,32.93,3.0,lang_b,0,I0032 I0065,clothing garden
U026732,2026-06-01,west,25-34,4,basic,premium,ios,74,84.61,,lang_c,1,I0341 I0551 I0556 I0557,
U026733,2026-06-01,coastal,25-34,4,plus,premium,ios,69,82.14,2.0,lang_c,0,,clothing furnishings
U026734,2026-06-01,coastal,50+,3,basic,mid,android,65,45.99,3.0,lang_c,1,,streaming wellness
U026735,2026-06-01,west,35-49,3,plus,mid,android,13,108.09,2.0,lang_a,1,,smart_devices travel_accessories
U026736,2026-06-01,coastal,35-49,1,premium,premium,android,27,68.45,,lang_b,1,,kitchen wellness
U026737,2026-06-01,coastal,50+,1,basic,mid,ios,61,81.93,2.0,lang_c,1,I0054 I0079 I0279 I0556,
U026738,2026-06-01,north,18-24,1,basic,mid,ios,67,111.91,3.0,lang_b,0,I0102,
U026739,2026-06-01,north,18-24,3,basic,mid,android,64,135.17,,lang_c,0,I0119 I0126,gaming mobile_accessories
U026740,2026-06-01,south,50+,4,basic,premium,android,25,57.91,3.0,lang_b,1,I0094 I0500 I0538,
U026741,2026-06-01,north,18-24,3,plus,mid,android,81,15.4,3.0,lang_a,1,I0694,local_experiences wellness
U026742,2026-06-01,coastal,50+,1,basic,mid,ios,59,36.64,3.0,lang_a,1,I0969 I0976,
U026743,2026-06-01,central,18-24,2,basic,premium,ios,75,29.97,2.0,lang_b,1,,books smart_devices
U026744,2026-06-01,east,35-49,5,basic,entry,android,19,101.77,3.0,lang_c,1,I0163 I0681,
U026745,2026-06-01,central,35-49,5,premium,premium,android,11,102.01,,lang_a,1,I0308 I0329 I0991,gaming wellness
U026746,2026-06-01,north,35-49,1,basic,entry,ios,70,34.48,,lang_c,1,,furnishings learning
U026747,2026-06-01,central,35-49,1,plus,premium,android,34,49.38,3.0,lang_b,1,,audio creative_hobbies
U026748,2026-06-01,central,35-49,3,basic,entry,ios,77,33.86,5.0,lang_b,1,,
U026749,2026-06-01,west,35-49,3,plus,unknown,android,56,,2.0,lang_c,1,I0046 I0154 I0167,
U026750,2026-06-01,east,35-49,2,plus,premium,android,30,,3.0,lang_a,1,,
U026751,2026-06-01,east,25-34,2,basic,entry,android,44,35.9,4.0,lang_b,0,I0145 I0863 I0889 I0894,bags mobile_accessories
U026752,2026-06-01,south,50+,5,basic,premium,android,28,65.17,3.0,lang_b,1,I0060 I0075 I0078 I0087 I0092 I0556 I0565 I0914,computing learning
U026753,2026-06-01,east,50+,5,basic,entry,ios,51,118.36,,lang_b,0,,bags mobile_accessories
U026754,2026-06-01,east,25-34,5,plus,entry,android,82,33.41,1.0,lang_a,1,,audio smart_devices
U026755,2026-06-01,central,35-49,3,basic,premium,android,25,,4.0,lang_a,1,I0161 I0552 I0573 I0586 I0594 I0893 I0894,clothing streaming
U026756,2026-06-01,north,50+,3,basic,unknown,android,8,20.81,1.0,lang_b,1,I0851,
U026757,2026-06-01,east,50+,2,plus,entry,ios,30,8.05,3.0,lang_c,0,,
U026758,2026-06-01,east,35-49,1,plus,mid,android,15,80.54,2.0,lang_a,0,,garden home_care
U026759,2026-06-01,central,25-34,2,basic,mid,android,74,36.72,2.0,lang_b,1,,
U026760,2026-06-01,east,50+,2,basic,mid,android,34,66.77,2.0,lang_b,1,,
U026761,2026-06-01,central,50+,3,plus,mid,ios,61,113.94,2.0,lang_c,0,I0095,computing outdoor
U026762,2026-06-01,west,50+,3,plus,entry,android,59,104.55,,lang_c,1,I0307 I0332 I0339,bags creative_hobbies
U026763,2026-06-01,east,35-49,5,plus,mid,android,68,65.26,5.0,lang_c,0,I0488,accessories computing
U026764,2026-06-01,coastal,50+,3,plus,entry,android,11,23.97,1.0,lang_b,1,I0023 I0213 I0493 I0867,
U026765,2026-06-01,east,18-24,1,basic,entry,android,22,22.68,2.0,lang_a,0,,
U026766,2026-06-01,south,35-49,1,basic,entry,android,7,63.66,2.0,lang_a,1,I0187,
U026767,2026-06-01,east,18-24,1,basic,mid,android,78,32.42,3.0,lang_a,1,I0589 I0912,footwear gaming
U026768,2026-06-01,north,50+,4,basic,mid,android,50,219.37,1.0,lang_c,1,I0119 I0226 I0665,bags gaming
U026769,2026-06-01,east,25-34,5,basic,mid,android,17,76.08,2.0,lang_a,1,I0209 I0226 I0681,
U026770,2026-06-01,south,50+,1,basic,mid,android,21,29.73,2.0,lang_a,1,I0518,creative_hobbies learning
U026771,2026-06-01,north,50+,2,basic,unknown,ios,18,29.65,2.0,lang_c,0,I0258 I0262 I0276 I0278 I0292 I0298 I0486,furnishings local_experiences
U026772,2026-06-01,south,50+,3,plus,mid,ios,42,40.85,3.0,lang_a,1,I0305 I0307 I0316 I0339,accessories garden
U026773,2026-06-01,central,25-34,4,plus,entry,android,35,36.69,,lang_a,1,I0085 I0470,delivery home_care
U026774,2026-06-01,east,35-49,4,plus,premium,android,81,77.16,4.0,lang_c,1,,
U026775,2026-06-01,south,35-49,2,basic,premium,android,41,72.98,,lang_b,1,,home_care travel_accessories
U026776,2026-06-01,central,50+,2,premium,mid,android,1,59.43,4.0,lang_b,1,I0872 I0884 I0893,kitchen outdoor
U026777,2026-06-01,central,25-34,1,plus,mid,android,15,65.2,2.0,lang_b,0,I0238,bags smart_devices
U026778,2026-06-01,east,35-49,1,plus,entry,ios,2,,2.0,lang_a,1,,
U026779,2026-06-01,coastal,25-34,4,plus,mid,ios,6,127.44,,lang_b,0,,
U026780,2026-06-01,west,50+,4,basic,premium,ios,42,51.12,3.0,lang_c,0,,
U026781,2026-06-01,north,35-49,1,basic,premium,android,64,98.98,2.0,lang_c,1,I0262 I0282 I0285,delivery wellness
U026782,2026-06-01,west,35-49,1,plus,entry,ios,5,37.02,3.0,lang_a,1,,
U026783,2026-06-01,central,35-49,1,basic,entry,android,42,58.3,2.0,lang_b,1,I0100 I0116 I0131 I0138 I0145 I0246 I0503 I0531 I0542 I0850 I0875,bags outdoor
U026784,2026-06-01,south,25-34,4,basic,mid,android,15,86.36,3.0,lang_b,1,I0116 I0123 I0138 I0920 I0960,mobile_accessories streaming
U026785,2026-06-01,south,35-49,4,basic,mid,android,69,29.32,3.0,lang_a,0,I0514,books gaming
U026786,2026-06-01,central,35-49,3,basic,mid,android,75,70.65,2.0,lang_b,1,I0294 I0454,delivery home_care
U026787,2026-06-01,central,50+,3,basic,mid,android,38,18.81,,lang_c,1,I0302,
U026788,2026-06-01,north,25-34,4,basic,premium,android,5,59.72,4.0,lang_a,1,I0520 I0556 I0569 I0571 I0574,accessories wellness
U026789,2026-06-01,east,18-24,2,plus,mid,ios,52,80.05,5.0,lang_c,1,,computing smart_devices
U026790,2026-06-01,central,50+,4,basic,mid,ios,79,73.57,4.0,lang_b,1,I0025 I0337 I0342 I0659,footwear garden
U026791,2026-06-01,east,35-49,4,basic,mid,ios,76,73.24,4.0,lang_b,1,,delivery learning
U026792,2026-06-01,central,35-49,2,basic,entry,ios,30,,2.0,lang_a,1,I0525 I0661,bags books
U026793,2026-06-01,east,18-24,3,basic,mid,android,79,70.15,3.0,lang_c,0,I0222 I0235,connectivity streaming
U026794,2026-06-01,east,25-34,2,basic,entry,android,40,63.84,4.0,lang_a,0,I0158,clothing smart_devices
U026795,2026-06-01,coastal,25-34,1,basic,mid,ios,74,39.56,,lang_b,0,I0864,accessories home_care
U026796,2026-06-01,coastal,18-24,1,basic,mid,ios,51,87.58,,lang_a,1,,computing footwear
U026797,2026-06-01,central,18-24,5,basic,unknown,android,17,86.88,,lang_a,1,I0103 I0112 I0119 I0135 I0138,books fitness
U026798,2026-06-01,west,50+,4,plus,mid,ios,56,37.61,2.0,lang_c,0,I0257 I0279 I0532 I0950 I0963 I0971 I0986,bags clothing
U026799,2026-06-01,central,25-34,3,basic,mid,ios,12,,4.0,lang_a,0,I0518,
U026800,2026-06-01,west,18-24,5,basic,entry,android,53,,4.0,lang_c,0,,kitchen local_experiences
U026801,2026-06-01,west,35-49,1,basic,entry,android,63,46.08,5.0,lang_c,1,I0564 I0594 I0904,clothing computing
U026802,2026-06-01,east,50+,3,basic,mid,android,3,,4.0,lang_b,1,I0878 I0899,accessories outdoor
U026803,2026-06-01,coastal,50+,2,basic,mid,android,58,69.94,3.0,lang_a,1,I0130 I0461,garden learning
U026804,2026-06-01,south,50+,2,basic,premium,android,48,51.0,5.0,lang_b,1,I0189 I0563 I0564 I0583 I0589 I0592,
U026805,2026-06-01,north,50+,4,basic,mid,android,22,,2.0,lang_c,0,I0503 I0882,audio delivery
U026806,2026-06-01,south,25-34,5,plus,entry,android,26,197.63,3.0,lang_c,0,I0226 I0571 I0663,furnishings local_experiences
U026807,2026-06-01,south,35-49,3,basic,premium,ios,59,74.08,3.0,lang_a,1,I0203 I0237,
U026808,2026-06-01,central,35-49,2,basic,premium,android,39,,2.0,lang_c,1,,
U026809,2026-06-01,west,50+,1,premium,premium,ios,44,35.03,3.0,lang_a,1,I0107 I0174 I0208 I0218 I0235 I0244 I0504 I0517 I0523 I0539,
U026810,2026-06-01,east,50+,1,plus,mid,android,74,17.99,3.0,lang_c,1,I0172 I0186 I0550,bags delivery
U026811,2026-06-01,west,50+,3,basic,premium,android,22,311.87,3.0,lang_c,0,I0332 I0942,garden home_care
U026812,2026-06-01,east,50+,5,basic,premium,ios,18,85.99,3.0,lang_c,1,I0955 I0974 I0978 I0983 I0988 I0991,
U026813,2026-06-01,east,35-49,4,basic,mid,android,55,108.76,1.0,lang_b,1,I0236,
U026814,2026-06-01,central,50+,1,basic,entry,ios,9,65.31,3.0,lang_b,0,,
U026815,2026-06-01,south,25-34,5,plus,mid,ios,46,103.12,2.0,lang_a,1,I0054 I0056 I0062 I0063 I0065 I0066 I0079 I0080 I0082 I0083 I0091 I0910,
U026816,2026-06-01,central,25-34,5,basic,mid,android,14,67.42,5.0,lang_b,1,,
U026817,2026-06-01,north,50+,5,basic,unknown,ios,33,15.32,3.0,lang_c,0,I0489 I0903 I0920,fitness footwear
U026818,2026-06-01,central,50+,5,plus,entry,ios,78,43.62,3.0,lang_b,1,,mobile_accessories streaming
U026819,2026-06-01,north,50+,2,basic,entry,android,4,45.08,4.0,lang_a,1,I0089 I0172 I0597 I0680,bags delivery
U026820,2026-06-01,central,50+,5,basic,unknown,android,63,139.38,3.0,lang_a,1,,
U026821,2026-06-01,east,35-49,5,plus,mid,android,25,111.35,3.0,lang_a,0,,
U026822,2026-06-01,central,35-49,3,plus,mid,android,43,20.93,3.0,lang_c,1,I0086 I0883 I0895 I0956,footwear furnishings
U026823,2026-06-01,south,18-24,1,basic,entry,ios,37,25.05,4.0,lang_c,1,I0556 I0563 I0568 I0580 I0586 I0596 I0930,
U026824,2026-06-01,central,35-49,4,plus,mid,android,25,,,lang_b,1,,accessories bags
U026825,2026-06-01,south,25-34,5,plus,entry,android,17,39.87,1.0,lang_c,1,I0090 I0163 I0255 I0267 I0268 I0275 I0339 I0858 I0860,audio furnishings
U026826,2026-06-01,north,25-34,5,premium,entry,ios,79,,,lang_a,1,,
U026827,2026-06-01,east,25-34,1,plus,entry,ios,21,33.68,2.0,lang_b,1,I0599,clothing furnishings
U026828,2026-06-01,north,18-24,1,basic,mid,android,43,168.28,3.0,lang_b,0,I0037 I0085,
U026829,2026-06-01,north,35-49,2,basic,premium,android,26,48.09,4.0,lang_c,0,,books gaming
U026830,2026-06-01,coastal,35-49,3,plus,mid,android,4,41.28,3.0,lang_c,0,,
U026831,2026-06-01,south,50+,3,basic,unknown,android,79,83.25,2.0,lang_b,1,,furnishings travel_accessories
U026832,2026-06-01,east,25-34,1,basic,unknown,android,17,,3.0,lang_c,1,I0518,
U026833,2026-06-01,south,50+,5,basic,unknown,android,12,30.2,5.0,lang_b,0,I0099 I0325 I0334,garden local_experiences
U026834,2026-06-01,central,50+,4,basic,premium,ios,49,,4.0,lang_a,1,I0124,mobile_accessories travel_accessories
U026835,2026-06-01,south,18-24,2,plus,mid,ios,4,21.38,3.0,lang_b,1,I0216,accessories bags
U026836,2026-06-01,coastal,18-24,3,basic,mid,android,50,75.72,3.0,lang_b,0,,furnishings home_care
U026837,2026-06-01,north,50+,1,plus,mid,ios,66,47.92,3.0,lang_b,1,I0036 I0338 I0476 I0874 I0892 I0972 I0992,
U026838,2026-06-01,south,35-49,1,basic,mid,android,82,78.84,,lang_a,1,,books connectivity
U026839,2026-06-01,north,25-34,3,plus,unknown,ios,23,21.04,2.0,lang_a,0,I0001,
U026840,2026-06-01,south,25-34,5,plus,premium,android,66,49.14,3.0,lang_b,0,,audio clothing
U026841,2026-06-01,central,35-49,4,plus,unknown,android,38,115.64,2.0,lang_b,1,I0055 I0451 I0488 I0966,books computing
U026842,2026-06-01,east,50+,1,premium,mid,ios,66,52.76,2.0,lang_b,1,I0087 I0557 I0579 I0950 I0961 I0971 I0997,accessories gaming
U026843,2026-06-01,east,50+,4,basic,premium,android,57,40.34,,lang_a,1,I0454 I0487,fitness footwear
U026844,2026-06-01,south,18-24,3,plus,mid,ios,58,110.59,4.0,lang_a,1,I0969,outdoor travel_accessories
U026845,2026-06-01,south,18-24,2,basic,entry,android,65,48.22,,lang_c,0,I0215 I0227 I0535,garden kitchen
U026846,2026-06-01,central,50+,5,basic,premium,ios,80,22.17,3.0,lang_c,1,I0003 I0005 I0028 I0986,
U026847,2026-06-01,coastal,25-34,2,basic,mid,android,75,86.74,3.0,lang_b,1,,
U026848,2026-06-01,west,25-34,1,basic,entry,android,79,45.27,3.0,lang_a,1,I0200 I0226 I0666,connectivity streaming
U026849,2026-06-01,east,35-49,3,basic,mid,android,30,83.13,2.0,lang_a,1,I0661,gaming travel_accessories
U026850,2026-06-01,north,25-34,1,basic,entry,android,33,70.78,2.0,lang_a,1,,
U026851,2026-06-01,coastal,25-34,1,basic,premium,ios,3,41.91,,lang_c,0,I0513 I0887,
U026852,2026-06-01,north,35-49,2,basic,premium,android,44,53.13,4.0,lang_b,0,I0687,books delivery
U026853,2026-06-01,north,50+,3,basic,mid,android,78,81.82,3.0,lang_c,1,,footwear home_care
U026854,2026-06-01,north,50+,4,basic,mid,ios,15,74.79,3.0,lang_a,1,,mobile_accessories streaming
U026855,2026-06-01,west,50+,2,basic,premium,android,77,43.43,4.0,lang_a,0,I0873,clothing home_care
U026856,2026-06-01,east,35-49,4,basic,mid,android,20,136.59,3.0,lang_b,1,I0203,home_care kitchen
U026857,2026-06-01,coastal,35-49,5,basic,entry,android,6,33.73,4.0,lang_a,1,,bags clothing
U026858,2026-06-01,north,18-24,1,basic,entry,ios,11,76.74,2.0,lang_b,1,I0312 I0900 I0941,bags garden
U026859,2026-06-01,east,18-24,3,premium,mid,android,29,39.05,3.0,lang_b,1,I0863 I0864 I0877 I0886 I0894,creative_hobbies outdoor
U026860,2026-06-01,west,35-49,2,plus,unknown,android,10,90.65,3.0,lang_c,1,I0469 I0482 I0483 I0506 I0513 I0519 I0535 I0541 I0549 I0978,
U026861,2026-06-01,north,25-34,1,basic,mid,ios,77,31.99,,lang_a,1,I0157 I0166 I0168 I0171 I0172 I0174 I0187 I0332 I0552,gaming smart_devices
U026862,2026-06-01,east,18-24,3,plus,mid,ios,38,76.04,5.0,lang_b,1,I0337,bags gaming
U026863,2026-06-01,central,50+,1,plus,mid,android,50,185.32,4.0,lang_b,1,,clothing creative_hobbies
U026864,2026-06-01,coastal,18-24,3,basic,entry,ios,20,90.34,4.0,lang_b,0,I0005 I0013 I0024 I0026 I0075 I0574 I0594,audio home_care
U026865,2026-06-01,west,18-24,2,basic,mid,android,48,,3.0,lang_c,1,,home_care wellness
U026866,2026-06-01,coastal,35-49,2,basic,mid,ios,36,,2.0,lang_b,1,I0974,
U026867,2026-06-01,south,18-24,2,basic,premium,android,15,259.0,3.0,lang_b,1,,
U026868,2026-06-01,central,50+,2,basic,mid,android,18,97.53,2.0,lang_b,1,I0506 I0538 I0541 I0570 I0931,bags local_experiences
U026869,2026-06-01,coastal,18-24,3,plus,premium,ios,15,94.46,2.0,lang_a,1,,bags local_experiences
U026870,2026-06-01,south,50+,2,basic,premium,ios,20,52.5,2.0,lang_a,1,I0035,
U026871,2026-06-01,coastal,25-34,4,basic,mid,android,46,147.89,3.0,lang_b,1,I0472 I0581 I0968,footwear gaming
U026872,2026-06-01,east,25-34,3,plus,entry,android,34,76.4,,lang_a,0,,
U026873,2026-06-01,south,25-34,5,basic,entry,android,23,105.43,4.0,lang_c,0,I0864,books outdoor
U026874,2026-06-01,central,18-24,5,basic,premium,android,73,,2.0,lang_a,1,I0162,books garden
U026875,2026-06-01,south,25-34,2,premium,mid,android,26,45.58,2.0,lang_a,1,I0172,
U026876,2026-06-01,west,18-24,3,basic,mid,ios,13,,3.0,lang_a,1,I0033 I0523,audio garden
U026877,2026-06-01,south,25-34,3,basic,premium,android,84,68.07,4.0,lang_a,1,I0671,books learning
U026878,2026-06-01,south,25-34,1,basic,entry,ios,71,61.49,3.0,lang_c,0,,
U026879,2026-06-01,central,25-34,5,basic,entry,android,57,19.79,3.0,lang_c,1,I0485,
U026880,2026-06-01,south,35-49,1,basic,entry,android,4,90.81,4.0,lang_c,1,I0253,audio gaming
U026881,2026-06-01,central,35-49,5,plus,premium,android,59,85.69,3.0,lang_b,0,,smart_devices streaming
U026882,2026-06-01,east,50+,4,premium,mid,ios,37,28.62,2.0,lang_a,1,I0039 I0136,
U026883,2026-06-01,east,50+,1,basic,mid,ios,77,64.54,2.0,lang_c,1,I0986,
U026884,2026-06-01,central,50+,4,basic,entry,android,35,49.45,2.0,lang_c,0,I0130,
U026885,2026-06-01,north,25-34,3,plus,premium,android,48,61.21,3.0,lang_c,1,I0466 I0682,books mobile_accessories
U026886,2026-06-01,east,18-24,4,basic,entry,ios,55,85.31,2.0,lang_a,1,,
U026887,2026-06-01,east,35-49,2,premium,mid,ios,2,46.15,3.0,lang_c,1,I0059 I0324 I0903 I0906 I0938,gaming garden
U026888,2026-06-01,west,35-49,5,plus,unknown,android,15,165.19,2.0,lang_b,1,I0575 I0657 I0662 I0683,gaming travel_accessories
U026889,2026-06-01,north,50+,1,plus,mid,android,57,,1.0,lang_b,0,I0482 I0870,clothing delivery
U026890,2026-06-01,west,25-34,2,plus,unknown,ios,11,,4.0,lang_c,0,I0018 I0679 I0875 I0888,delivery home_care
U026891,2026-06-01,north,35-49,1,plus,premium,ios,84,95.75,2.0,lang_c,1,I0979,
U026892,2026-06-01,west,35-49,4,premium,mid,ios,56,49.04,3.0,lang_a,0,,
U026893,2026-06-01,north,35-49,2,basic,entry,android,58,173.71,5.0,lang_c,1,I0912,travel_accessories wellness
U026894,2026-06-01,south,50+,4,plus,mid,android,29,31.25,2.0,lang_b,1,I0024,
U026895,2026-06-01,west,25-34,1,plus,mid,ios,84,32.06,3.0,lang_c,1,,garden local_experiences
U026896,2026-06-01,coastal,35-49,2,basic,mid,android,8,,3.0,lang_c,1,I0477 I0903,smart_devices travel_accessories
U026897,2026-06-01,north,35-49,3,basic,mid,android,48,67.07,2.0,lang_b,1,I0684,bags furnishings
U026898,2026-06-01,central,25-34,5,basic,entry,ios,72,40.08,3.0,lang_a,1,I0111 I0246 I0562 I0564 I0566 I0582 I0583 I0956,computing delivery
U026899,2026-06-01,coastal,25-34,1,plus,mid,ios,27,179.86,1.0,lang_c,0,I0901 I0903 I0906 I0917 I0933 I0943,garden travel_accessories
U026900,2026-06-01,north,25-34,2,premium,premium,ios,35,49.21,3.0,lang_a,1,,connectivity kitchen
U026901,2026-06-01,central,18-24,4,basic,entry,android,79,85.46,4.0,lang_c,0,I0654,
U026902,2026-06-01,west,35-49,1,basic,entry,android,18,101.74,3.0,lang_a,1,,bags mobile_accessories
U026903,2026-06-01,coastal,18-24,3,plus,entry,android,4,128.51,3.0,lang_a,0,,
U026904,2026-06-01,west,25-34,1,basic,premium,ios,58,101.26,4.0,lang_b,0,I0468 I0479 I0481,audio clothing
U026905,2026-06-01,north,50+,1,premium,mid,ios,46,51.96,,lang_a,1,I0146,
U026906,2026-06-01,central,50+,3,plus,entry,ios,71,92.93,4.0,lang_c,1,I0486 I0963,streaming travel_accessories
U026907,2026-06-01,north,18-24,1,premium,mid,ios,56,35.97,3.0,lang_a,0,,audio clothing
U026908,2026-06-01,south,18-24,3,plus,mid,android,54,173.0,5.0,lang_a,1,I0054 I0084 I0322,local_experiences outdoor
U026909,2026-06-01,coastal,18-24,4,premium,entry,ios,70,130.44,3.0,lang_c,1,,computing furnishings
U026910,2026-06-01,west,25-34,4,basic,mid,android,33,29.95,,lang_a,1,I0052,
U026911,2026-06-01,west,18-24,3,basic,mid,android,21,31.46,4.0,lang_a,1,I0029 I0210 I0228 I0912,
U026912,2026-06-01,central,25-34,3,basic,mid,android,36,53.45,,lang_a,1,I0206 I0223 I0234,footwear streaming
U026913,2026-06-01,north,50+,4,premium,unknown,android,19,22.65,1.0,lang_c,1,,bags outdoor
U026914,2026-06-01,west,35-49,4,plus,premium,android,39,30.52,4.0,lang_c,1,I0103,
U026915,2026-06-01,east,18-24,5,basic,mid,android,49,35.52,3.0,lang_a,1,I0090 I0978 I0986,audio local_experiences
U026916,2026-06-01,south,35-49,4,plus,entry,android,73,34.58,,lang_c,1,I0022 I0255 I0335 I0475 I0506 I0516 I0522 I0533 I0534 I0535,bags kitchen
U026917,2026-06-01,south,18-24,3,plus,entry,ios,38,,4.0,lang_c,0,I0206 I0218 I0219 I0222 I0227 I0229 I0467,furnishings kitchen
U026918,2026-06-01,coastal,18-24,4,basic,entry,ios,77,63.76,3.0,lang_c,1,I0251,
U026919,2026-06-01,west,50+,4,basic,entry,ios,25,37.52,3.0,lang_c,0,I0510 I0556 I0573 I0958 I0968 I0977,fitness learning
U026920,2026-06-01,west,50+,3,plus,mid,android,33,60.37,2.0,lang_c,0,,
U026921,2026-06-01,coastal,25-34,3,plus,mid,android,12,101.84,2.0,lang_a,1,I0510 I0963,kitchen wellness
U026922,2026-06-01,north,25-34,5,plus,mid,android,77,56.34,3.0,lang_b,1,I0261 I0913 I0931,
U026923,2026-06-01,coastal,25-34,3,plus,mid,android,4,69.72,3.0,lang_b,1,I0136 I0157,
U026924,2026-06-01,coastal,25-34,2,basic,mid,android,50,32.2,2.0,lang_b,1,,
U026925,2026-06-01,east,18-24,2,basic,mid,android,1,43.8,2.0,lang_a,1,I0678,delivery home_care
U026926,2026-06-01,east,25-34,5,basic,mid,android,48,,3.0,lang_c,1,,computing fitness
U026927,2026-06-01,east,25-34,2,premium,mid,android,81,44.27,3.0,lang_a,1,I0062 I0078 I0165 I0692,accessories clothing
U026928,2026-06-01,east,25-34,3,basic,entry,ios,14,88.97,,lang_c,0,I0289,
U026929,2026-06-01,central,35-49,1,plus,unknown,android,52,,3.0,lang_a,0,I0163 I0503 I0535,books mobile_accessories
U026930,2026-06-01,coastal,25-34,5,premium,mid,android,46,270.27,3.0,lang_a,1,I0323,audio travel_accessories
U026931,2026-06-01,north,25-34,4,basic,premium,android,64,115.91,3.0,lang_a,1,I0089 I0482,
U026932,2026-06-01,north,25-34,2,premium,mid,android,23,60.85,3.0,lang_b,0,I0532 I0546,bags clothing
U026933,2026-06-01,east,50+,1,basic,unknown,ios,82,27.39,3.0,lang_b,1,I0509 I0943,accessories gaming
U026934,2026-06-01,south,50+,2,plus,mid,android,28,79.86,3.0,lang_b,1,I0986,
U026935,2026-06-01,south,18-24,2,basic,entry,android,52,70.42,1.0,lang_b,0,I0663 I0667,
U026936,2026-06-01,south,35-49,5,plus,premium,android,25,119.91,2.0,lang_b,0,,creative_hobbies home_care
U026937,2026-06-01,south,25-34,2,plus,premium,android,74,157.25,4.0,lang_b,1,I0909 I0929 I0939,audio garden
U026938,2026-06-01,south,25-34,5,premium,premium,ios,35,121.35,1.0,lang_a,1,I0285,footwear furnishings
U026939,2026-06-01,west,35-49,2,basic,unknown,ios,82,55.63,2.0,lang_a,1,,
U026940,2026-06-01,north,50+,2,basic,mid,android,82,52.47,4.0,lang_b,1,I0341 I0933,
U026941,2026-06-01,coastal,35-49,1,plus,mid,android,72,,1.0,lang_b,0,,creative_hobbies wellness
U026942,2026-06-01,west,35-49,2,basic,premium,ios,36,51.49,,lang_b,0,I0218 I0222,
U026943,2026-06-01,central,35-49,1,premium,entry,android,24,56.42,3.0,lang_a,0,,
U026944,2026-06-01,coastal,18-24,4,premium,entry,android,56,18.37,2.0,lang_a,0,I0959 I0970,fitness travel_accessories
U026945,2026-06-01,west,25-34,2,plus,entry,android,34,170.08,2.0,lang_a,0,I0053 I0075 I0082,
U026946,2026-06-01,north,50+,1,basic,entry,android,77,33.97,3.0,lang_a,1,,books footwear
U026947,2026-06-01,north,35-49,2,premium,entry,android,15,57.2,4.0,lang_a,1,I0264 I0273 I0527,bags connectivity
U026948,2026-06-01,central,50+,1,plus,mid,android,19,28.11,3.0,lang_b,1,I0222 I0655,
U026949,2026-06-01,south,25-34,3,plus,entry,ios,10,,4.0,lang_a,1,I0244 I0903 I0913,outdoor travel_accessories
U026950,2026-06-01,east,35-49,4,plus,premium,android,29,126.13,2.0,lang_a,1,,footwear local_experiences
U026951,2026-06-01,central,18-24,1,plus,entry,ios,18,383.97,2.0,lang_a,1,I0066 I0530,bags smart_devices
U026952,2026-06-01,east,18-24,4,basic,mid,android,63,23.68,3.0,lang_a,0,I0863 I0866 I0873 I0882,
U026953,2026-06-01,west,50+,2,premium,premium,android,22,146.8,2.0,lang_a,1,,delivery home_care
U026954,2026-06-01,east,25-34,2,plus,entry,ios,55,27.72,2.0,lang_b,0,I0076 I0087,computing streaming
U026955,2026-06-01,north,50+,2,basic,premium,android,69,150.91,3.0,lang_a,0,I0088 I0331 I0579 I0677 I0679,audio wellness
U026956,2026-06-01,coastal,25-34,1,plus,entry,android,37,22.98,3.0,lang_b,0,,bags books
U026957,2026-06-01,east,50+,5,premium,premium,android,80,45.84,3.0,lang_c,1,,creative_hobbies local_experiences
U026958,2026-06-01,north,35-49,5,plus,premium,ios,72,45.41,3.0,lang_c,0,I0457,accessories smart_devices
U026959,2026-06-01,north,18-24,5,basic,mid,android,57,33.3,4.0,lang_b,0,I0222 I0225 I0227 I0228,bags home_care
U026960,2026-06-01,east,50+,2,basic,entry,android,54,52.15,,lang_b,1,I0951 I0987,
U026961,2026-06-01,central,18-24,5,plus,entry,ios,4,68.81,3.0,lang_a,1,I0302 I0321 I0329 I0341,connectivity travel_accessories
U026962,2026-06-01,coastal,25-34,2,plus,mid,android,75,,1.0,lang_a,1,,creative_hobbies smart_devices
U026963,2026-06-01,central,18-24,5,basic,premium,android,21,54.75,4.0,lang_b,0,,footwear streaming
U026964,2026-06-01,north,25-34,4,plus,mid,ios,54,95.03,3.0,lang_c,1,,
U026965,2026-06-01,east,50+,1,basic,unknown,android,10,131.84,3.0,lang_b,1,,
U026966,2026-06-01,central,35-49,4,basic,entry,ios,55,41.45,3.0,lang_a,0,I0462 I0851 I0961 I0964 I0967 I0970 I0977 I0980,furnishings local_experiences
U026967,2026-06-01,west,50+,3,plus,entry,ios,55,,5.0,lang_b,1,I0037 I0052 I0059 I0063 I0065 I0073 I0083 I0091 I0098 I0260 I0313 I0522 I0542 I0570 I0904 I0906 I0930 I0936 I0964 I0988,computing mobile_accessories
U026968,2026-06-01,central,18-24,5,plus,entry,ios,69,88.02,4.0,lang_a,1,,
U026969,2026-06-01,south,25-34,3,basic,premium,ios,58,39.79,3.0,lang_c,0,,
U026970,2026-06-01,east,50+,3,basic,premium,android,57,107.5,3.0,lang_c,1,I0678,
U026971,2026-06-01,central,50+,4,basic,entry,ios,75,24.44,4.0,lang_b,0,,books wellness
U026972,2026-06-01,north,25-34,3,plus,mid,android,55,87.83,,lang_b,1,,books garden
U026973,2026-06-01,north,35-49,3,basic,unknown,ios,38,162.35,3.0,lang_c,0,,connectivity streaming
U026974,2026-06-01,west,18-24,2,plus,premium,ios,37,28.13,4.0,lang_c,1,,
U026975,2026-06-01,north,25-34,3,basic,mid,android,8,98.35,4.0,lang_b,1,I0308,garden smart_devices
U026976,2026-06-01,east,25-34,4,plus,premium,ios,26,78.36,4.0,lang_b,1,I0139 I0904,fitness local_experiences
U026977,2026-06-01,north,35-49,2,basic,entry,ios,7,,3.0,lang_a,1,I0189 I0913,computing furnishings
U026978,2026-06-01,north,35-49,4,basic,entry,android,54,65.36,4.0,lang_c,1,,
U026979,2026-06-01,coastal,25-34,4,basic,mid,ios,77,79.49,5.0,lang_c,1,I0933,
U026980,2026-06-01,central,35-49,5,plus,mid,android,72,59.07,3.0,lang_a,1,I0319,
U026981,2026-06-01,west,18-24,1,premium,premium,ios,35,44.36,4.0,lang_b,1,I0674,clothing garden
U026982,2026-06-01,coastal,50+,1,basic,entry,android,13,105.48,3.0,lang_a,0,,
U026983,2026-06-01,south,25-34,5,plus,entry,ios,70,89.64,3.0,lang_b,1,I0253 I0271 I0279 I0518,bags learning
U026984,2026-06-01,east,18-24,4,plus,mid,ios,82,103.94,,lang_a,0,I0290 I0869,
U026985,2026-06-01,coastal,35-49,5,basic,entry,ios,44,66.26,3.0,lang_c,1,,audio furnishings
U026986,2026-06-01,west,50+,5,basic,entry,android,60,33.75,2.0,lang_a,0,,
U026987,2026-06-01,north,50+,1,basic,mid,android,78,72.21,3.0,lang_b,1,I0499 I0884,bags outdoor
U026988,2026-06-01,south,18-24,5,basic,entry,ios,72,25.83,4.0,lang_c,0,I0118 I0488,bags delivery
U026989,2026-06-01,coastal,50+,4,basic,premium,android,60,113.54,,lang_b,1,,books local_experiences
U026990,2026-06-01,east,18-24,2,basic,mid,android,17,212.16,4.0,lang_b,1,I0022,
U026991,2026-06-01,east,35-49,1,basic,mid,ios,8,61.06,4.0,lang_c,0,,
U026992,2026-06-01,coastal,50+,3,basic,premium,android,68,50.4,2.0,lang_a,0,,
U026993,2026-06-01,south,18-24,4,premium,entry,android,23,20.45,1.0,lang_a,1,,books clothing
U026994,2026-06-01,west,50+,4,plus,mid,android,81,126.93,3.0,lang_b,0,,
U026995,2026-06-01,north,50+,1,basic,mid,android,33,93.88,2.0,lang_c,0,I0967,books creative_hobbies
U026996,2026-06-01,east,35-49,4,basic,entry,android,9,109.61,2.0,lang_c,0,I0322 I0515,
U026997,2026-06-01,coastal,35-49,4,basic,mid,android,15,103.74,3.0,lang_a,1,,local_experiences wellness
U026998,2026-06-01,south,50+,1,basic,mid,ios,3,14.95,3.0,lang_a,1,I0867,
U026999,2026-06-01,central,25-34,5,basic,mid,android,46,98.04,2.0,lang_c,0,I0167 I0180 I0194 I0325 I0661 I0677 I0686,clothing learning
U027000,2026-06-01,north,50+,5,basic,entry,android,47,58.51,3.0,lang_c,0,,
U027001,2026-06-01,north,25-34,4,basic,mid,android,27,51.76,3.0,lang_c,1,I0348 I0658 I0934,footwear gaming
U027002,2026-06-01,north,25-34,2,premium,entry,ios,2,50.59,,lang_c,0,,
U027003,2026-06-01,east,50+,5,premium,mid,android,48,96.96,3.0,lang_b,1,I0459,
U027004,2026-06-01,north,50+,5,plus,mid,ios,55,96.11,1.0,lang_b,1,I0104 I0106 I0114 I0118 I0119 I0121 I0142 I0337 I0341 I0678 I0686,
U027005,2026-06-01,central,18-24,3,plus,mid,android,34,34.41,4.0,lang_a,0,,
U027006,2026-06-01,north,25-34,5,basic,entry,android,7,94.94,4.0,lang_a,1,,home_care streaming
U027007,2026-06-01,north,25-34,4,basic,mid,ios,73,40.2,3.0,lang_c,1,,
U027008,2026-06-01,coastal,18-24,5,basic,premium,android,12,59.24,3.0,lang_a,1,I0027 I0033 I0039 I0119 I0202,
U027009,2026-06-01,coastal,25-34,5,premium,premium,android,48,29.83,,lang_b,0,I0252 I0302 I0330 I0656,clothing home_care
U027010,2026-06-01,coastal,35-49,4,basic,entry,android,77,83.63,3.0,lang_c,1,I0325,gaming streaming
U027011,2026-06-01,south,35-49,3,basic,premium,ios,63,69.75,2.0,lang_b,0,I0470 I0510,footwear travel_accessories
U027012,2026-06-01,north,25-34,2,basic,mid,ios,59,28.58,4.0,lang_b,1,I0326 I0349,
U027013,2026-06-01,north,25-34,4,basic,mid,android,59,34.82,1.0,lang_c,1,I0310 I0332 I0482 I0583 I0917 I0931,
U027014,2026-06-01,west,18-24,4,basic,mid,ios,54,43.35,3.0,lang_c,1,,audio home_care
U027015,2026-06-01,east,25-34,1,premium,premium,android,56,52.33,3.0,lang_a,0,I0069 I0072 I0075 I0083 I0583 I0959 I0971 I0978,fitness local_experiences
U027016,2026-06-01,coastal,25-34,2,plus,mid,android,36,40.13,3.0,lang_c,0,,connectivity gaming
U027017,2026-06-01,west,35-49,4,basic,mid,ios,37,31.1,2.0,lang_c,1,I0193 I0244 I0302 I0307 I0315 I0336 I0348,kitchen smart_devices
U027018,2026-06-01,south,25-34,1,basic,entry,android,52,55.01,4.0,lang_a,1,,
U027019,2026-06-01,east,25-34,3,basic,mid,ios,24,59.53,2.0,lang_c,1,I0069 I0452 I0456 I0463 I0466 I0478 I0481 I0490 I0491,connectivity footwear
U027020,2026-06-01,south,18-24,5,plus,mid,android,41,206.78,3.0,lang_b,1,I0852 I0872 I0879 I0892,accessories books
U027021,2026-06-01,coastal,35-49,3,plus,entry,android,32,,3.0,lang_a,0,,
U027022,2026-06-01,south,35-49,2,basic,mid,android,69,67.07,3.0,lang_a,1,,books clothing
U027023,2026-06-01,west,18-24,3,premium,mid,android,26,53.27,,lang_b,0,I0049 I0912,clothing learning
U027024,2026-06-01,west,35-49,2,basic,premium,android,22,70.96,2.0,lang_b,1,I0118 I0127 I0310 I0316 I0322 I0339 I0345 I0346 I0689,
U027025,2026-06-01,west,18-24,2,basic,mid,ios,2,28.51,3.0,lang_c,1,I0671,
U027026,2026-06-01,south,35-49,4,plus,premium,android,1,23.12,2.0,lang_a,1,I0455,
U027027,2026-06-01,east,25-34,2,basic,mid,android,67,83.57,3.0,lang_c,0,,creative_hobbies wellness
U027028,2026-06-01,west,50+,1,basic,mid,android,6,42.04,3.0,lang_b,1,I0207 I0234,furnishings kitchen
U027029,2026-06-01,north,18-24,1,basic,premium,android,61,29.0,,lang_a,1,,fitness travel_accessories
U027030,2026-06-01,central,50+,1,basic,premium,android,52,42.34,1.0,lang_b,1,I0316,mobile_accessories travel_accessories
U027031,2026-06-01,south,35-49,4,basic,entry,ios,72,76.53,2.0,lang_c,0,I0112,
U027032,2026-06-01,central,50+,5,basic,premium,android,46,85.0,3.0,lang_b,1,,
U027033,2026-06-01,north,18-24,4,basic,mid,ios,25,23.04,4.0,lang_a,0,I0052 I0955 I0958 I0961 I0966 I0968 I0972 I0978 I0979 I0986 I0987,fitness learning
U027034,2026-06-01,south,25-34,1,plus,mid,ios,67,,1.0,lang_b,1,,delivery furnishings
U027035,2026-06-01,south,50+,1,plus,premium,android,72,91.52,3.0,lang_a,0,,
U027036,2026-06-01,south,18-24,5,basic,mid,android,33,52.77,3.0,lang_c,0,I0951,accessories creative_hobbies
U027037,2026-06-01,coastal,18-24,1,basic,entry,ios,55,112.84,2.0,lang_b,1,,
U027038,2026-06-01,east,35-49,3,basic,entry,android,81,122.31,2.0,lang_a,1,I0580,accessories delivery
U027039,2026-06-01,south,18-24,4,plus,unknown,android,82,,4.0,lang_b,0,I0054 I0059 I0253 I0538,computing kitchen
U027040,2026-06-01,central,18-24,5,basic,mid,android,36,51.39,3.0,lang_a,1,I0153 I0261,furnishings kitchen
U027041,2026-06-01,north,35-49,1,basic,premium,ios,28,240.93,3.0,lang_a,0,I0537 I0557 I0562 I0567 I0583 I0589 I0590,
U027042,2026-06-01,north,18-24,3,basic,mid,android,41,93.85,4.0,lang_c,1,I0014 I0106 I0131 I0968,learning travel_accessories
U027043,2026-06-01,east,50+,3,basic,premium,android,72,86.03,2.0,lang_c,1,I0523,
U027044,2026-06-01,central,25-34,5,basic,entry,android,74,32.5,4.0,lang_c,0,I0937 I0938,
U027045,2026-06-01,south,25-34,5,plus,premium,ios,59,35.01,3.0,lang_b,0,I0272 I0279 I0280 I0474 I0480,creative_hobbies furnishings
U027046,2026-06-01,south,18-24,2,premium,mid,ios,22,94.73,3.0,lang_b,1,,
U027047,2026-06-01,west,50+,2,basic,premium,ios,57,35.53,,lang_c,1,,mobile_accessories smart_devices
U027048,2026-06-01,north,35-49,3,basic,entry,android,52,73.63,4.0,lang_c,1,,
U027049,2026-06-01,central,25-34,5,premium,premium,ios,14,51.79,3.0,lang_a,0,I0686,
U027050,2026-06-01,east,25-34,5,premium,premium,ios,54,25.81,4.0,lang_c,0,I0200 I0231 I0234 I0247 I0466,furnishings kitchen
U027051,2026-06-01,east,35-49,2,plus,mid,ios,26,25.03,3.0,lang_b,1,I0003 I0488 I0566,connectivity gaming
U027052,2026-06-01,south,25-34,2,plus,mid,android,23,,3.0,lang_a,0,I0453,kitchen outdoor
U027053,2026-06-01,central,18-24,2,plus,premium,android,42,,2.0,lang_b,1,,
U027054,2026-06-01,west,35-49,2,plus,mid,android,28,,4.0,lang_a,1,I0960,
U027055,2026-06-01,north,25-34,2,basic,premium,ios,31,66.6,3.0,lang_a,1,,audio garden
U027056,2026-06-01,coastal,25-34,4,plus,entry,android,71,,4.0,lang_b,1,,books connectivity
U027057,2026-06-01,east,25-34,1,premium,entry,ios,14,81.43,3.0,lang_c,1,,
U027058,2026-06-01,east,25-34,3,basic,mid,ios,43,28.64,,lang_b,1,I0548 I0864,audio books
U027059,2026-06-01,coastal,35-49,2,basic,mid,android,15,120.93,,lang_b,1,,
U027060,2026-06-01,coastal,50+,5,basic,entry,ios,44,40.82,2.0,lang_a,1,I0556 I0867 I0889,accessories audio
U027061,2026-06-01,east,35-49,3,basic,mid,android,21,196.19,2.0,lang_b,1,I0305,
U027062,2026-06-01,coastal,35-49,2,plus,mid,ios,7,75.11,4.0,lang_c,0,I0901 I0913,kitchen travel_accessories
U027063,2026-06-01,east,50+,1,premium,mid,android,71,18.36,,lang_b,0,I0881 I0895,books local_experiences
U027064,2026-06-01,central,25-34,1,basic,entry,ios,19,149.23,,lang_c,1,I0342,
U027065,2026-06-01,north,18-24,5,basic,mid,android,79,112.97,4.0,lang_c,1,I0513,delivery garden
U027066,2026-06-01,coastal,18-24,5,basic,entry,android,82,27.23,3.0,lang_a,1,I0533,audio connectivity
U027067,2026-06-01,central,35-49,4,basic,entry,ios,12,107.15,3.0,lang_a,0,I0693,footwear home_care
U027068,2026-06-01,south,50+,3,basic,mid,android,28,36.36,4.0,lang_a,1,I0904 I0905,streaming travel_accessories
U027069,2026-06-01,west,35-49,3,basic,entry,android,51,86.1,4.0,lang_b,0,I0512,bags creative_hobbies
U027070,2026-06-01,coastal,18-24,3,premium,premium,ios,46,126.36,3.0,lang_b,1,I0151,books furnishings
U027071,2026-06-01,south,35-49,4,plus,mid,android,15,33.31,3.0,lang_c,0,,audio creative_hobbies
U027072,2026-06-01,central,18-24,2,basic,entry,android,20,118.03,,lang_c,1,I0548,
U027073,2026-06-01,east,50+,1,plus,mid,ios,48,91.12,3.0,lang_b,1,I0129 I0139,furnishings mobile_accessories
U027074,2026-06-01,north,25-34,4,basic,unknown,android,25,30.54,2.0,lang_c,0,,
U027075,2026-06-01,south,18-24,4,plus,mid,android,36,38.82,2.0,lang_a,1,I0877 I0883,computing kitchen
U027076,2026-06-01,east,25-34,5,basic,mid,ios,19,45.64,3.0,lang_a,1,I0502 I0531 I0906,
U027077,2026-06-01,west,50+,1,basic,unknown,android,82,100.18,,lang_a,1,I0516,computing home_care
U027078,2026-06-01,central,18-24,5,basic,entry,android,11,49.81,4.0,lang_b,1,I0089,
U027079,2026-06-01,east,35-49,3,basic,entry,android,73,38.48,4.0,lang_c,1,,kitchen local_experiences
U027080,2026-06-01,west,18-24,2,basic,premium,android,68,61.71,3.0,lang_a,0,,delivery furnishings
U027081,2026-06-01,south,35-49,1,basic,premium,android,1,52.99,2.0,lang_b,0,I0213 I0216 I0221 I0225 I0226 I0241 I0521 I0557,
U027082,2026-06-01,west,50+,5,basic,entry,android,72,123.23,2.0,lang_b,1,,clothing local_experiences
U027083,2026-06-01,east,50+,3,basic,mid,android,73,,4.0,lang_b,1,I0055 I0058 I0062 I0088 I0550 I0902 I0904 I0906 I0910 I0911 I0933,creative_hobbies travel_accessories
U027084,2026-06-01,central,35-49,3,plus,mid,android,26,119.62,3.0,lang_c,1,,books garden
U027085,2026-06-01,coastal,35-49,3,basic,premium,ios,38,91.41,,lang_b,0,I0556 I0593,
U027086,2026-06-01,east,25-34,2,premium,mid,android,67,138.48,4.0,lang_a,1,I0114 I0119 I0143,books furnishings
U027087,2026-06-01,west,18-24,5,plus,premium,ios,77,145.02,3.0,lang_c,1,I0469,
U027088,2026-06-01,south,50+,3,basic,mid,ios,4,101.6,3.0,lang_c,0,I0287 I0572 I0972,
U027089,2026-06-01,north,18-24,3,basic,mid,android,46,,1.0,lang_c,0,,
U027090,2026-06-01,east,50+,4,premium,entry,ios,76,63.96,4.0,lang_b,0,,
U027091,2026-06-01,north,35-49,2,basic,premium,ios,43,34.97,3.0,lang_a,1,I0901 I0902 I0912 I0922 I0931 I0933,
U027092,2026-06-01,east,18-24,2,premium,mid,ios,15,,,lang_c,0,I0253,clothing gaming
U027093,2026-06-01,east,35-49,4,premium,premium,android,62,,2.0,lang_a,0,I0051 I0070 I0475 I0482 I0491,
U027094,2026-06-01,coastal,35-49,3,plus,premium,android,21,63.63,4.0,lang_b,1,I0252 I0323 I0342,
U027095,2026-06-01,south,18-24,5,plus,premium,ios,27,38.74,4.0,lang_a,1,I0509 I0519,mobile_accessories travel_accessories
U027096,2026-06-01,coastal,50+,3,basic,mid,ios,84,156.73,2.0,lang_b,1,,books furnishings
U027097,2026-06-01,east,18-24,1,basic,premium,android,47,75.04,4.0,lang_b,0,I0452 I0518 I0524,delivery kitchen
U027098,2026-06-01,coastal,18-24,5,plus,mid,android,9,23.36,3.0,lang_a,1,I0015,audio books
U027099,2026-06-01,east,25-34,5,plus,premium,android,14,48.86,2.0,lang_a,1,I0230 I0341,
U027100,2026-06-01,east,35-49,4,plus,mid,android,70,74.9,3.0,lang_b,0,I0958 I0973 I0986 I0994,creative_hobbies wellness
U027101,2026-06-01,central,25-34,5,basic,premium,android,75,85.0,4.0,lang_a,0,,bags clothing
U027102,2026-06-01,south,25-34,4,basic,premium,android,4,148.55,4.0,lang_a,0,I0008 I0894,
U027103,2026-06-01,south,25-34,5,plus,entry,ios,43,41.02,2.0,lang_c,0,,audio travel_accessories
U027104,2026-06-01,south,50+,2,basic,premium,android,38,80.64,3.0,lang_b,0,,connectivity learning
U027105,2026-06-01,east,25-34,3,plus,entry,android,19,30.6,4.0,lang_a,0,,accessories mobile_accessories
U027106,2026-06-01,west,50+,3,premium,mid,ios,67,53.02,2.0,lang_a,1,I0042 I0229 I0247 I0906,accessories mobile_accessories
U027107,2026-06-01,central,50+,5,plus,premium,android,39,43.43,3.0,lang_a,0,I0679,
U027108,2026-06-01,west,50+,1,basic,entry,android,76,67.88,2.0,lang_c,1,,
U027109,2026-06-01,east,25-34,1,plus,entry,android,4,36.4,,lang_a,1,,
U027110,2026-06-01,central,35-49,2,plus,mid,ios,61,50.6,2.0,lang_c,1,I0451 I0556 I0575 I0582 I0691,connectivity streaming
U027111,2026-06-01,coastal,35-49,2,plus,mid,ios,9,46.7,3.0,lang_b,1,I0270 I0651 I0667,books gaming
U027112,2026-06-01,south,25-34,3,basic,entry,android,72,43.76,3.0,lang_c,0,I0455 I0660,home_care travel_accessories
U027113,2026-06-01,north,35-49,3,basic,premium,ios,30,83.29,4.0,lang_b,1,I0279,connectivity kitchen
U027114,2026-06-01,south,25-34,3,plus,mid,ios,4,146.44,2.0,lang_b,0,I0111,accessories bags
U027115,2026-06-01,south,25-34,1,basic,mid,ios,70,19.55,4.0,lang_a,1,I0659,furnishings learning
U027116,2026-06-01,coastal,25-34,2,plus,entry,ios,18,30.21,3.0,lang_c,1,,
U027117,2026-06-01,west,25-34,5,plus,mid,android,53,43.86,,lang_c,0,I0267 I0295 I0536 I0875 I0912 I0934,
U027118,2026-06-01,north,35-49,2,plus,mid,android,71,147.5,2.0,lang_c,1,,
U027119,2026-06-01,central,50+,1,basic,mid,ios,48,,2.0,lang_c,0,I0861 I0867,
U027120,2026-06-01,coastal,50+,2,basic,entry,android,10,65.64,5.0,lang_c,1,I0694,
U027121,2026-06-01,east,35-49,5,premium,entry,android,81,62.97,2.0,lang_b,0,,connectivity learning
U027122,2026-06-01,north,18-24,5,basic,entry,ios,49,92.33,3.0,lang_a,1,I0085 I0583,
U027123,2026-06-01,west,18-24,5,plus,premium,android,37,39.17,4.0,lang_c,1,I0264,furnishings garden
U027124,2026-06-01,central,35-49,1,plus,entry,android,38,240.06,3.0,lang_c,1,,
U027125,2026-06-01,south,18-24,2,basic,mid,android,29,207.16,4.0,lang_b,0,I0014 I0215 I0480,
U027126,2026-06-01,south,18-24,4,plus,unknown,android,58,43.81,4.0,lang_c,0,I0552,connectivity furnishings
U027127,2026-06-01,east,25-34,2,premium,premium,ios,25,64.94,3.0,lang_a,0,I0149 I0867,
U027128,2026-06-01,north,18-24,4,basic,premium,android,67,,3.0,lang_a,1,,
U027129,2026-06-01,north,25-34,2,plus,entry,android,28,222.61,2.0,lang_b,0,,books mobile_accessories
U027130,2026-06-01,west,25-34,1,premium,premium,ios,4,43.9,4.0,lang_c,0,,connectivity outdoor
U027131,2026-06-01,central,50+,4,premium,mid,ios,69,33.06,3.0,lang_a,1,I0139 I0341 I0451 I0466 I0471 I0479 I0499,
U027132,2026-06-01,central,35-49,4,plus,mid,ios,21,128.3,2.0,lang_c,0,I0022,clothing delivery
U027133,2026-06-01,central,50+,5,premium,entry,android,59,57.69,4.0,lang_b,0,I0048 I0065 I0510 I0653 I0957,mobile_accessories travel_accessories
U027134,2026-06-01,central,18-24,2,premium,entry,android,11,50.0,4.0,lang_b,1,I0074 I0244,footwear learning
U027135,2026-06-01,north,25-34,5,basic,premium,ios,11,172.53,,lang_b,1,,creative_hobbies delivery
U027136,2026-06-01,coastal,50+,1,basic,entry,android,21,47.06,,lang_b,0,I0893,
U027137,2026-06-01,east,35-49,3,basic,entry,android,79,,2.0,lang_c,1,,creative_hobbies outdoor
U027138,2026-06-01,north,25-34,4,premium,entry,ios,59,65.16,5.0,lang_a,1,I0550,
U027139,2026-06-01,central,35-49,4,basic,premium,ios,13,44.82,3.0,lang_c,1,I0488,
U027140,2026-06-01,central,50+,1,basic,entry,android,1,91.47,2.0,lang_c,1,I0918 I0926 I0933 I0936 I0966,bags travel_accessories
U027141,2026-06-01,north,25-34,4,basic,mid,android,30,111.98,3.0,lang_c,1,I0466 I0889 I0898,
U027142,2026-06-01,south,25-34,5,basic,unknown,android,57,124.05,2.0,lang_a,1,I0951,
U027143,2026-06-01,coastal,50+,4,basic,mid,android,36,31.89,4.0,lang_c,1,,local_experiences outdoor
U027144,2026-06-01,east,35-49,2,plus,mid,ios,69,103.81,2.0,lang_a,0,I0209 I0288 I0294 I0502 I0541,bags learning
U027145,2026-06-01,west,50+,2,basic,premium,ios,51,53.22,3.0,lang_a,0,I0460 I0486,fitness garden
U027146,2026-06-01,north,35-49,1,plus,entry,android,13,83.9,4.0,lang_c,1,I0129 I0208 I0218 I0244 I0876,
U027147,2026-06-01,coastal,35-49,2,premium,premium,android,77,52.97,2.0,lang_b,1,,
U027148,2026-06-01,south,18-24,3,plus,entry,android,59,41.76,3.0,lang_a,0,,creative_hobbies kitchen
U027149,2026-06-01,south,35-49,3,basic,entry,ios,45,42.82,3.0,lang_b,0,,clothing footwear
U027150,2026-06-01,west,50+,1,basic,mid,android,58,157.48,4.0,lang_c,1,,connectivity creative_hobbies
U027151,2026-06-01,north,25-34,1,premium,premium,android,77,105.21,2.0,lang_a,1,I0134 I0157 I0502 I0972,
U027152,2026-06-01,south,18-24,1,basic,mid,ios,66,20.7,4.0,lang_b,0,I0980,
U027153,2026-06-01,east,50+,3,basic,premium,android,34,20.4,5.0,lang_a,1,I0307 I0329 I0904 I0913 I0921,
U027154,2026-06-01,south,25-34,5,basic,premium,ios,72,84.15,,lang_c,0,I0015 I0026 I0044 I0152 I0583,
U027155,2026-06-01,coastal,25-34,1,basic,entry,android,82,,4.0,lang_c,1,I0542 I0958,books fitness
U027156,2026-06-01,north,25-34,4,basic,mid,ios,10,35.81,3.0,lang_b,1,I0585 I0936,home_care travel_accessories
U027157,2026-06-01,east,50+,4,basic,entry,ios,12,52.23,1.0,lang_c,0,I0020 I0030 I0032 I0661 I0911,
U027158,2026-06-01,coastal,18-24,2,basic,premium,android,14,93.66,2.0,lang_c,0,I0054 I0057 I0065 I0070 I0075 I0086 I0301,
U027159,2026-06-01,coastal,18-24,3,plus,premium,android,45,77.36,,lang_b,1,,clothing learning
U027160,2026-06-01,north,35-49,2,plus,mid,android,9,39.35,3.0,lang_c,1,I0016,audio gaming
U027161,2026-06-01,west,35-49,5,plus,mid,ios,16,57.49,4.0,lang_a,1,I0466 I0955 I0972,
U027162,2026-06-01,south,35-49,3,plus,mid,android,69,78.75,4.0,lang_a,1,,mobile_accessories outdoor
U027163,2026-06-01,coastal,18-24,5,basic,mid,android,45,144.96,1.0,lang_a,0,,connectivity mobile_accessories
U027164,2026-06-01,west,18-24,2,plus,mid,android,36,27.37,,lang_b,1,,
U027165,2026-06-01,east,35-49,1,basic,premium,android,16,50.58,3.0,lang_c,1,,
U027166,2026-06-01,central,25-34,1,basic,mid,android,10,56.06,3.0,lang_b,1,I0328,creative_hobbies kitchen
U027167,2026-06-01,east,25-34,3,plus,mid,android,34,66.48,3.0,lang_a,0,I0861 I0986,creative_hobbies outdoor
U027168,2026-06-01,west,35-49,2,plus,mid,ios,43,42.42,5.0,lang_b,0,I0872,creative_hobbies home_care
U027169,2026-06-01,central,25-34,4,basic,mid,ios,9,17.25,4.0,lang_a,1,I0309,computing streaming
U027170,2026-06-01,east,35-49,1,plus,premium,android,64,38.92,2.0,lang_a,1,,clothing smart_devices
U027171,2026-06-01,east,18-24,2,basic,mid,android,75,123.06,3.0,lang_a,0,,
U027172,2026-06-01,central,18-24,3,basic,mid,android,74,48.22,1.0,lang_c,0,I0263 I0276,furnishings wellness
U027173,2026-06-01,north,50+,3,basic,entry,android,47,24.7,1.0,lang_a,1,I0651,delivery wellness
U027174,2026-06-01,central,35-49,4,plus,premium,android,36,73.74,4.0,lang_c,1,I0230 I0523 I0964,
U027175,2026-06-01,north,50+,4,plus,mid,android,19,67.69,3.0,lang_c,1,I0022 I0072 I0484 I0537,furnishings learning
U027176,2026-06-01,central,25-34,3,basic,mid,android,9,39.38,4.0,lang_a,1,,home_care streaming
U027177,2026-06-01,coastal,35-49,1,plus,mid,ios,33,,4.0,lang_b,1,,
U027178,2026-06-01,west,35-49,1,basic,entry,android,49,36.76,2.0,lang_c,1,I0852,clothing outdoor
U027179,2026-06-01,coastal,50+,1,basic,mid,android,70,21.55,4.0,lang_b,1,,delivery learning
U027180,2026-06-01,west,50+,5,premium,mid,android,76,,3.0,lang_a,0,,garden wellness
U027181,2026-06-01,east,18-24,3,plus,entry,ios,62,41.4,,lang_c,0,I0006,audio smart_devices
U027182,2026-06-01,central,25-34,4,basic,mid,android,24,69.64,3.0,lang_a,1,I0650,
U027183,2026-06-01,coastal,50+,2,basic,mid,ios,24,52.25,2.0,lang_c,1,I0951 I0971 I0978,
U027184,2026-06-01,central,18-24,4,basic,premium,android,66,79.84,3.0,lang_c,1,I0981 I0982 I0986 I0987 I0994,
U027185,2026-06-01,coastal,18-24,4,basic,mid,android,72,23.98,3.0,lang_a,0,I0556 I0577 I0898 I0940,accessories streaming
U027186,2026-06-01,west,25-34,2,plus,entry,android,6,194.33,,lang_b,1,I0663,
U027187,2026-06-01,coastal,18-24,1,plus,premium,android,40,64.82,3.0,lang_a,1,I0163,local_experiences smart_devices
U027188,2026-06-01,coastal,25-34,4,basic,mid,ios,77,51.26,2.0,lang_b,1,I0521 I0577,books kitchen
U027189,2026-06-01,west,50+,1,basic,mid,ios,42,,4.0,lang_b,1,,
U027190,2026-06-01,east,35-49,3,premium,entry,ios,49,85.52,2.0,lang_b,0,,clothing wellness
U027191,2026-06-01,south,18-24,4,premium,mid,android,61,57.53,3.0,lang_c,1,I0060 I0259,computing furnishings
U027192,2026-06-01,west,35-49,3,basic,mid,android,25,87.05,3.0,lang_b,0,I0121 I0147 I0958 I0967 I0982,delivery fitness
U027193,2026-06-01,south,25-34,2,basic,mid,ios,62,58.07,,lang_b,1,I0054 I0114 I0263 I0279,
U027194,2026-06-01,west,50+,2,basic,mid,ios,70,66.73,,lang_a,1,,
U027195,2026-06-01,central,50+,1,plus,premium,android,42,16.05,2.0,lang_c,1,I0060 I0872,audio home_care
U027196,2026-06-01,coastal,35-49,5,plus,mid,android,45,,2.0,lang_b,0,I0056 I0653 I0662,
U027197,2026-06-01,south,18-24,2,plus,entry,android,58,104.23,,lang_c,1,,
U027198,2026-06-01,coastal,18-24,4,basic,premium,android,55,32.96,3.0,lang_a,1,I0153 I0258,computing furnishings
U027199,2026-06-01,west,25-34,3,plus,entry,ios,32,28.59,4.0,lang_c,1,I0551,garden mobile_accessories
U027200,2026-06-01,north,25-34,2,basic,mid,ios,26,67.41,4.0,lang_b,1,I0185 I0243 I0694 I0892 I0902 I0906 I0907 I0922 I0943,gaming outdoor
U027201,2026-06-01,west,50+,1,basic,mid,ios,54,72.69,4.0,lang_c,0,I0067,computing home_care
U027202,2026-06-01,coastal,18-24,1,plus,mid,ios,19,38.3,4.0,lang_b,0,I0346 I0578 I0592 I0963,clothing footwear
U027203,2026-06-01,central,25-34,4,plus,premium,ios,54,396.37,2.0,lang_c,1,I0114,kitchen local_experiences
U027204,2026-06-01,coastal,18-24,5,basic,mid,android,54,25.49,2.0,lang_b,0,I0216 I0257,
U027205,2026-06-01,central,50+,4,plus,premium,android,3,26.67,,lang_a,0,I0051 I0056 I0086 I0091 I0461 I0872,computing outdoor
U027206,2026-06-01,north,35-49,3,plus,entry,ios,28,80.0,4.0,lang_a,1,,
U027207,2026-06-01,west,18-24,5,basic,entry,android,12,,4.0,lang_c,0,I0294,
U027208,2026-06-01,west,25-34,2,plus,mid,ios,24,15.85,2.0,lang_b,0,,
U027209,2026-06-01,north,50+,1,basic,mid,ios,36,78.89,2.0,lang_c,0,I0061,
U027210,2026-06-01,west,25-34,2,plus,entry,android,21,44.44,2.0,lang_a,0,,delivery learning
U027211,2026-06-01,west,25-34,5,premium,entry,android,38,102.2,4.0,lang_a,1,I0867,audio kitchen
U027212,2026-06-01,central,50+,3,basic,mid,android,60,61.44,4.0,lang_a,1,,
U027213,2026-06-01,south,35-49,1,plus,mid,android,32,108.91,,lang_b,1,I0309 I0334 I0338,learning outdoor
U027214,2026-06-01,south,25-34,1,premium,premium,android,25,46.8,2.0,lang_b,1,I0092 I0267 I0906 I0909 I0917 I0920 I0940 I0945,local_experiences travel_accessories
U027215,2026-06-01,east,50+,3,basic,mid,android,61,70.25,4.0,lang_b,1,I0158 I0163,smart_devices travel_accessories
U027216,2026-06-01,north,18-24,4,basic,premium,android,40,27.08,3.0,lang_c,0,,outdoor streaming
U027217,2026-06-01,central,18-24,5,basic,mid,ios,75,58.07,2.0,lang_b,1,I0216,kitchen learning
U027218,2026-06-01,coastal,25-34,2,basic,mid,android,70,63.7,5.0,lang_b,0,I0260 I0507 I0679 I0683,gaming streaming
U027219,2026-06-01,central,18-24,4,basic,mid,android,68,51.98,3.0,lang_b,1,I0184,books delivery
U027220,2026-06-01,central,18-24,2,basic,mid,android,36,67.26,2.0,lang_c,1,I0000 I0008 I0024 I0685,audio outdoor
U027221,2026-06-01,south,25-34,3,basic,entry,android,38,12.32,2.0,lang_c,0,,creative_hobbies home_care
U027222,2026-06-01,north,18-24,2,premium,mid,android,76,32.39,1.0,lang_a,1,I0163 I0955 I0958 I0967 I0970 I0990,
U027223,2026-06-01,west,35-49,1,premium,premium,android,53,130.65,4.0,lang_c,1,I0223,
U027224,2026-06-01,south,50+,5,basic,entry,android,16,41.02,4.0,lang_a,0,I0154,clothing travel_accessories
U027225,2026-06-01,central,50+,2,basic,mid,ios,53,33.75,2.0,lang_c,1,I0343 I0466,computing furnishings
U027226,2026-06-01,north,18-24,2,basic,premium,android,63,24.23,5.0,lang_b,0,I0187 I0550 I0563,local_experiences wellness
U027227,2026-06-01,central,18-24,4,basic,mid,ios,13,129.8,4.0,lang_c,1,I0259 I0911 I0928,
U027228,2026-06-01,west,25-34,1,basic,mid,android,24,75.68,2.0,lang_b,1,,
U027229,2026-06-01,east,25-34,2,premium,premium,android,50,32.22,4.0,lang_b,0,I0069,books smart_devices
U027230,2026-06-01,north,50+,4,plus,entry,android,73,147.4,4.0,lang_b,0,I0252 I0258 I0259 I0288 I0293,books furnishings
U027231,2026-06-01,west,25-34,1,basic,mid,ios,75,57.14,3.0,lang_c,0,,
U027232,2026-06-01,north,25-34,1,basic,mid,ios,79,,1.0,lang_c,0,,fitness streaming
U027233,2026-06-01,central,18-24,2,basic,entry,ios,66,279.78,1.0,lang_c,0,I0459,connectivity garden
U027234,2026-06-01,coastal,35-49,5,basic,entry,android,68,29.37,3.0,lang_c,1,I0540 I0909,creative_hobbies footwear
U027235,2026-06-01,east,18-24,3,basic,premium,android,74,76.99,4.0,lang_a,1,I0193 I0224 I0584 I0874 I0875 I0974,
U027236,2026-06-01,south,50+,1,basic,entry,android,78,60.13,3.0,lang_b,1,I0116 I0136 I0876,connectivity creative_hobbies
U027237,2026-06-01,west,50+,5,basic,entry,android,24,51.18,4.0,lang_c,0,,computing garden
U027238,2026-06-01,north,50+,4,basic,mid,android,55,41.03,,lang_c,0,I0210 I0349 I0957,kitchen smart_devices
U027239,2026-06-01,central,18-24,3,plus,entry,ios,31,78.77,2.0,lang_a,1,I0092 I0193,
U027240,2026-06-01,south,18-24,5,basic,mid,android,9,66.5,3.0,lang_c,1,I0007 I0332 I0338 I0922 I0952,creative_hobbies travel_accessories
U027241,2026-06-01,east,18-24,1,basic,mid,ios,14,42.9,,lang_c,0,I0250 I0920,learning streaming
U027242,2026-06-01,central,18-24,3,plus,mid,ios,9,66.93,3.0,lang_c,0,I0164,
U027243,2026-06-01,west,18-24,1,basic,premium,android,67,120.84,3.0,lang_c,1,I0059 I0071 I0073 I0337 I0554 I0588,garden local_experiences
U027244,2026-06-01,central,18-24,4,basic,mid,android,74,96.64,2.0,lang_b,0,I0226 I0232 I0912 I0915 I0920 I0936,bags travel_accessories
U027245,2026-06-01,east,50+,4,premium,entry,android,61,75.03,4.0,lang_b,0,,
U027246,2026-06-01,central,35-49,5,plus,mid,ios,81,85.66,5.0,lang_c,1,,bags creative_hobbies
U027247,2026-06-01,west,25-34,2,basic,premium,android,58,181.91,3.0,lang_c,1,I0213 I0226 I0234 I0243 I0244,gaming kitchen
U027248,2026-06-01,east,35-49,2,basic,mid,android,27,17.1,5.0,lang_a,0,,
U027249,2026-06-01,coastal,18-24,2,basic,unknown,ios,77,62.62,2.0,lang_c,1,I0038 I0265,
U027250,2026-06-01,coastal,50+,2,premium,mid,android,84,36.53,3.0,lang_b,0,I0481 I0492,footwear furnishings
U027251,2026-06-01,coastal,25-34,2,plus,premium,android,62,52.37,3.0,lang_b,1,I0220 I0243 I0246 I0466,delivery kitchen
U027252,2026-06-01,coastal,25-34,1,basic,mid,android,53,79.5,4.0,lang_b,1,,furnishings home_care
U027253,2026-06-01,coastal,50+,1,plus,mid,ios,60,158.72,3.0,lang_c,0,,creative_hobbies local_experiences
U027254,2026-06-01,coastal,18-24,3,basic,mid,android,56,64.85,3.0,lang_c,1,I0284 I0293,audio home_care
U027255,2026-06-01,central,50+,1,basic,mid,android,53,137.26,2.0,lang_c,1,,creative_hobbies footwear
U027256,2026-06-01,south,50+,5,plus,entry,android,39,74.75,5.0,lang_a,0,I0059 I0217 I0892 I0967,
U027257,2026-06-01,west,35-49,5,basic,entry,android,11,242.68,3.0,lang_a,1,I0284,
U027258,2026-06-01,south,50+,1,basic,mid,android,13,40.56,4.0,lang_b,0,,
U027259,2026-06-01,east,50+,3,basic,entry,ios,81,51.78,1.0,lang_a,1,I0500 I0560 I0585 I0588 I0590,fitness garden
U027260,2026-06-01,central,50+,4,basic,entry,android,52,17.86,1.0,lang_a,1,I0048 I0906,
U027261,2026-06-01,coastal,18-24,5,basic,mid,android,77,64.73,3.0,lang_c,1,,
U027262,2026-06-01,north,50+,2,premium,premium,android,29,167.94,,lang_a,0,I0158,books smart_devices
U027263,2026-06-01,south,35-49,2,basic,entry,android,78,39.16,2.0,lang_c,1,,mobile_accessories wellness
U027264,2026-06-01,coastal,18-24,4,plus,mid,android,28,42.91,5.0,lang_b,0,I0258,kitchen outdoor
U027265,2026-06-01,west,18-24,4,plus,mid,android,61,,4.0,lang_c,1,,
U027266,2026-06-01,south,25-34,1,basic,entry,ios,24,116.92,3.0,lang_a,1,I0163 I0176 I0177 I0590,footwear smart_devices
U027267,2026-06-01,east,35-49,4,plus,entry,android,27,62.02,2.0,lang_a,1,I0902,gaming smart_devices
U027268,2026-06-01,west,50+,1,basic,premium,ios,30,43.34,3.0,lang_a,0,I0460,footwear home_care
U027269,2026-06-01,south,50+,5,plus,mid,android,27,99.46,5.0,lang_c,1,,
U027270,2026-06-01,coastal,35-49,4,plus,mid,android,41,53.89,4.0,lang_a,1,I0120,books streaming
U027271,2026-06-01,central,18-24,3,premium,entry,android,21,54.71,3.0,lang_a,1,I0122 I0936,
U027272,2026-06-01,central,50+,3,basic,mid,ios,57,39.23,2.0,lang_c,1,I0980,
U027273,2026-06-01,coastal,35-49,5,plus,mid,ios,62,40.56,1.0,lang_a,0,I0537 I0565,accessories bags
U027274,2026-06-01,west,35-49,2,basic,entry,ios,3,,2.0,lang_c,1,I0136 I0307,
U027275,2026-06-01,west,35-49,2,basic,premium,android,44,31.16,4.0,lang_b,0,,
U027276,2026-06-01,west,35-49,3,basic,unknown,android,38,79.01,2.0,lang_c,0,,local_experiences smart_devices
U027277,2026-06-01,south,35-49,5,plus,premium,android,83,86.01,,lang_a,0,I0985,home_care smart_devices
U027278,2026-06-01,central,18-24,2,plus,premium,android,64,148.14,5.0,lang_c,1,I0113 I0127 I0318 I0867 I0871,mobile_accessories outdoor
U027279,2026-06-01,north,50+,3,basic,premium,ios,58,42.02,3.0,lang_c,1,I0252 I0958 I0963,bags connectivity
U027280,2026-06-01,south,25-34,5,plus,premium,android,5,66.71,3.0,lang_c,1,I0122,furnishings home_care
U027281,2026-06-01,north,25-34,3,basic,mid,ios,60,,3.0,lang_a,1,I0078 I0239 I0653 I0660 I0662 I0665 I0677,kitchen mobile_accessories
U027282,2026-06-01,north,18-24,5,premium,premium,ios,47,107.15,3.0,lang_c,1,,audio travel_accessories
U027283,2026-06-01,north,50+,2,basic,entry,android,61,50.54,4.0,lang_a,0,I0169 I0917,
U027284,2026-06-01,south,18-24,1,premium,entry,ios,35,37.02,3.0,lang_b,1,I0038,audio fitness
U027285,2026-06-01,central,25-34,4,basic,premium,ios,49,19.77,3.0,lang_a,1,I0674,gaming outdoor
U027286,2026-06-01,central,35-49,4,plus,mid,android,40,,3.0,lang_a,0,I0150 I0159 I0187 I0193,
U027287,2026-06-01,north,18-24,1,basic,entry,android,35,66.69,3.0,lang_a,1,I0066,
U027288,2026-06-01,east,18-24,2,basic,premium,ios,76,69.39,3.0,lang_b,1,I0132,local_experiences streaming
U027289,2026-06-01,east,18-24,1,premium,entry,android,38,11.7,3.0,lang_b,0,I0243,garden kitchen
U027290,2026-06-01,north,25-34,4,plus,premium,android,11,74.23,1.0,lang_b,1,I0138 I0686,
U027291,2026-06-01,central,25-34,4,basic,mid,android,72,17.84,3.0,lang_c,1,,delivery streaming
U027292,2026-06-01,central,25-34,4,plus,mid,android,81,31.63,2.0,lang_a,1,I0256 I0861,
U027293,2026-06-01,south,50+,5,basic,premium,android,54,,4.0,lang_a,1,I0335 I0594,home_care wellness
U027294,2026-06-01,coastal,18-24,5,basic,entry,android,70,111.84,1.0,lang_c,0,I0167,
U027295,2026-06-01,south,25-34,3,plus,premium,android,70,120.83,4.0,lang_b,1,I0659,furnishings mobile_accessories
U027296,2026-06-01,central,50+,4,plus,mid,android,35,17.58,1.0,lang_b,1,I0341 I0655,creative_hobbies learning
U027297,2026-06-01,central,25-34,3,premium,mid,android,39,63.26,3.0,lang_c,0,,furnishings kitchen
U027298,2026-06-01,west,25-34,2,basic,premium,ios,67,37.54,3.0,lang_c,0,I0274,books home_care
U027299,2026-06-01,coastal,25-34,4,plus,unknown,android,22,115.51,3.0,lang_c,0,,footwear local_experiences
U027300,2026-06-01,west,25-34,5,plus,mid,android,56,35.46,5.0,lang_a,1,I0010 I0033 I0038 I0044,home_care outdoor
U027301,2026-06-01,east,35-49,5,basic,entry,android,59,67.65,5.0,lang_b,0,I0111 I0119 I0121 I0134 I0147 I0564 I0682,home_care mobile_accessories
U027302,2026-06-01,south,50+,2,basic,mid,android,29,96.18,2.0,lang_a,0,,fitness wellness
U027303,2026-06-01,north,35-49,4,plus,entry,ios,37,,4.0,lang_a,1,,books garden
U027304,2026-06-01,central,35-49,3,plus,entry,ios,82,67.85,1.0,lang_b,1,I0494 I0867 I0873 I0890 I0892 I0907 I0951,
U027305,2026-06-01,coastal,50+,1,basic,entry,android,30,62.38,4.0,lang_b,1,,
U027306,2026-06-01,south,25-34,2,basic,entry,ios,19,149.54,3.0,lang_b,1,I0881,
U027307,2026-06-01,south,25-34,4,basic,premium,android,20,13.44,3.0,lang_c,0,I0939,connectivity furnishings
U027308,2026-06-01,central,50+,3,basic,entry,android,74,59.32,4.0,lang_b,0,,
U027309,2026-06-01,north,50+,4,plus,premium,android,35,32.53,,lang_c,1,I0322 I0518 I0943 I0958,accessories fitness
U027310,2026-06-01,coastal,50+,5,premium,premium,ios,46,47.62,3.0,lang_c,0,,
U027311,2026-06-01,east,35-49,2,basic,entry,ios,72,38.24,3.0,lang_c,1,,
U027312,2026-06-01,east,50+,4,plus,premium,android,43,88.41,1.0,lang_a,0,I0066 I0555 I0565 I0655 I0688 I0954,
U027313,2026-06-01,south,18-24,4,plus,unknown,android,5,,4.0,lang_c,1,I0864 I0880,
U027314,2026-06-01,east,50+,2,basic,mid,android,7,61.43,3.0,lang_c,1,I0094 I0465 I0478 I0488 I0493,mobile_accessories outdoor
U027315,2026-06-01,east,25-34,1,basic,mid,ios,47,100.96,2.0,lang_b,0,I0223 I0529 I0689,connectivity wellness
U027316,2026-06-01,coastal,50+,1,basic,premium,ios,79,41.43,3.0,lang_b,0,I0271 I0292 I0294,
U027317,2026-06-01,south,25-34,1,basic,premium,ios,41,19.31,4.0,lang_b,1,I0451 I0481 I0487,
U027318,2026-06-01,coastal,25-34,3,basic,mid,android,15,56.95,4.0,lang_a,0,I0454 I0459 I0460 I0468 I0487,
U027319,2026-06-01,east,25-34,3,plus,mid,android,78,60.36,2.0,lang_c,1,I0079,computing local_experiences
U027320,2026-06-01,south,35-49,1,basic,mid,android,74,96.49,4.0,lang_b,0,,clothing mobile_accessories
U027321,2026-06-01,central,25-34,1,plus,mid,android,39,117.59,4.0,lang_b,1,I0667,
U027322,2026-06-01,east,18-24,5,basic,mid,ios,83,,4.0,lang_c,1,I0502 I0519 I0523,
U027323,2026-06-01,east,18-24,1,basic,premium,android,10,76.61,3.0,lang_b,0,I0167 I0253 I0276 I0568 I0958,garden travel_accessories
U027324,2026-06-01,north,35-49,2,basic,premium,android,76,,1.0,lang_a,1,I0255,
U027325,2026-06-01,north,50+,3,plus,entry,android,35,43.0,5.0,lang_a,1,,clothing fitness
U027326,2026-06-01,west,35-49,5,premium,entry,android,23,37.38,3.0,lang_b,1,I0112 I0157 I0303 I0594,delivery local_experiences
U027327,2026-06-01,coastal,35-49,2,plus,entry,android,73,87.19,3.0,lang_a,1,I0490 I0965 I0984,computing footwear
U027328,2026-06-01,east,50+,4,premium,premium,ios,20,,5.0,lang_c,1,I0106 I0168 I0238 I0513,connectivity creative_hobbies
U027329,2026-06-01,south,25-34,4,basic,mid,ios,79,48.45,3.0,lang_b,1,I0321,garden outdoor
U027330,2026-06-01,west,35-49,5,basic,entry,android,27,83.72,5.0,lang_c,1,,
U027331,2026-06-01,coastal,50+,1,basic,premium,ios,5,43.81,4.0,lang_b,1,I0051 I0104 I0124 I0131,mobile_accessories outdoor
U027332,2026-06-01,east,50+,5,basic,premium,ios,82,36.57,2.0,lang_a,1,,
U027333,2026-06-01,central,18-24,1,basic,mid,android,8,216.65,,lang_a,0,I0322 I0543,
U027334,2026-06-01,west,50+,2,plus,mid,android,69,46.54,4.0,lang_a,0,I0303 I0305 I0310 I0311 I0958,
U027335,2026-06-01,north,18-24,5,plus,premium,android,45,85.6,3.0,lang_b,1,,audio learning
U027336,2026-06-01,central,50+,1,plus,premium,android,83,75.94,4.0,lang_c,1,,creative_hobbies mobile_accessories
U027337,2026-06-01,south,25-34,3,basic,entry,android,32,46.0,,lang_c,0,I0103 I0135 I0451 I0484 I0932 I0963,
U027338,2026-06-01,south,35-49,5,basic,mid,android,67,63.32,4.0,lang_b,1,I0917,accessories computing
U027339,2026-06-01,west,25-34,2,plus,premium,android,76,128.33,3.0,lang_b,0,I0852 I0867 I0872,
U027340,2026-06-01,west,50+,1,plus,entry,android,33,154.24,4.0,lang_c,1,I0528,
U027341,2026-06-01,north,35-49,1,basic,premium,android,13,41.19,3.0,lang_a,1,I0267 I0451 I0460,
U027342,2026-06-01,north,18-24,2,basic,entry,android,83,49.12,2.0,lang_c,1,,
U027343,2026-06-01,west,18-24,5,basic,mid,ios,15,34.31,3.0,lang_b,0,,
U027344,2026-06-01,east,35-49,1,basic,premium,ios,8,75.09,3.0,lang_c,0,,delivery wellness
U027345,2026-06-01,north,18-24,1,basic,entry,android,37,53.72,4.0,lang_b,1,I0267 I0276 I0284,
U027346,2026-06-01,east,35-49,1,basic,entry,ios,35,30.47,3.0,lang_a,1,I0500 I0523 I0531 I0538,audio bags
U027347,2026-06-01,west,18-24,2,plus,entry,android,77,150.6,3.0,lang_a,0,,bags gaming
U027348,2026-06-01,south,25-34,3,basic,mid,android,83,39.28,,lang_a,1,,accessories fitness
U027349,2026-06-01,north,50+,1,basic,unknown,android,14,158.49,2.0,lang_b,0,I0016,fitness learning
U027350,2026-06-01,coastal,18-24,2,basic,mid,android,37,95.23,3.0,lang_b,0,I0259,footwear furnishings
U027351,2026-06-01,central,18-24,4,premium,entry,android,3,92.62,2.0,lang_a,1,I0557 I0667 I0964,creative_hobbies home_care
U027352,2026-06-01,coastal,50+,2,plus,entry,android,25,45.45,4.0,lang_b,1,I0028 I0952,
U027353,2026-06-01,central,18-24,5,basic,premium,android,58,71.42,3.0,lang_a,1,I0551 I0557 I0569,
U027354,2026-06-01,south,35-49,5,plus,mid,ios,60,78.28,2.0,lang_a,1,I0143,audio learning
U027355,2026-06-01,south,35-49,5,basic,premium,android,14,53.23,3.0,lang_a,1,I0670,accessories mobile_accessories
U027356,2026-06-01,east,50+,3,basic,entry,android,80,84.98,2.0,lang_a,1,I0261,accessories computing
U027357,2026-06-01,coastal,50+,2,basic,entry,ios,49,74.19,2.0,lang_b,0,I0201,creative_hobbies outdoor
U027358,2026-06-01,coastal,18-24,1,basic,mid,android,84,45.06,2.0,lang_c,0,I0285,furnishings local_experiences
U027359,2026-06-01,north,25-34,4,plus,premium,android,50,66.26,3.0,lang_b,1,I0157 I0187,local_experiences smart_devices
U027360,2026-06-01,coastal,35-49,5,basic,entry,ios,65,66.21,4.0,lang_b,1,I0004 I0282 I0586,books streaming
U027361,2026-06-01,west,18-24,3,plus,premium,android,71,64.56,3.0,lang_b,0,I0075 I0082 I0262 I0512 I0589 I0902 I0903 I0906 I0907 I0913 I0920 I0922 I0931 I0941,accessories furnishings
U027362,2026-06-01,north,18-24,5,basic,mid,ios,67,181.13,3.0,lang_b,0,I0568,
U027363,2026-06-01,coastal,25-34,4,premium,premium,android,81,22.65,5.0,lang_c,0,I0344 I0662 I0665 I0677 I0689,
U027364,2026-06-01,central,50+,5,basic,entry,android,8,21.96,3.0,lang_c,1,I0032,
U027365,2026-06-01,north,35-49,3,plus,entry,android,15,258.12,3.0,lang_a,0,I0672,streaming wellness
U027366,2026-06-01,central,25-34,4,plus,mid,android,35,156.76,4.0,lang_a,0,,books home_care
U027367,2026-06-01,central,18-24,3,basic,mid,ios,76,30.35,4.0,lang_c,1,I0466 I0483 I0493 I0552 I0591,accessories footwear
U027368,2026-06-01,north,18-24,3,basic,mid,android,17,50.18,2.0,lang_a,0,I0113 I0174 I0461 I0970,
U027369,2026-06-01,east,50+,4,basic,mid,android,3,84.68,3.0,lang_b,1,,
U027370,2026-06-01,east,18-24,3,basic,mid,android,37,38.33,4.0,lang_a,0,I0167 I0206 I0220 I0241,bags mobile_accessories
U027371,2026-06-01,south,35-49,5,basic,mid,android,8,73.25,3.0,lang_c,1,I0314 I0318 I0320 I0324 I0328 I0332 I0335 I0336 I0337 I0341 I0456 I0481 I0488,delivery garden
U027372,2026-06-01,south,35-49,1,basic,entry,ios,24,105.14,3.0,lang_b,1,I0068 I0071 I0072 I0073 I0082 I0997,clothing computing
U027373,2026-06-01,east,50+,4,plus,premium,android,76,86.59,3.0,lang_c,0,I0307 I0552 I0557 I0564 I0589,clothing garden
U027374,2026-06-01,south,35-49,2,plus,mid,ios,39,23.2,3.0,lang_b,1,I0325 I0336,
U027375,2026-06-01,west,25-34,4,premium,mid,android,23,120.35,,lang_b,1,I0203 I0204 I0693 I0934,delivery mobile_accessories
U027376,2026-06-01,south,35-49,3,plus,premium,android,36,25.02,4.0,lang_b,1,,delivery streaming
U027377,2026-06-01,west,35-49,4,basic,premium,android,46,35.77,3.0,lang_a,1,I0051 I0061 I0063 I0076,
U027378,2026-06-01,north,18-24,2,plus,entry,ios,77,50.56,2.0,lang_a,0,I0163,smart_devices wellness
U027379,2026-06-01,south,35-49,2,basic,premium,android,57,119.97,,lang_b,1,I0009 I0209 I0224 I0232,furnishings kitchen
U027380,2026-06-01,north,50+,2,plus,premium,android,59,115.77,3.0,lang_a,1,I0209,
U027381,2026-06-01,south,25-34,4,premium,mid,ios,14,58.78,3.0,lang_c,1,,audio connectivity
U027382,2026-06-01,east,25-34,2,plus,entry,android,77,89.31,1.0,lang_c,1,,furnishings home_care
U027383,2026-06-01,coastal,35-49,5,basic,unknown,android,9,,4.0,lang_c,1,,
U027384,2026-06-01,central,25-34,2,premium,mid,ios,68,43.69,2.0,lang_a,1,,audio home_care
U027385,2026-06-01,south,50+,4,basic,mid,ios,9,124.69,2.0,lang_b,1,I0465 I0658,
U027386,2026-06-01,coastal,18-24,2,basic,mid,ios,73,107.64,3.0,lang_a,1,I0064,books computing
U027387,2026-06-01,east,35-49,5,basic,mid,ios,42,49.01,3.0,lang_c,1,,
U027388,2026-06-01,east,50+,3,basic,mid,ios,83,118.23,,lang_b,0,I0893 I0920,books footwear
U027389,2026-06-01,south,50+,5,basic,mid,android,37,33.44,4.0,lang_a,1,I0505 I0520 I0530 I0535 I0536 I0538 I0664,bags gaming
U027390,2026-06-01,east,50+,3,premium,mid,ios,10,67.18,4.0,lang_c,0,I0662 I0667 I0677 I0694,delivery local_experiences
U027391,2026-06-01,east,35-49,2,premium,entry,android,26,43.97,3.0,lang_a,1,I0167,
U027392,2026-06-01,north,25-34,5,basic,premium,android,62,49.75,2.0,lang_a,1,I0036 I0315,connectivity fitness
U027393,2026-06-01,central,18-24,5,basic,mid,android,45,142.88,5.0,lang_a,1,I0114,
U027394,2026-06-01,central,35-49,4,basic,entry,ios,58,30.34,2.0,lang_a,1,I0658,bags travel_accessories
U027395,2026-06-01,west,50+,4,premium,mid,android,39,56.77,3.0,lang_a,1,I0260 I0275 I0276 I0283 I0288 I0854,local_experiences travel_accessories
U027396,2026-06-01,south,35-49,1,basic,mid,android,9,156.28,3.0,lang_b,1,I0114 I0507,
U027397,2026-06-01,east,50+,4,basic,mid,android,72,64.26,3.0,lang_b,1,I0182 I0540,
U027398,2026-06-01,east,25-34,2,basic,premium,android,69,39.52,3.0,lang_b,1,,delivery travel_accessories
U027399,2026-06-01,west,25-34,4,basic,premium,android,56,62.69,1.0,lang_b,1,I0064 I0118 I0135 I0147 I0201,
U027400,2026-06-01,central,18-24,5,basic,unknown,android,64,69.02,4.0,lang_a,1,,
U027401,2026-06-01,north,25-34,4,basic,mid,ios,29,44.64,4.0,lang_b,1,,furnishings kitchen
U027402,2026-06-01,west,25-34,1,basic,premium,ios,59,74.56,3.0,lang_b,1,,fitness furnishings
U027403,2026-06-01,south,18-24,1,plus,mid,android,3,30.16,2.0,lang_c,1,I0157,
U027404,2026-06-01,coastal,35-49,2,premium,mid,android,36,51.56,5.0,lang_a,0,,bags mobile_accessories
U027405,2026-06-01,north,50+,3,plus,entry,ios,66,60.52,4.0,lang_c,1,I0002,
U027406,2026-06-01,south,35-49,1,premium,mid,android,25,86.56,2.0,lang_a,0,I0253 I0591 I0901,
U027407,2026-06-01,south,50+,4,basic,unknown,android,27,41.2,3.0,lang_b,1,,bags travel_accessories
U027408,2026-06-01,west,25-34,3,plus,mid,ios,74,,3.0,lang_a,1,I0306 I0307 I0322 I0325 I0331,
U027409,2026-06-01,west,25-34,5,basic,mid,android,84,67.37,2.0,lang_c,0,I0279 I0901 I0902 I0906 I0908 I0919 I0920 I0926 I0931 I0936 I0979 I0981,
U027410,2026-06-01,north,25-34,4,plus,entry,ios,5,82.24,4.0,lang_c,1,,garden learning
U027411,2026-06-01,west,18-24,3,basic,mid,android,46,57.66,3.0,lang_a,1,I0541 I0542,accessories creative_hobbies
U027412,2026-06-01,east,50+,3,premium,mid,ios,83,45.0,5.0,lang_c,1,,
U027413,2026-06-01,west,18-24,1,basic,premium,android,16,162.66,4.0,lang_a,0,,kitchen streaming
U027414,2026-06-01,east,50+,3,basic,premium,ios,18,125.7,3.0,lang_c,1,,
U027415,2026-06-01,central,25-34,5,basic,mid,android,18,,3.0,lang_a,1,,
U027416,2026-06-01,east,18-24,5,basic,mid,android,56,38.62,1.0,lang_b,1,I0452 I0468 I0470 I0495,
U027417,2026-06-01,west,25-34,2,plus,mid,android,67,112.99,,lang_b,1,,connectivity local_experiences
U027418,2026-06-01,east,50+,1,plus,entry,ios,27,60.3,4.0,lang_c,1,,
U027419,2026-06-01,west,25-34,1,plus,entry,ios,23,57.17,3.0,lang_c,1,I0294,
U027420,2026-06-01,central,25-34,5,basic,unknown,ios,55,43.83,4.0,lang_b,1,,
U027421,2026-06-01,south,25-34,1,basic,premium,android,28,67.23,5.0,lang_c,0,,
U027422,2026-06-01,north,25-34,5,basic,mid,android,84,174.13,2.0,lang_c,1,I0455 I0854 I0892,footwear streaming
U027423,2026-06-01,central,50+,5,basic,entry,android,9,17.9,3.0,lang_a,1,I0030,delivery wellness
U027424,2026-06-01,west,25-34,5,basic,mid,android,49,58.53,3.0,lang_a,1,,
U027425,2026-06-01,south,35-49,3,plus,mid,ios,70,48.58,4.0,lang_b,0,I0103 I0159,audio smart_devices
U027426,2026-06-01,coastal,50+,2,plus,mid,ios,30,,3.0,lang_c,1,,delivery fitness
U027427,2026-06-01,west,25-34,3,plus,mid,ios,48,67.34,3.0,lang_a,1,I0030,
U027428,2026-06-01,west,18-24,5,basic,premium,android,22,36.4,3.0,lang_b,0,I0336 I0970,clothing local_experiences
U027429,2026-06-01,south,25-34,4,basic,premium,ios,57,53.07,1.0,lang_c,1,,footwear learning
U027430,2026-06-01,east,35-49,4,plus,entry,android,50,218.45,4.0,lang_c,1,I0676,
U027431,2026-06-01,north,18-24,1,plus,premium,android,3,94.54,1.0,lang_a,1,I0585 I0655,fitness kitchen
U027432,2026-06-01,coastal,25-34,2,plus,entry,android,23,79.32,3.0,lang_a,0,I0474 I0477 I0487 I0490,audio footwear
U027433,2026-06-01,coastal,50+,3,basic,mid,ios,16,37.71,2.0,lang_a,1,I0117 I0538,
U027434,2026-06-01,coastal,50+,2,basic,mid,ios,62,58.14,3.0,lang_a,1,I0051 I0074,creative_hobbies learning
U027435,2026-06-01,central,25-34,3,plus,mid,android,56,183.83,1.0,lang_b,0,I0320 I0505 I0672 I0685 I0686,
U027436,2026-06-01,north,35-49,3,basic,premium,android,43,79.6,3.0,lang_c,1,I0161 I0182,creative_hobbies smart_devices
U027437,2026-06-01,north,35-49,4,basic,entry,android,50,203.02,2.0,lang_b,0,I0091 I0341 I0903,
U027438,2026-06-01,east,50+,5,basic,premium,ios,19,237.17,3.0,lang_b,1,I0035 I0524,
U027439,2026-06-01,east,18-24,2,basic,mid,ios,81,145.95,3.0,lang_c,0,I0695,creative_hobbies learning
U027440,2026-06-01,coastal,25-34,4,plus,mid,ios,51,105.86,3.0,lang_c,0,,
U027441,2026-06-01,central,35-49,2,plus,entry,ios,77,39.24,4.0,lang_c,0,,clothing footwear
U027442,2026-06-01,central,35-49,3,basic,entry,android,62,122.52,3.0,lang_b,1,I0111 I0123 I0518,garden outdoor
U027443,2026-06-01,coastal,50+,4,basic,mid,ios,17,52.49,2.0,lang_b,1,I0322 I0655 I0956 I0960 I0974 I0981 I0987 I0990,
U027444,2026-06-01,south,18-24,4,basic,premium,android,10,,3.0,lang_b,0,I0009 I0035 I0480,connectivity footwear
U027445,2026-06-01,west,35-49,3,plus,premium,android,59,87.37,4.0,lang_b,0,,clothing creative_hobbies
U027446,2026-06-01,coastal,50+,4,basic,mid,ios,5,22.83,4.0,lang_a,0,I0509 I0512 I0530 I0852,bags mobile_accessories
U027447,2026-06-01,north,18-24,4,basic,mid,android,76,36.08,,lang_a,0,,footwear furnishings
U027448,2026-06-01,north,35-49,3,plus,entry,ios,73,34.1,3.0,lang_c,0,I0131 I0456 I0457 I0469 I0472 I0476 I0491 I0492 I0916,footwear smart_devices
U027449,2026-06-01,south,50+,4,plus,mid,ios,23,,3.0,lang_a,1,I0273 I0289,
U027450,2026-06-01,south,35-49,5,plus,mid,android,24,49.45,3.0,lang_b,1,I0552,outdoor wellness
U027451,2026-06-01,east,25-34,4,basic,mid,ios,55,69.15,4.0,lang_b,1,,books footwear
U027452,2026-06-01,coastal,25-34,3,plus,entry,ios,34,55.1,2.0,lang_b,0,I0301 I0566,fitness furnishings
U027453,2026-06-01,coastal,18-24,1,basic,premium,ios,25,,4.0,lang_a,0,I0980,
U027454,2026-06-01,east,35-49,5,plus,mid,ios,68,54.47,3.0,lang_a,1,I0025,
U027455,2026-06-01,north,35-49,1,premium,mid,android,13,72.93,4.0,lang_b,0,I0116 I0664 I0688 I0952 I0983,gaming mobile_accessories
U027456,2026-06-01,south,18-24,5,plus,premium,android,61,72.81,,lang_b,1,I0051 I0077 I0166 I0692,
U027457,2026-06-01,east,50+,2,basic,mid,android,16,101.73,1.0,lang_a,1,I0106 I0108,fitness mobile_accessories
U027458,2026-06-01,east,35-49,3,basic,entry,ios,51,62.04,4.0,lang_c,1,,clothing home_care
U027459,2026-06-01,coastal,35-49,5,basic,premium,android,25,32.54,4.0,lang_c,1,I0451 I0452 I0910,
U027460,2026-06-01,south,50+,5,basic,premium,android,75,40.67,4.0,lang_a,1,I0953,furnishings local_experiences
U027461,2026-06-01,south,50+,4,plus,premium,android,47,39.94,3.0,lang_b,1,I0278,creative_hobbies learning
U027462,2026-06-01,central,50+,3,basic,mid,android,45,,5.0,lang_a,1,I0308 I0333 I0519 I0857,
U027463,2026-06-01,south,50+,2,plus,mid,android,59,163.63,3.0,lang_b,1,I0686 I0691,
U027464,2026-06-01,east,25-34,5,plus,premium,ios,71,,3.0,lang_c,1,I0024 I0667 I0688,gaming kitchen
U027465,2026-06-01,north,35-49,5,basic,mid,android,66,,3.0,lang_a,1,I0347 I0453 I0465 I0487,fitness outdoor
U027466,2026-06-01,south,25-34,5,basic,premium,android,36,77.57,,lang_a,0,I0005 I0251,local_experiences wellness
U027467,2026-06-01,west,50+,4,basic,entry,ios,53,78.89,3.0,lang_a,1,I0552,
U027468,2026-06-01,west,50+,1,basic,mid,android,18,56.24,,lang_a,1,I0260 I0971,streaming travel_accessories
U027469,2026-06-01,east,35-49,5,basic,mid,ios,71,43.67,3.0,lang_a,0,I0267 I0282,
U027470,2026-06-01,west,35-49,4,premium,entry,android,73,44.49,,lang_a,0,I0551 I0560 I0566 I0588,fitness mobile_accessories
U027471,2026-06-01,coastal,35-49,4,basic,entry,android,37,65.2,4.0,lang_b,1,I0857,bags connectivity
U027472,2026-06-01,west,35-49,3,basic,mid,ios,17,17.31,3.0,lang_a,0,I0958,
U027473,2026-06-01,north,25-34,2,basic,entry,ios,79,58.58,3.0,lang_b,1,I0311 I0339 I0476,bags garden
U027474,2026-06-01,south,18-24,4,plus,entry,ios,11,63.34,3.0,lang_b,0,,garden kitchen
U027475,2026-06-01,coastal,18-24,2,basic,entry,android,64,64.89,5.0,lang_a,1,,creative_hobbies gaming
U027476,2026-06-01,central,50+,5,basic,mid,ios,38,13.24,3.0,lang_b,0,,
U027477,2026-06-01,west,35-49,1,premium,unknown,android,30,63.81,3.0,lang_b,1,,accessories delivery
U027478,2026-06-01,north,35-49,1,basic,mid,android,52,42.14,,lang_c,1,,audio wellness
U027479,2026-06-01,west,50+,1,plus,entry,android,30,43.77,3.0,lang_c,0,I0912,
U027480,2026-06-01,north,50+,4,plus,mid,android,38,28.63,2.0,lang_c,1,I0212 I0331,clothing furnishings
U027481,2026-06-01,east,35-49,4,basic,entry,ios,8,113.68,3.0,lang_b,0,I0163 I0166 I0299 I0572 I0969,
U027482,2026-06-01,west,18-24,3,plus,premium,android,29,25.18,3.0,lang_a,1,I0024 I0215 I0564 I0566,
U027483,2026-06-01,coastal,25-34,2,basic,entry,ios,34,73.54,4.0,lang_b,0,I0097 I0263 I0293,connectivity furnishings
U027484,2026-06-01,east,35-49,1,basic,premium,ios,49,32.79,2.0,lang_c,0,I0063,
U027485,2026-06-01,south,35-49,5,basic,entry,android,2,101.67,4.0,lang_c,1,I0032 I0034 I0039 I0143,delivery home_care
U027486,2026-06-01,central,18-24,3,plus,premium,android,12,167.24,2.0,lang_c,1,I0494 I0654 I0658 I0659 I0669 I0683 I0694 I0875 I0902 I0904 I0918 I0933 I0944,creative_hobbies streaming
U027487,2026-06-01,west,35-49,3,basic,mid,android,37,35.66,4.0,lang_a,0,I0524 I0655 I0687,accessories gaming
U027488,2026-06-01,east,18-24,3,plus,premium,ios,52,113.13,2.0,lang_b,1,I0122 I0852 I0856 I0884,connectivity wellness
U027489,2026-06-01,central,25-34,4,basic,entry,android,70,96.78,2.0,lang_c,1,I0211 I0235 I0239,computing outdoor
U027490,2026-06-01,north,35-49,4,premium,entry,ios,60,70.31,,lang_b,0,I0188 I0308 I0884,
U027491,2026-06-01,coastal,25-34,5,basic,mid,android,61,95.07,3.0,lang_a,1,,delivery wellness
U027492,2026-06-01,east,35-49,5,basic,mid,ios,10,79.15,4.0,lang_a,0,I0171 I0172 I0187 I0879,outdoor smart_devices
U027493,2026-06-01,coastal,18-24,2,plus,premium,android,60,93.74,1.0,lang_b,1,I0120 I0311,footwear garden
U027494,2026-06-01,south,18-24,2,basic,entry,android,19,,2.0,lang_c,1,I0460 I0500 I0518 I0973,
U027495,2026-06-01,south,50+,5,basic,mid,android,46,116.69,2.0,lang_c,0,,gaming learning
U027496,2026-06-01,central,35-49,3,plus,premium,android,35,56.11,4.0,lang_c,1,I0058,books kitchen
U027497,2026-06-01,east,50+,5,plus,unknown,android,15,50.39,2.0,lang_b,1,I0566,accessories creative_hobbies
U027498,2026-06-01,north,18-24,1,plus,mid,android,16,29.7,2.0,lang_c,1,I0158 I0288 I0516,bags computing
U027499,2026-06-01,central,25-34,1,basic,premium,ios,68,41.99,3.0,lang_a,0,,furnishings travel_accessories
U027500,2026-06-01,south,35-49,3,premium,mid,ios,7,77.03,4.0,lang_a,0,,bags local_experiences
U027501,2026-06-01,north,25-34,4,basic,premium,android,83,29.26,3.0,lang_a,1,I0102 I0136,furnishings mobile_accessories
U027502,2026-06-01,west,18-24,5,basic,premium,android,20,66.91,2.0,lang_c,1,,
U027503,2026-06-01,west,25-34,3,basic,mid,ios,3,37.64,,lang_a,0,,garden travel_accessories
U027504,2026-06-01,coastal,25-34,1,basic,mid,android,8,33.16,1.0,lang_a,1,I0657,
U027505,2026-06-01,west,18-24,5,plus,entry,ios,11,13.73,,lang_a,1,I0688,footwear learning
U027506,2026-06-01,coastal,18-24,4,plus,mid,android,78,80.36,3.0,lang_a,1,,delivery kitchen
U027507,2026-06-01,west,35-49,5,premium,mid,ios,68,77.92,3.0,lang_b,1,I0957,
U027508,2026-06-01,south,35-49,1,basic,entry,android,43,38.95,3.0,lang_b,1,I0268,streaming travel_accessories
U027509,2026-06-01,west,25-34,1,premium,premium,android,32,135.47,5.0,lang_a,1,I0934,clothing travel_accessories
U027510,2026-06-01,south,25-34,3,plus,premium,ios,80,60.51,3.0,lang_c,0,,
U027511,2026-06-01,central,25-34,5,basic,premium,ios,25,24.66,2.0,lang_b,1,I0336,home_care smart_devices
U027512,2026-06-01,coastal,25-34,5,premium,mid,android,22,,3.0,lang_b,1,,
U027513,2026-06-01,west,50+,2,basic,entry,android,45,92.23,3.0,lang_a,1,I0242,bags delivery
U027514,2026-06-01,west,25-34,2,plus,mid,android,73,24.28,,lang_c,1,,bags gaming
U027515,2026-06-01,west,25-34,2,basic,mid,ios,32,97.92,3.0,lang_b,0,I0098 I0528,
U027516,2026-06-01,west,25-34,5,basic,entry,ios,59,35.43,4.0,lang_b,0,I0040 I0118 I0142 I0149,audio mobile_accessories
U027517,2026-06-01,south,50+,2,basic,premium,android,65,,3.0,lang_a,1,I0058 I0063 I0066 I0172 I0566,accessories computing
U027518,2026-06-01,coastal,50+,1,plus,premium,android,34,,4.0,lang_b,0,I0288,clothing fitness
U027519,2026-06-01,coastal,50+,5,premium,entry,android,83,100.03,4.0,lang_c,0,I0153,connectivity smart_devices
U027520,2026-06-01,central,35-49,4,basic,premium,ios,37,40.6,5.0,lang_a,0,I0187 I0552,
U027521,2026-06-01,west,25-34,3,plus,unknown,android,27,54.92,1.0,lang_a,0,,bags local_experiences
U027522,2026-06-01,east,18-24,3,plus,mid,android,83,76.8,3.0,lang_b,1,I0902 I0920 I0927,
U027523,2026-06-01,central,35-49,3,premium,unknown,android,25,80.97,2.0,lang_b,1,,delivery garden
U027524,2026-06-01,south,25-34,5,basic,premium,ios,26,73.2,2.0,lang_c,0,,home_care learning
U027525,2026-06-01,west,50+,4,basic,premium,ios,39,43.09,2.0,lang_a,1,I0306 I0327 I0336,home_care learning
U027526,2026-06-01,south,50+,1,plus,premium,ios,42,11.19,2.0,lang_b,1,I0917,garden travel_accessories
U027527,2026-06-01,coastal,18-24,1,premium,entry,android,56,43.97,3.0,lang_a,1,I0927,gaming travel_accessories
U027528,2026-06-01,west,18-24,3,basic,mid,android,48,52.58,4.0,lang_c,1,,
U027529,2026-06-01,west,50+,5,basic,entry,android,11,54.19,2.0,lang_a,1,I0100,
U027530,2026-06-01,west,50+,4,basic,entry,ios,69,66.1,5.0,lang_c,1,,streaming wellness
U027531,2026-06-01,north,25-34,3,premium,entry,ios,30,22.31,1.0,lang_b,0,I0103 I0902,
U027532,2026-06-01,west,50+,3,basic,entry,ios,40,,,lang_c,1,I0478 I0538,accessories connectivity
U027533,2026-06-01,south,35-49,3,premium,mid,android,1,212.2,3.0,lang_c,1,,gaming travel_accessories
U027534,2026-06-01,central,18-24,3,premium,premium,ios,13,93.27,4.0,lang_c,0,I0901 I0906,
U027535,2026-06-01,north,35-49,3,basic,entry,ios,56,21.86,3.0,lang_c,0,,audio bags
U027536,2026-06-01,coastal,18-24,4,basic,premium,android,80,68.76,3.0,lang_c,1,,
U027537,2026-06-01,west,18-24,3,basic,mid,android,36,98.37,4.0,lang_a,0,I0063 I0664 I0693,audio gaming
U027538,2026-06-01,east,50+,3,premium,entry,android,44,29.2,2.0,lang_b,1,,books kitchen
U027539,2026-06-01,central,25-34,3,plus,mid,ios,3,76.12,,lang_b,1,,books home_care
U027540,2026-06-01,coastal,25-34,3,basic,mid,android,68,90.32,4.0,lang_b,1,,clothing fitness
U027541,2026-06-01,east,35-49,1,premium,mid,android,75,113.19,4.0,lang_b,0,I0213 I0556 I0856 I0866 I0883 I0903 I0913 I0991,
U027542,2026-06-01,central,25-34,1,plus,premium,ios,1,39.55,4.0,lang_a,1,I0079 I0081 I0475,
U027543,2026-06-01,central,35-49,1,plus,entry,ios,16,144.98,5.0,lang_a,1,I0587,footwear outdoor
U027544,2026-06-01,south,35-49,2,basic,mid,ios,78,81.3,4.0,lang_c,0,I0223 I0964,
U027545,2026-06-01,west,25-34,3,plus,mid,android,70,48.84,3.0,lang_c,1,I0013 I0027,audio mobile_accessories
U027546,2026-06-01,north,18-24,1,basic,unknown,android,7,75.09,3.0,lang_a,1,,accessories delivery
U027547,2026-06-01,east,18-24,5,basic,entry,ios,31,69.61,4.0,lang_b,1,I0454 I0467 I0468 I0474 I0479 I0483 I0490,connectivity kitchen
U027548,2026-06-01,coastal,25-34,1,basic,entry,ios,62,51.31,2.0,lang_c,1,I0039 I0494,
U027549,2026-06-01,west,35-49,2,premium,entry,ios,13,35.36,1.0,lang_b,0,I0150 I0156 I0157 I0170 I0174,computing smart_devices
U027550,2026-06-01,east,35-49,2,basic,entry,ios,53,71.11,2.0,lang_a,1,I0225 I0659 I0672 I0677,
U027551,2026-06-01,coastal,25-34,5,basic,mid,android,38,79.3,3.0,lang_a,0,I0663 I0681 I0691,clothing outdoor
U027552,2026-06-01,coastal,25-34,5,plus,entry,ios,48,14.84,3.0,lang_c,0,,fitness learning
U027553,2026-06-01,south,35-49,2,basic,mid,ios,23,61.81,1.0,lang_a,0,I0263 I0276,furnishings home_care
U027554,2026-06-01,central,18-24,5,basic,mid,ios,64,20.16,4.0,lang_c,1,I0537,bags books
U027555,2026-06-01,north,18-24,3,basic,mid,android,31,99.13,2.0,lang_c,1,I0547,
U027556,2026-06-01,west,50+,4,basic,mid,android,43,43.4,4.0,lang_c,1,I0972 I0993,
U027557,2026-06-01,coastal,35-49,1,plus,premium,android,37,47.05,2.0,lang_a,0,I0072 I0091 I0591 I0652 I0669 I0681 I0682,bags computing
U027558,2026-06-01,coastal,18-24,5,plus,entry,android,12,19.43,2.0,lang_c,1,I0058 I0106,home_care local_experiences
U027559,2026-06-01,north,35-49,5,basic,entry,android,45,40.5,,lang_a,1,,accessories travel_accessories
U027560,2026-06-01,west,18-24,3,basic,entry,ios,25,36.29,3.0,lang_b,1,I0868,mobile_accessories smart_devices
U027561,2026-06-01,east,18-24,2,plus,premium,ios,14,98.79,4.0,lang_c,1,,
U027562,2026-06-01,central,25-34,2,premium,mid,ios,82,34.55,,lang_c,0,I0023 I0025 I0036 I0899,
U027563,2026-06-01,central,50+,5,basic,entry,android,82,35.37,4.0,lang_c,1,,books wellness
U027564,2026-06-01,east,25-34,3,plus,mid,ios,28,30.63,2.0,lang_a,1,I0037 I0172 I0250 I0289,
U027565,2026-06-01,central,25-34,5,plus,entry,ios,24,64.59,1.0,lang_b,0,I0102 I0105 I0111 I0115 I0118 I0135 I0144 I0305 I0316 I0503 I0516,kitchen local_experiences
U027566,2026-06-01,west,50+,1,basic,mid,ios,84,75.38,2.0,lang_a,0,I0322 I0323 I0517,garden home_care
U027567,2026-06-01,south,50+,4,plus,premium,android,75,37.7,,lang_c,1,I0056 I0123 I0686,bags gaming
U027568,2026-06-01,south,25-34,3,premium,mid,android,10,,2.0,lang_a,0,I0050 I0066 I0111 I0120 I0136,fitness local_experiences
U027569,2026-06-01,west,35-49,3,basic,premium,android,68,103.3,2.0,lang_b,1,I0550 I0554 I0566,bags home_care
U027570,2026-06-01,central,25-34,4,premium,entry,android,19,55.28,2.0,lang_b,0,I0959 I0961,fitness travel_accessories
U027571,2026-06-01,north,50+,2,basic,premium,android,48,33.76,2.0,lang_b,1,I0067 I0971,
U027572,2026-06-01,central,35-49,3,plus,premium,android,73,57.51,3.0,lang_b,1,,clothing delivery
U027573,2026-06-01,east,35-49,1,basic,mid,ios,22,58.08,4.0,lang_b,1,I0289 I0928,travel_accessories wellness
U027574,2026-06-01,north,25-34,2,basic,mid,android,54,98.94,2.0,lang_c,0,I0271,furnishings streaming
U027575,2026-06-01,central,25-34,2,basic,mid,ios,48,83.96,,lang_b,0,I0056 I0059 I0266 I0293 I0314,computing furnishings
U027576,2026-06-01,east,35-49,4,plus,entry,android,74,152.21,4.0,lang_b,0,I0319,accessories garden
U027577,2026-06-01,west,25-34,1,plus,premium,ios,21,,2.0,lang_b,1,I0008 I0026 I0033,
U027578,2026-06-01,south,35-49,2,basic,entry,ios,73,113.43,,lang_c,1,,
U027579,2026-06-01,south,18-24,2,basic,premium,ios,56,34.45,3.0,lang_c,0,,clothing streaming
U027580,2026-06-01,coastal,35-49,4,basic,mid,android,28,68.39,3.0,lang_a,0,I0008 I0300 I0311,footwear learning
U027581,2026-06-01,north,35-49,1,basic,premium,android,73,74.78,3.0,lang_a,0,I0655 I0902 I0903 I0904 I0983,creative_hobbies delivery
U027582,2026-06-01,west,35-49,2,basic,mid,android,76,51.94,5.0,lang_a,0,,computing fitness
U027583,2026-06-01,north,50+,5,plus,entry,android,56,97.98,2.0,lang_c,1,I0227 I0563 I0564 I0568 I0581 I0591,accessories kitchen
U027584,2026-06-01,central,18-24,3,basic,mid,ios,22,53.15,,lang_a,1,I0927,
U027585,2026-06-01,south,25-34,5,plus,mid,android,45,123.21,3.0,lang_a,1,I0652 I0679,audio gaming
U027586,2026-06-01,south,50+,3,plus,entry,ios,81,200.57,4.0,lang_a,0,I0141,clothing garden
U027587,2026-06-01,east,18-24,4,basic,entry,ios,84,36.17,3.0,lang_a,1,,
U027588,2026-06-01,coastal,50+,1,premium,entry,android,81,73.12,4.0,lang_a,0,I0515 I0524 I0535 I0659 I0987,
U027589,2026-06-01,coastal,50+,3,plus,premium,ios,52,159.48,3.0,lang_a,0,I0550 I0551 I0556 I0558 I0568 I0570 I0574 I0586 I0592 I0594 I0962,accessories travel_accessories
U027590,2026-06-01,south,18-24,2,premium,entry,ios,19,42.95,3.0,lang_c,0,I0454 I0477 I0481 I0483 I0491,
U027591,2026-06-01,south,25-34,2,basic,mid,ios,9,54.66,2.0,lang_b,1,I0659 I0683,
U027592,2026-06-01,west,50+,4,basic,premium,android,81,76.93,3.0,lang_c,1,,connectivity fitness
U027593,2026-06-01,west,50+,3,basic,mid,android,1,56.78,5.0,lang_b,1,I0560,
U027594,2026-06-01,north,50+,2,basic,unknown,ios,66,72.04,3.0,lang_a,1,I0133 I0212,
U027595,2026-06-01,east,25-34,1,plus,entry,android,49,,4.0,lang_b,1,I0154 I0183,fitness outdoor
U027596,2026-06-01,central,25-34,2,premium,mid,ios,60,35.46,,lang_c,1,I0958 I0990,
U027597,2026-06-01,east,50+,2,plus,mid,ios,16,85.54,2.0,lang_b,0,I0001 I0031 I0292 I0955 I0966 I0971,
U027598,2026-06-01,central,35-49,4,basic,premium,android,75,34.58,4.0,lang_a,1,I0049 I0502 I0518 I0519 I0525 I0590,bags streaming
U027599,2026-06-01,central,50+,2,basic,mid,android,40,205.88,3.0,lang_b,1,I0667 I0856 I0864 I0867,accessories gaming
U027600,2026-06-01,east,25-34,5,basic,premium,ios,75,36.02,,lang_b,1,I0691 I0931,footwear wellness
U027601,2026-06-01,coastal,50+,4,basic,premium,android,63,56.98,2.0,lang_b,1,I0863 I0866,garden smart_devices
U027602,2026-06-01,coastal,25-34,5,basic,mid,ios,67,114.67,5.0,lang_c,1,I0664 I0682,connectivity outdoor
U027603,2026-06-01,north,18-24,2,plus,unknown,ios,27,55.58,2.0,lang_c,0,,
U027604,2026-06-01,east,25-34,2,plus,entry,android,62,150.15,4.0,lang_b,1,I0014 I0036 I0537 I0908,creative_hobbies home_care
U027605,2026-06-01,west,25-34,3,basic,mid,ios,36,24.01,3.0,lang_c,1,,footwear home_care
U027606,2026-06-01,north,18-24,5,basic,entry,android,77,125.37,5.0,lang_b,0,,delivery garden
U027607,2026-06-01,west,25-34,3,premium,premium,ios,30,249.56,4.0,lang_b,0,I0163 I0174,creative_hobbies outdoor
U027608,2026-06-01,west,18-24,4,plus,mid,android,67,78.25,4.0,lang_a,1,I0963,clothing outdoor
U027609,2026-06-01,south,35-49,1,basic,mid,android,34,44.04,2.0,lang_b,1,,delivery kitchen
U027610,2026-06-01,east,18-24,3,basic,mid,android,28,30.35,1.0,lang_b,1,,clothing computing
U027611,2026-06-01,central,18-24,5,basic,entry,android,54,42.28,3.0,lang_b,0,I0951,delivery wellness
U027612,2026-06-01,west,50+,5,plus,premium,android,53,9.88,3.0,lang_a,1,I0206 I0471 I0556 I0570,footwear kitchen
U027613,2026-06-01,south,50+,5,plus,entry,ios,81,62.19,3.0,lang_a,1,I0463 I0499,
U027614,2026-06-01,north,25-34,3,basic,entry,ios,61,75.41,1.0,lang_a,0,I0119 I0336,local_experiences streaming
U027615,2026-06-01,central,18-24,1,plus,premium,ios,23,34.27,3.0,lang_b,0,I0952,
U027616,2026-06-01,central,50+,4,plus,mid,android,55,46.38,,lang_b,1,I0670 I0682,gaming learning
U027617,2026-06-01,north,25-34,3,basic,entry,android,14,201.43,3.0,lang_a,0,,travel_accessories wellness
U027618,2026-06-01,west,18-24,4,basic,entry,android,65,85.82,2.0,lang_b,1,I0241,
U027619,2026-06-01,central,18-24,2,plus,entry,ios,53,39.26,4.0,lang_a,1,,audio delivery
U027620,2026-06-01,east,25-34,1,premium,mid,android,40,,2.0,lang_b,0,I0667,
U027621,2026-06-01,south,50+,3,basic,unknown,ios,4,58.29,2.0,lang_b,1,I0250 I0258 I0272,books kitchen
U027622,2026-06-01,east,18-24,5,basic,entry,android,57,122.81,3.0,lang_c,0,I0056 I0058 I0487 I0495 I0902 I0958,furnishings wellness
U027623,2026-06-01,north,35-49,3,plus,premium,android,13,43.43,2.0,lang_a,0,,
U027624,2026-06-01,south,35-49,1,plus,entry,android,1,57.36,2.0,lang_b,1,I0582 I0590,
U027625,2026-06-01,central,25-34,4,plus,mid,android,83,57.78,1.0,lang_a,0,,
U027626,2026-06-01,west,25-34,3,basic,entry,ios,33,129.63,2.0,lang_b,1,I0692 I0872 I0900 I0973 I0979,fitness kitchen
U027627,2026-06-01,north,18-24,2,premium,mid,ios,69,21.53,3.0,lang_a,0,I0973,home_care outdoor
U027628,2026-06-01,south,25-34,2,basic,mid,android,26,38.35,3.0,lang_b,1,I0054 I0060 I0068 I0094 I0934 I0967,mobile_accessories travel_accessories
U027629,2026-06-01,coastal,50+,4,plus,entry,android,4,17.94,5.0,lang_c,0,I0161 I0193,
U027630,2026-06-01,east,50+,1,basic,entry,android,76,,4.0,lang_c,1,I0078,
U027631,2026-06-01,south,25-34,1,basic,mid,android,73,67.17,4.0,lang_c,1,,
U027632,2026-06-01,north,25-34,5,premium,entry,ios,46,44.36,3.0,lang_a,1,I0903 I0908 I0920,accessories smart_devices
U027633,2026-06-01,coastal,50+,2,basic,mid,ios,68,47.04,4.0,lang_a,0,I0008 I0011 I0021 I0163 I0331,audio books
U027634,2026-06-01,coastal,35-49,3,basic,premium,android,80,121.38,,lang_b,1,I0341,
U027635,2026-06-01,east,35-49,4,basic,entry,android,18,42.53,3.0,lang_b,1,I0972 I0981,
U027636,2026-06-01,south,35-49,5,basic,mid,android,25,48.93,4.0,lang_a,0,I0331 I0337,books garden
U027637,2026-06-01,coastal,50+,4,basic,mid,android,44,101.36,2.0,lang_a,1,,connectivity creative_hobbies
U027638,2026-06-01,north,18-24,4,premium,unknown,ios,32,29.98,2.0,lang_c,1,I0312,gaming learning
U027639,2026-06-01,north,35-49,5,basic,mid,ios,54,24.03,2.0,lang_b,0,I0104 I0113 I0118 I0666 I0894 I0958,mobile_accessories streaming
U027640,2026-06-01,north,25-34,4,plus,mid,android,48,86.68,4.0,lang_c,1,I0068 I0872,
U027641,2026-06-01,west,18-24,2,plus,mid,android,36,9.92,4.0,lang_c,1,,bags delivery
U027642,2026-06-01,north,18-24,4,basic,entry,ios,48,10.88,4.0,lang_c,0,,books streaming
U027643,2026-06-01,west,25-34,3,plus,unknown,ios,50,26.92,4.0,lang_a,0,I0542,gaming smart_devices
U027644,2026-06-01,south,18-24,1,plus,mid,android,69,171.27,4.0,lang_a,1,I0908,
U027645,2026-06-01,coastal,35-49,2,basic,entry,android,14,111.86,2.0,lang_c,1,,audio creative_hobbies
U027646,2026-06-01,central,25-34,5,plus,entry,android,50,42.49,4.0,lang_b,1,,bags clothing
U027647,2026-06-01,north,25-34,5,basic,premium,android,71,58.72,,lang_c,0,I0167 I0183,clothing streaming
U027648,2026-06-01,south,18-24,4,basic,mid,ios,75,51.87,4.0,lang_c,1,I0025,
U027649,2026-06-01,west,35-49,1,basic,mid,android,52,78.16,4.0,lang_b,1,I0234,
U027650,2026-06-01,north,25-34,5,plus,mid,android,50,45.74,3.0,lang_a,0,I0065 I0068 I0079 I0112 I0122 I0131 I0510,
U027651,2026-06-01,south,18-24,4,plus,premium,android,23,17.62,2.0,lang_c,0,I0977,delivery travel_accessories
U027652,2026-06-01,coastal,35-49,2,premium,mid,android,37,,3.0,lang_b,1,,accessories wellness
U027653,2026-06-01,west,35-49,2,basic,premium,android,35,48.79,2.0,lang_b,1,I0339 I0341,
U027654,2026-06-01,north,50+,4,plus,mid,android,65,88.88,5.0,lang_c,0,I0054 I0859,computing footwear
U027655,2026-06-01,central,35-49,3,basic,mid,ios,81,57.09,3.0,lang_c,1,I0937,
U027656,2026-06-01,south,50+,4,basic,mid,ios,65,,2.0,lang_c,0,I0462,connectivity delivery
U027657,2026-06-01,central,50+,1,basic,mid,android,43,73.28,4.0,lang_c,1,I0954 I0981 I0986,
U027658,2026-06-01,west,18-24,1,basic,entry,android,15,117.43,3.0,lang_c,1,I0021 I0952 I0963 I0965 I0973 I0989,
U027659,2026-06-01,coastal,25-34,1,plus,entry,android,67,249.19,2.0,lang_a,1,I0304 I0682 I0861 I0864 I0867 I0871 I0881 I0903 I0917 I0918,
U027660,2026-06-01,east,25-34,5,plus,unknown,android,50,94.5,2.0,lang_a,1,,creative_hobbies garden
U027661,2026-06-01,east,35-49,3,basic,entry,ios,34,61.86,3.0,lang_b,1,I0227,
U027662,2026-06-01,central,25-34,4,basic,premium,android,61,,4.0,lang_b,1,,books local_experiences
U027663,2026-06-01,north,18-24,2,plus,mid,android,80,99.01,4.0,lang_b,0,,creative_hobbies smart_devices
U027664,2026-06-01,south,50+,2,premium,mid,android,74,83.71,3.0,lang_b,1,I0063 I0076 I0078 I0083,computing gaming
U027665,2026-06-01,south,50+,3,basic,premium,android,80,73.26,3.0,lang_a,0,I0282 I0293,
U027666,2026-06-01,west,25-34,3,basic,mid,ios,66,35.64,3.0,lang_b,0,I0537,
U027667,2026-06-01,central,18-24,5,basic,premium,android,19,108.55,2.0,lang_c,1,I0182 I0308,computing garden
U027668,2026-06-01,south,25-34,5,basic,premium,ios,3,85.18,3.0,lang_a,1,,
U027669,2026-06-01,west,50+,5,basic,entry,ios,37,97.46,4.0,lang_a,0,I0957,
U027670,2026-06-01,central,25-34,5,plus,mid,android,9,23.13,4.0,lang_b,1,,bags connectivity
U027671,2026-06-01,central,25-34,3,plus,mid,ios,7,80.92,2.0,lang_a,0,,
U027672,2026-06-01,west,35-49,5,plus,mid,ios,37,,2.0,lang_c,1,I0699 I0862 I0866 I0896 I0959,
U027673,2026-06-01,east,18-24,1,basic,mid,ios,9,95.68,1.0,lang_a,1,I0906,
U027674,2026-06-01,east,25-34,2,basic,entry,ios,18,21.45,2.0,lang_a,0,I0264,audio home_care
U027675,2026-06-01,south,25-34,1,basic,mid,android,2,127.11,5.0,lang_b,0,,delivery smart_devices
U027676,2026-06-01,central,18-24,1,basic,mid,android,64,89.2,,lang_a,1,I0027 I0098 I0556 I0595,garden smart_devices
U027677,2026-06-01,south,50+,5,plus,mid,ios,59,30.66,3.0,lang_c,1,I0251 I0260 I0262 I0268 I0275 I0281 I0291,furnishings gaming
U027678,2026-06-01,coastal,18-24,5,basic,entry,android,28,93.06,4.0,lang_a,1,,accessories mobile_accessories
U027679,2026-06-01,coastal,35-49,1,plus,mid,android,19,59.09,3.0,lang_c,1,,
U027680,2026-06-01,central,18-24,1,basic,entry,ios,81,80.83,2.0,lang_b,1,,bags creative_hobbies
U027681,2026-06-01,central,35-49,1,basic,entry,android,65,50.47,4.0,lang_b,1,I0308 I0991,
U027682,2026-06-01,south,25-34,4,plus,premium,ios,77,247.24,3.0,lang_c,1,I0152 I0172 I0187 I0189 I0501 I0502 I0531 I0537 I0544,bags smart_devices
U027683,2026-06-01,central,18-24,4,plus,mid,android,51,89.47,4.0,lang_c,1,I0037,clothing learning
U027684,2026-06-01,west,18-24,4,basic,entry,android,11,,3.0,lang_b,1,,
U027685,2026-06-01,east,35-49,3,premium,entry,ios,70,66.96,2.0,lang_a,1,I0525,
U027686,2026-06-01,west,50+,1,plus,premium,android,22,12.51,3.0,lang_b,1,I0121 I0127 I0136 I0282,books mobile_accessories
U027687,2026-06-01,east,18-24,2,basic,entry,android,42,70.01,4.0,lang_b,1,I0665,books clothing
U027688,2026-06-01,coastal,50+,1,plus,mid,android,36,16.31,4.0,lang_a,0,,
U027689,2026-06-01,coastal,18-24,2,basic,mid,android,8,48.78,4.0,lang_b,1,I0162 I0203 I0213 I0223 I0239,
U027690,2026-06-01,west,35-49,5,premium,entry,ios,52,50.48,4.0,lang_c,0,I0941,clothing learning
U027691,2026-06-01,west,35-49,5,plus,premium,ios,61,25.37,3.0,lang_c,0,I0956,fitness gaming
U027692,2026-06-01,central,35-49,5,basic,entry,android,34,141.01,,lang_c,0,I0494,
U027693,2026-06-01,central,18-24,5,basic,mid,android,59,68.13,3.0,lang_c,0,I0487,
U027694,2026-06-01,central,35-49,1,basic,entry,ios,78,58.57,3.0,lang_c,1,,connectivity fitness
U027695,2026-06-01,coastal,50+,2,plus,mid,ios,2,58.58,3.0,lang_c,0,I0568,
U027696,2026-06-01,west,25-34,2,basic,entry,ios,21,39.06,4.0,lang_c,1,I0505 I0518,bags local_experiences
U027697,2026-06-01,central,50+,2,plus,premium,ios,73,85.35,1.0,lang_b,1,,clothing delivery
U027698,2026-06-01,north,18-24,5,basic,mid,android,59,80.69,2.0,lang_a,1,,
U027699,2026-06-01,south,50+,2,plus,entry,ios,52,134.4,,lang_a,1,I0008 I0012 I0228 I0670 I0694 I0938,
U027700,2026-06-01,coastal,50+,2,plus,premium,ios,44,49.43,,lang_a,1,I0568,garden learning
U027701,2026-06-01,coastal,50+,5,basic,premium,ios,68,60.11,2.0,lang_a,1,I0955,fitness learning
U027702,2026-06-01,coastal,18-24,1,basic,mid,android,28,243.26,2.0,lang_a,0,I0001 I0031 I0039,audio kitchen
U027703,2026-06-01,coastal,18-24,4,basic,mid,android,63,40.34,3.0,lang_a,1,,
U027704,2026-06-01,south,18-24,2,basic,premium,android,55,99.25,3.0,lang_a,1,,computing kitchen
U027705,2026-06-01,north,25-34,2,plus,entry,android,26,306.8,5.0,lang_c,1,I0012 I0043 I0134 I0143 I0692,audio computing
U027706,2026-06-01,north,35-49,5,premium,mid,android,77,46.97,4.0,lang_a,1,I0083,books travel_accessories
U027707,2026-06-01,central,25-34,1,premium,mid,android,78,69.63,3.0,lang_a,0,I0010 I0300 I0306 I0337,
U027708,2026-06-01,east,25-34,2,basic,entry,android,50,45.34,3.0,lang_a,0,,
U027709,2026-06-01,coastal,18-24,4,basic,premium,android,18,48.8,3.0,lang_c,1,I0123 I0142,learning mobile_accessories
U027710,2026-06-01,central,25-34,1,basic,mid,ios,26,43.21,3.0,lang_c,0,I0166 I0323 I0325,
U027711,2026-06-01,central,50+,5,plus,premium,android,5,87.48,2.0,lang_a,1,,audio streaming
U027712,2026-06-01,east,25-34,5,basic,mid,android,23,70.92,3.0,lang_a,0,I0541,clothing home_care
U027713,2026-06-01,coastal,35-49,1,plus,mid,android,62,41.54,3.0,lang_b,1,I0036 I0102 I0147 I0160 I0482 I0669 I0968,creative_hobbies gaming
U027714,2026-06-01,north,18-24,2,plus,entry,android,1,89.86,5.0,lang_c,0,,kitchen streaming
U027715,2026-06-01,south,18-24,3,basic,entry,android,77,13.57,4.0,lang_c,1,I0317 I0987,
U027716,2026-06-01,coastal,18-24,5,basic,unknown,android,77,145.14,4.0,lang_b,1,I0513 I0528 I0866 I0975,garden kitchen
U027717,2026-06-01,west,25-34,3,basic,entry,ios,31,117.86,4.0,lang_c,1,,
U027718,2026-06-01,east,50+,1,basic,premium,android,47,73.68,3.0,lang_b,1,I0654,accessories garden
U027719,2026-06-01,coastal,50+,2,basic,entry,ios,1,117.06,5.0,lang_b,0,I0030,delivery home_care
U027720,2026-06-01,west,18-24,3,premium,mid,ios,82,36.31,,lang_c,1,,fitness furnishings
U027721,2026-06-01,central,50+,1,basic,entry,android,69,81.48,3.0,lang_b,0,I0589,
U027722,2026-06-01,east,25-34,2,plus,mid,ios,40,49.34,4.0,lang_a,0,I0024,
U027723,2026-06-01,coastal,50+,3,basic,premium,ios,70,44.46,4.0,lang_b,1,I0204 I0218 I0505 I0957 I0985,
U027724,2026-06-01,central,50+,4,premium,premium,ios,58,69.46,3.0,lang_a,1,I0119 I0127 I0133 I0142 I0144,connectivity delivery
U027725,2026-06-01,south,35-49,2,basic,entry,android,73,199.31,3.0,lang_b,1,I0529 I0537 I0544,
U027726,2026-06-01,south,35-49,1,plus,mid,android,6,64.51,3.0,lang_b,1,,creative_hobbies wellness
U027727,2026-06-01,coastal,35-49,4,basic,entry,android,29,26.04,,lang_b,1,I0487 I0576 I0677 I0681 I0682 I0951,
U027728,2026-06-01,east,25-34,2,plus,mid,android,81,27.73,2.0,lang_a,1,I0011 I0043 I0330 I0683,audio garden
U027729,2026-06-01,north,18-24,2,plus,entry,android,33,,3.0,lang_a,0,I0311,garden local_experiences
U027730,2026-06-01,south,35-49,4,basic,entry,android,63,106.23,2.0,lang_a,1,I0887 I0892,
U027731,2026-06-01,coastal,25-34,5,basic,mid,android,60,46.14,,lang_c,1,I0938,clothing footwear
U027732,2026-06-01,west,18-24,3,basic,premium,ios,32,137.62,4.0,lang_c,1,I0914,
U027733,2026-06-01,west,25-34,5,plus,entry,android,73,17.77,2.0,lang_c,1,,
U027734,2026-06-01,south,50+,5,plus,mid,android,9,51.82,3.0,lang_b,0,I0079 I0087 I0958 I0971,local_experiences smart_devices
U027735,2026-06-01,coastal,35-49,4,plus,premium,android,43,53.36,2.0,lang_a,0,I0253,audio mobile_accessories
U027736,2026-06-01,south,25-34,3,basic,mid,android,29,171.57,3.0,lang_b,0,I0030 I0111 I0124 I0286 I0667,furnishings mobile_accessories
U027737,2026-06-01,south,18-24,3,plus,mid,ios,63,75.16,2.0,lang_b,0,I0653,gaming travel_accessories
U027738,2026-06-01,central,25-34,1,basic,premium,android,39,103.78,2.0,lang_a,0,I0061,local_experiences smart_devices
U027739,2026-06-01,coastal,50+,1,basic,mid,android,49,75.1,3.0,lang_b,1,,
U027740,2026-06-01,coastal,25-34,4,basic,premium,android,74,109.26,3.0,lang_c,0,I0005 I0023 I0025 I0191 I0468 I0489,
U027741,2026-06-01,north,18-24,5,plus,entry,android,81,35.7,3.0,lang_c,0,,
U027742,2026-06-01,west,18-24,3,basic,entry,android,61,66.43,4.0,lang_b,0,I0317 I0572,
U027743,2026-06-01,coastal,50+,5,basic,entry,android,36,131.9,4.0,lang_c,1,I0198,clothing garden
U027744,2026-06-01,central,35-49,2,basic,mid,android,56,165.03,3.0,lang_a,0,I0060 I0851,
U027745,2026-06-01,north,50+,2,basic,mid,android,6,49.98,2.0,lang_a,0,,audio home_care
U027746,2026-06-01,central,18-24,2,premium,entry,android,59,77.93,4.0,lang_c,1,I0894,
U027747,2026-06-01,coastal,50+,3,plus,mid,ios,59,27.7,,lang_c,0,I0931,computing fitness
U027748,2026-06-01,coastal,18-24,1,basic,entry,ios,68,130.8,2.0,lang_c,1,I0456 I0523 I0684,clothing footwear
U027749,2026-06-01,coastal,50+,5,premium,premium,android,42,67.13,2.0,lang_c,0,,
U027750,2026-06-01,south,50+,4,basic,mid,ios,28,18.33,4.0,lang_b,1,I0599,accessories garden
U027751,2026-06-01,south,35-49,1,basic,mid,ios,25,69.02,2.0,lang_c,1,,learning smart_devices
U027752,2026-06-01,west,50+,2,basic,mid,android,58,35.47,5.0,lang_c,1,,kitchen learning
U027753,2026-06-01,west,50+,1,basic,entry,ios,69,64.57,2.0,lang_c,1,I0132,
U027754,2026-06-01,coastal,25-34,3,premium,mid,android,68,95.25,3.0,lang_a,0,,
U027755,2026-06-01,east,18-24,3,premium,premium,android,72,31.77,4.0,lang_a,1,I0089 I0258,computing learning
U027756,2026-06-01,north,35-49,4,plus,premium,android,2,30.49,4.0,lang_c,0,I0202 I0258 I0276 I0282 I0959 I0988,
U027757,2026-06-01,west,50+,2,basic,mid,ios,22,56.87,3.0,lang_a,1,I0515,books fitness
U027758,2026-06-01,west,35-49,5,basic,premium,ios,26,61.03,4.0,lang_b,0,I0483 I0958 I0972 I0979,computing streaming
U027759,2026-06-01,east,25-34,2,plus,premium,android,80,28.29,2.0,lang_b,1,,creative_hobbies learning
U027760,2026-06-01,north,18-24,4,plus,premium,ios,53,87.63,2.0,lang_a,0,I0012 I0016,bags learning
U027761,2026-06-01,west,25-34,3,premium,mid,ios,36,70.21,3.0,lang_b,1,I0853,clothing travel_accessories
U027762,2026-06-01,north,25-34,5,basic,mid,android,63,44.56,4.0,lang_b,1,I0913 I0934,books smart_devices
U027763,2026-06-01,south,35-49,3,basic,entry,ios,50,74.22,4.0,lang_c,1,,learning local_experiences
U027764,2026-06-01,south,18-24,5,basic,premium,android,45,45.95,,lang_a,1,,bags books
U027765,2026-06-01,south,50+,5,plus,entry,ios,75,87.46,4.0,lang_a,0,I0094 I0171 I0176,local_experiences travel_accessories
U027766,2026-06-01,central,25-34,2,plus,entry,android,16,117.56,4.0,lang_b,1,,creative_hobbies furnishings
U027767,2026-06-01,west,35-49,2,basic,mid,android,51,58.34,3.0,lang_a,1,I0063 I0279 I0455,audio kitchen
U027768,2026-06-01,north,35-49,1,basic,entry,android,41,61.12,3.0,lang_c,1,I0031,books mobile_accessories
U027769,2026-06-01,west,25-34,2,plus,premium,android,24,32.76,2.0,lang_c,0,,audio creative_hobbies
U027770,2026-06-01,east,35-49,4,basic,premium,ios,3,46.63,2.0,lang_c,1,I0332 I0531 I0956,
U027771,2026-06-01,north,35-49,3,basic,premium,android,83,60.42,3.0,lang_c,1,I0051 I0058 I0061 I0086 I0090 I0456 I0481 I0889,books computing
U027772,2026-06-01,north,18-24,1,basic,mid,ios,63,119.49,2.0,lang_c,1,,
U027773,2026-06-01,north,35-49,1,premium,mid,ios,43,69.88,3.0,lang_a,0,I0923 I0964,accessories smart_devices
U027774,2026-06-01,north,18-24,4,basic,mid,android,35,88.68,,lang_a,0,I0278 I0288,
U027775,2026-06-01,central,25-34,5,basic,mid,ios,4,116.92,3.0,lang_c,0,I0112 I0114 I0140 I0861 I0863 I0878 I0931,garden mobile_accessories
U027776,2026-06-01,coastal,25-34,5,basic,premium,ios,9,26.87,1.0,lang_a,1,I0118 I0510,bags delivery
U027777,2026-06-01,central,35-49,5,basic,mid,android,14,25.97,3.0,lang_c,1,I0309 I0314 I0330 I0331 I0332 I0346,
U027778,2026-06-01,west,35-49,5,plus,premium,android,8,235.22,4.0,lang_b,1,,audio delivery
U027779,2026-06-01,central,18-24,2,basic,mid,android,8,71.34,4.0,lang_c,1,I0031 I0501,
U027780,2026-06-01,west,35-49,3,basic,entry,android,25,64.22,3.0,lang_b,1,I0921,
U027781,2026-06-01,central,18-24,2,plus,premium,android,84,225.7,4.0,lang_c,0,I0079,connectivity learning
U027782,2026-06-01,coastal,35-49,3,basic,mid,ios,35,80.69,2.0,lang_a,1,,connectivity kitchen
U027783,2026-06-01,coastal,50+,2,plus,mid,android,66,53.04,5.0,lang_b,1,I0119 I0651,clothing gaming
U027784,2026-06-01,south,35-49,3,basic,mid,android,79,28.52,3.0,lang_c,0,I0280 I0654 I0665 I0666 I0679 I0682,delivery gaming
U027785,2026-06-01,west,50+,3,plus,entry,android,83,101.01,3.0,lang_a,1,,outdoor travel_accessories
U027786,2026-06-01,east,18-24,1,premium,premium,ios,69,43.22,3.0,lang_a,1,I0204 I0228 I0980 I0985,
U027787,2026-06-01,north,50+,4,premium,entry,android,41,63.64,4.0,lang_b,0,I0062 I0075 I0518 I0522 I0539,delivery local_experiences
U027788,2026-06-01,coastal,35-49,3,basic,premium,ios,8,,4.0,lang_b,0,I0313 I0959 I0968,
U027789,2026-06-01,west,35-49,3,basic,unknown,ios,56,86.87,2.0,lang_a,1,I0331,
U027790,2026-06-01,coastal,18-24,5,basic,mid,android,19,135.55,3.0,lang_a,1,I0273 I0276 I0865 I0874 I0881 I0890 I0892,clothing learning
U027791,2026-06-01,central,35-49,3,basic,premium,android,9,72.56,3.0,lang_a,1,I0013 I0943,accessories streaming
U027792,2026-06-01,coastal,18-24,2,basic,premium,ios,68,83.76,,lang_a,1,,accessories gaming
U027793,2026-06-01,south,35-49,3,basic,mid,android,82,60.53,4.0,lang_a,1,I0936,
U027794,2026-06-01,west,25-34,1,premium,mid,android,73,53.93,4.0,lang_b,0,I0464,learning local_experiences
U027795,2026-06-01,west,18-24,3,plus,mid,ios,60,84.87,4.0,lang_b,1,,
U027796,2026-06-01,coastal,18-24,3,basic,entry,android,64,23.52,2.0,lang_b,1,I0064 I0096 I0486 I0523 I0551 I0560 I0568 I0570 I0582 I0587,accessories garden
U027797,2026-06-01,east,25-34,2,basic,unknown,android,70,69.98,3.0,lang_a,1,I0302,computing garden
U027798,2026-06-01,central,35-49,1,plus,premium,ios,44,65.26,2.0,lang_c,0,I0168 I0171 I0176 I0189 I0317 I0321,
U027799,2026-06-01,west,18-24,1,premium,entry,android,8,59.1,3.0,lang_a,1,I0180 I0184 I0322 I0465 I0652 I0665 I0676 I0686 I0687 I0688 I0693,books mobile_accessories
U027800,2026-06-01,central,50+,1,basic,entry,ios,81,203.71,,lang_a,1,,
U027801,2026-06-01,north,50+,3,basic,entry,android,67,55.86,3.0,lang_c,1,I0160,delivery local_experiences
U027802,2026-06-01,north,35-49,3,basic,premium,ios,56,124.77,2.0,lang_b,1,,local_experiences smart_devices
U027803,2026-06-01,west,35-49,5,basic,mid,android,45,62.13,3.0,lang_c,1,I0208 I0214 I0242 I0312 I0337,kitchen local_experiences
U027804,2026-06-01,east,18-24,1,basic,mid,android,23,56.04,,lang_c,1,I0850,outdoor smart_devices
U027805,2026-06-01,west,50+,3,basic,mid,android,66,77.09,3.0,lang_c,1,,
U027806,2026-06-01,west,25-34,4,premium,entry,android,37,32.37,1.0,lang_a,1,I0301 I0693 I0971,connectivity footwear
U027807,2026-06-01,east,35-49,4,plus,mid,ios,67,49.0,3.0,lang_b,0,I0465 I0476 I0537 I0967 I0972,fitness kitchen
U027808,2026-06-01,central,25-34,5,basic,mid,ios,62,40.4,,lang_a,0,I0667 I0901 I0912 I0917,
U027809,2026-06-01,east,35-49,3,premium,entry,android,2,46.4,3.0,lang_a,0,,
U027810,2026-06-01,west,25-34,4,basic,mid,android,70,41.38,2.0,lang_a,0,,
U027811,2026-06-01,west,35-49,5,plus,entry,ios,49,45.16,5.0,lang_a,0,I0543,delivery home_care
U027812,2026-06-01,south,18-24,1,basic,premium,android,16,32.45,3.0,lang_c,1,,
U027813,2026-06-01,west,35-49,1,plus,mid,android,37,41.05,5.0,lang_b,1,,
U027814,2026-06-01,central,25-34,1,premium,entry,ios,67,51.56,3.0,lang_b,1,I0320,audio travel_accessories
U027815,2026-06-01,south,25-34,2,basic,mid,android,6,141.15,,lang_c,1,,
U027816,2026-06-01,north,18-24,1,basic,entry,ios,35,,3.0,lang_c,1,,furnishings smart_devices
U027817,2026-06-01,coastal,50+,5,plus,entry,ios,4,42.75,2.0,lang_c,1,,learning outdoor
U027818,2026-06-01,coastal,35-49,5,premium,premium,ios,65,267.04,3.0,lang_a,0,I0234 I0583 I0599,
U027819,2026-06-01,west,25-34,1,basic,premium,android,3,119.42,3.0,lang_a,1,,creative_hobbies wellness
U027820,2026-06-01,coastal,50+,5,plus,mid,android,37,240.13,3.0,lang_c,1,,
U027821,2026-06-01,south,25-34,2,basic,premium,ios,28,19.98,2.0,lang_c,1,I0071 I0460 I0466 I0470,
U027822,2026-06-01,west,50+,2,basic,mid,android,75,65.32,3.0,lang_b,0,I0468 I0499 I0868,
U027823,2026-06-01,north,18-24,3,basic,premium,android,11,24.43,,lang_a,1,I0271 I0890,
U027824,2026-06-01,south,50+,2,premium,mid,ios,67,198.75,4.0,lang_a,1,I0273,
U027825,2026-06-01,coastal,35-49,3,premium,mid,ios,27,54.99,1.0,lang_a,0,I0928,
U027826,2026-06-01,coastal,25-34,1,plus,premium,android,46,157.6,5.0,lang_b,0,I0514,
U027827,2026-06-01,west,50+,2,basic,premium,android,84,80.56,2.0,lang_a,1,I0180 I0183 I0266 I0856 I0872 I0889,connectivity smart_devices
U027828,2026-06-01,north,35-49,2,basic,premium,ios,28,4.5,,lang_a,1,I0109 I0118 I0123,connectivity mobile_accessories
U027829,2026-06-01,central,18-24,2,plus,entry,ios,37,142.94,3.0,lang_c,1,,computing local_experiences
U027830,2026-06-01,north,50+,2,basic,premium,android,7,44.69,,lang_a,1,,furnishings streaming
U027831,2026-06-01,south,25-34,5,plus,mid,android,4,58.53,3.0,lang_a,1,I0194 I0677,
U027832,2026-06-01,coastal,25-34,2,basic,unknown,android,67,29.99,2.0,lang_c,0,I0159 I0168 I0183 I0195 I0250 I0282,fitness furnishings
U027833,2026-06-01,north,35-49,5,basic,mid,android,84,57.47,4.0,lang_c,0,I0121,
U027834,2026-06-01,west,35-49,1,plus,mid,ios,40,27.46,2.0,lang_b,0,,
U027835,2026-06-01,west,18-24,3,plus,entry,android,77,142.44,4.0,lang_c,1,,clothing footwear
U027836,2026-06-01,south,25-34,4,plus,mid,android,6,191.85,4.0,lang_b,1,I0038,
U027837,2026-06-01,south,18-24,4,basic,entry,ios,47,51.87,3.0,lang_c,0,I0020 I0032 I0291 I0552 I0556 I0573,clothing travel_accessories
U027838,2026-06-01,east,50+,2,basic,premium,android,24,137.64,4.0,lang_c,0,,
U027839,2026-06-01,east,50+,4,basic,mid,ios,11,145.5,4.0,lang_b,0,,connectivity local_experiences
U027840,2026-06-01,central,35-49,1,plus,entry,android,30,,2.0,lang_c,0,I0451,creative_hobbies streaming
U027841,2026-06-01,central,50+,5,basic,entry,ios,46,232.82,2.0,lang_b,1,,accessories books
U027842,2026-06-01,west,18-24,2,basic,entry,android,6,243.59,3.0,lang_a,1,I0869 I0872 I0903 I0938 I0982,
U027843,2026-06-01,central,35-49,4,basic,premium,ios,38,79.06,5.0,lang_b,1,I0085,home_care streaming
U027844,2026-06-01,west,25-34,2,basic,mid,ios,41,16.28,4.0,lang_b,1,,
U027845,2026-06-01,north,18-24,3,basic,mid,ios,8,218.32,4.0,lang_b,1,I0028 I0507 I0508 I0518 I0524 I0537 I0669,audio creative_hobbies
U027846,2026-06-01,east,35-49,5,plus,entry,ios,58,357.74,2.0,lang_c,1,I0866 I0961,connectivity gaming
U027847,2026-06-01,east,18-24,1,plus,entry,ios,27,,4.0,lang_b,1,I0277,
U027848,2026-06-01,north,25-34,4,plus,premium,android,3,62.02,3.0,lang_a,1,I0957,books kitchen
U027849,2026-06-01,east,35-49,1,plus,premium,ios,75,259.43,4.0,lang_b,0,,books smart_devices
U027850,2026-06-01,north,18-24,4,plus,mid,ios,68,58.38,1.0,lang_c,0,I0031,
U027851,2026-06-01,east,35-49,1,basic,premium,android,24,54.3,2.0,lang_a,1,I0519 I0522 I0900 I0926,bags travel_accessories
U027852,2026-06-01,east,18-24,2,plus,mid,android,53,48.84,2.0,lang_a,1,,gaming kitchen
U027853,2026-06-01,central,25-34,1,plus,entry,ios,7,41.28,3.0,lang_a,1,,books furnishings
U027854,2026-06-01,central,50+,4,plus,mid,android,44,128.87,2.0,lang_c,1,I0578 I0857 I0892,accessories streaming
U027855,2026-06-01,east,50+,4,basic,entry,android,63,86.44,4.0,lang_a,0,I0254,
U027856,2026-06-01,coastal,35-49,1,plus,premium,android,33,84.63,,lang_b,1,,
U027857,2026-06-01,south,35-49,4,basic,premium,ios,35,125.96,4.0,lang_c,1,I0971 I0972 I0982 I0989 I0991,fitness furnishings
U027858,2026-06-01,coastal,35-49,5,basic,entry,ios,33,31.28,3.0,lang_c,1,I0273 I0916,clothing travel_accessories
U027859,2026-06-01,east,50+,4,plus,mid,android,41,21.3,2.0,lang_a,0,I0009 I0015 I0029 I0508,kitchen streaming
U027860,2026-06-01,west,35-49,4,basic,mid,android,3,78.14,,lang_b,1,I0288 I0293 I0557,
U027861,2026-06-01,coastal,18-24,1,basic,entry,android,75,,4.0,lang_b,1,,
U027862,2026-06-01,coastal,18-24,1,basic,premium,android,38,73.0,3.0,lang_a,1,,creative_hobbies wellness
U027863,2026-06-01,south,25-34,5,plus,entry,android,19,39.04,4.0,lang_a,0,I0050 I0072 I0096 I0099,
U027864,2026-06-01,north,35-49,4,basic,mid,android,47,,3.0,lang_c,1,,learning mobile_accessories
U027865,2026-06-01,south,35-49,4,plus,entry,android,61,78.54,4.0,lang_c,0,,clothing garden
U027866,2026-06-01,south,25-34,3,basic,mid,android,33,39.51,3.0,lang_b,0,I0593,learning smart_devices
U027867,2026-06-01,coastal,18-24,2,basic,mid,ios,61,114.08,3.0,lang_b,1,I0551,delivery kitchen
U027868,2026-06-01,east,25-34,2,plus,unknown,android,47,102.1,1.0,lang_c,0,I0250 I0255 I0263 I0266 I0488 I0864 I0873,
U027869,2026-06-01,central,35-49,1,basic,premium,android,66,125.37,,lang_b,0,I0858 I0861 I0869 I0893,
U027870,2026-06-01,south,25-34,1,premium,premium,ios,38,,2.0,lang_a,1,I0667,
U027871,2026-06-01,south,50+,3,basic,premium,android,69,49.55,4.0,lang_b,1,I0188 I0474 I0918,computing local_experiences
U027872,2026-06-01,west,50+,1,basic,mid,ios,30,52.15,,lang_a,0,,bags footwear
U027873,2026-06-01,south,25-34,1,basic,entry,android,48,124.84,3.0,lang_a,0,,
U027874,2026-06-01,coastal,18-24,4,basic,entry,ios,63,40.03,5.0,lang_c,1,I0189 I0312 I0902,
U027875,2026-06-01,central,18-24,3,basic,mid,android,37,172.18,3.0,lang_c,0,I0056 I0063 I0064 I0079 I0083 I0088 I0178 I0515,computing smart_devices
U027876,2026-06-01,south,50+,2,basic,mid,android,72,18.0,4.0,lang_a,0,I0231 I0247 I0480,connectivity footwear
U027877,2026-06-01,south,25-34,1,basic,entry,android,6,38.32,2.0,lang_a,1,I0916 I0933 I0941 I0957,bags travel_accessories
U027878,2026-06-01,north,18-24,1,premium,entry,android,67,68.22,4.0,lang_c,0,,footwear local_experiences
U027879,2026-06-01,central,35-49,1,plus,mid,android,39,25.7,4.0,lang_a,1,,clothing creative_hobbies
U027880,2026-06-01,central,35-49,2,basic,entry,android,35,123.66,2.0,lang_a,1,I0926 I0939,
U027881,2026-06-01,north,35-49,1,basic,mid,ios,58,45.04,3.0,lang_c,0,I0656 I0681 I0694,local_experiences streaming
U027882,2026-06-01,west,25-34,2,basic,entry,android,24,54.97,3.0,lang_a,0,I0039 I0924,furnishings travel_accessories
U027883,2026-06-01,central,35-49,4,basic,entry,android,23,84.46,2.0,lang_a,1,,delivery kitchen
U027884,2026-06-01,coastal,35-49,1,basic,entry,ios,44,75.83,4.0,lang_a,1,,kitchen travel_accessories
U027885,2026-06-01,north,25-34,2,plus,mid,android,58,60.0,3.0,lang_c,1,I0092 I0665 I0908,books furnishings
U027886,2026-06-01,west,35-49,3,plus,mid,android,18,36.25,4.0,lang_a,0,I0125,computing delivery
U027887,2026-06-01,west,50+,4,premium,entry,ios,50,44.86,,lang_b,1,I0255,footwear kitchen
U027888,2026-06-01,east,25-34,1,basic,mid,ios,82,48.7,4.0,lang_a,1,,local_experiences streaming
U027889,2026-06-01,coastal,25-34,3,plus,premium,ios,66,91.62,3.0,lang_a,0,,
U027890,2026-06-01,west,25-34,2,plus,mid,ios,63,81.93,4.0,lang_b,0,I0187 I0188,
U027891,2026-06-01,coastal,50+,1,premium,mid,ios,79,45.82,2.0,lang_b,0,,
U027892,2026-06-01,south,18-24,5,plus,mid,ios,11,52.79,5.0,lang_b,0,I0552 I0688,
U027893,2026-06-01,coastal,25-34,1,basic,mid,ios,31,45.4,3.0,lang_b,0,I0306,creative_hobbies delivery
U027894,2026-06-01,east,18-24,3,plus,unknown,android,7,67.4,3.0,lang_a,1,I0927 I0940 I0975,
U027895,2026-06-01,south,25-34,1,basic,entry,android,23,28.35,3.0,lang_b,1,I0450,
U027896,2026-06-01,coastal,18-24,1,basic,entry,ios,31,126.71,3.0,lang_a,0,I0901 I0903 I0906 I0925,creative_hobbies travel_accessories
U027897,2026-06-01,west,25-34,1,basic,mid,android,22,16.62,,lang_c,0,I0575,
U027898,2026-06-01,west,18-24,2,basic,premium,android,11,58.36,4.0,lang_a,0,,fitness footwear
U027899,2026-06-01,east,50+,3,basic,entry,android,56,194.99,4.0,lang_a,0,I0483 I0498,connectivity wellness
U027900,2026-06-01,coastal,25-34,4,basic,premium,android,40,82.67,3.0,lang_c,0,I0123 I0991,
U027901,2026-06-01,south,35-49,5,premium,mid,ios,14,39.63,2.0,lang_b,0,,
U027902,2026-06-01,west,35-49,2,basic,mid,android,74,,4.0,lang_c,1,I0100 I0478,delivery travel_accessories
U027903,2026-06-01,north,50+,4,premium,mid,android,63,78.04,3.0,lang_a,0,,books furnishings
U027904,2026-06-01,south,35-49,1,premium,mid,android,51,111.06,2.0,lang_c,1,I0341 I0886 I0944,
U027905,2026-06-01,south,50+,1,plus,mid,ios,35,28.78,2.0,lang_a,1,,
U027906,2026-06-01,east,25-34,1,basic,entry,ios,60,177.58,3.0,lang_c,0,I0467,fitness streaming
U027907,2026-06-01,west,18-24,3,basic,mid,android,49,56.55,2.0,lang_c,1,I0488 I0490,books learning
U027908,2026-06-01,north,50+,4,basic,mid,ios,22,,2.0,lang_b,0,I0309 I0477 I0480 I0852,audio travel_accessories
U027909,2026-06-01,south,18-24,4,basic,entry,ios,71,40.02,2.0,lang_b,0,,
U027910,2026-06-01,central,18-24,5,basic,mid,android,54,69.65,3.0,lang_a,0,I0950 I0989,learning travel_accessories
U027911,2026-06-01,coastal,35-49,4,plus,premium,ios,72,,4.0,lang_a,0,I0115 I0951 I0960 I0971 I0972 I0975 I0978 I0984 I0991 I0993,fitness smart_devices
U027912,2026-06-01,south,18-24,4,basic,mid,android,26,98.31,2.0,lang_a,1,I0068 I0208 I0232 I0330 I0956 I0991,fitness garden
U027913,2026-06-01,south,50+,2,premium,mid,android,36,45.21,4.0,lang_a,1,I0250 I0288,books clothing
U027914,2026-06-01,north,25-34,4,basic,premium,android,74,55.81,4.0,lang_b,1,I0510,bags gaming
U027915,2026-06-01,coastal,18-24,3,basic,entry,android,6,45.11,2.0,lang_a,1,,
U027916,2026-06-01,west,18-24,2,plus,premium,android,53,51.17,1.0,lang_b,1,I0255 I0263,
U027917,2026-06-01,south,25-34,4,plus,mid,ios,17,20.16,2.0,lang_a,0,I0980,
U027918,2026-06-01,north,50+,2,basic,mid,android,59,42.11,4.0,lang_a,1,I0462,books creative_hobbies
U027919,2026-06-01,east,35-49,5,plus,mid,ios,5,94.11,3.0,lang_c,1,I0223 I0903,
U027920,2026-06-01,south,25-34,4,basic,unknown,android,65,105.92,3.0,lang_a,1,,kitchen mobile_accessories
U027921,2026-06-01,south,35-49,2,basic,premium,ios,3,65.69,2.0,lang_a,0,,
U027922,2026-06-01,south,25-34,1,premium,premium,android,21,,3.0,lang_c,0,,furnishings smart_devices
U027923,2026-06-01,east,35-49,3,premium,entry,android,17,21.56,4.0,lang_a,0,I0673,
U027924,2026-06-01,west,35-49,1,basic,mid,android,24,47.88,3.0,lang_c,1,I0013,audio clothing
U027925,2026-06-01,central,50+,5,basic,mid,android,60,46.59,3.0,lang_b,1,I0078 I0952 I0957 I0972 I0975,fitness kitchen
U027926,2026-06-01,central,25-34,5,basic,entry,android,4,49.9,2.0,lang_b,0,,books travel_accessories
U027927,2026-06-01,east,35-49,2,basic,entry,ios,23,31.91,3.0,lang_c,1,I0264 I0301 I0303 I0322 I0328 I0332 I0341 I0343 I0660 I0662 I0665 I0669,
U027928,2026-06-01,central,35-49,4,premium,mid,ios,49,118.88,3.0,lang_b,1,,
U027929,2026-06-01,coastal,35-49,3,plus,premium,ios,75,,3.0,lang_c,0,I0013,
U027930,2026-06-01,west,25-34,2,basic,premium,android,52,33.63,4.0,lang_c,0,I0512,bags gaming
U027931,2026-06-01,west,25-34,2,basic,mid,android,62,49.18,,lang_c,1,I0153 I0224 I0230 I0510 I0513 I0686 I0688,
U027932,2026-06-01,central,18-24,3,basic,premium,ios,46,28.63,,lang_c,0,I0163,
U027933,2026-06-01,central,25-34,3,basic,premium,android,21,48.13,3.0,lang_b,0,,clothing garden
U027934,2026-06-01,coastal,50+,2,premium,premium,ios,36,35.75,3.0,lang_b,1,,
U027935,2026-06-01,south,50+,2,premium,mid,ios,3,75.22,,lang_c,1,I0291 I0960 I0987,clothing garden
U027936,2026-06-01,east,35-49,4,basic,premium,android,42,55.47,2.0,lang_b,0,,creative_hobbies outdoor
U027937,2026-06-01,central,18-24,1,basic,premium,android,39,48.57,,lang_b,0,,
U027938,2026-06-01,east,18-24,5,basic,mid,ios,10,44.08,5.0,lang_c,1,I0163 I0274 I0452 I0456 I0487,local_experiences outdoor
U027939,2026-06-01,south,50+,5,plus,mid,ios,41,38.15,4.0,lang_a,0,I0007 I0277 I0683,
U027940,2026-06-01,west,35-49,5,premium,premium,android,30,69.69,,lang_b,1,I0570 I0915,accessories learning
U027941,2026-06-01,east,35-49,4,basic,premium,android,76,109.18,4.0,lang_c,1,,
U027942,2026-06-01,central,25-34,4,plus,mid,android,56,63.81,1.0,lang_c,1,I0915,
U027943,2026-06-01,south,25-34,4,basic,mid,android,4,98.69,2.0,lang_a,0,,bags kitchen
U027944,2026-06-01,west,18-24,4,basic,entry,android,22,38.37,3.0,lang_c,1,,fitness streaming
U027945,2026-06-01,north,25-34,3,basic,premium,android,71,32.47,3.0,lang_b,0,I0113 I0125,furnishings mobile_accessories
U027946,2026-06-01,west,35-49,3,basic,premium,ios,67,53.49,4.0,lang_a,1,,
U027947,2026-06-01,coastal,18-24,2,basic,mid,android,66,46.47,3.0,lang_c,1,,
U027948,2026-06-01,east,35-49,1,basic,premium,android,23,36.14,3.0,lang_a,1,I0206 I0957,fitness kitchen
U027949,2026-06-01,east,25-34,4,plus,mid,android,67,52.31,3.0,lang_c,1,I0114 I0143 I0932,books wellness
U027950,2026-06-01,central,35-49,3,basic,mid,ios,13,121.69,2.0,lang_b,1,I0059 I0071 I0906 I0921 I0924 I0938 I0945,computing connectivity
U027951,2026-06-01,east,25-34,2,basic,entry,android,83,34.09,,lang_a,1,I0116,learning outdoor
U027952,2026-06-01,east,35-49,2,basic,entry,android,66,48.78,2.0,lang_c,1,I0193,accessories wellness
U027953,2026-06-01,central,25-34,3,plus,premium,ios,80,29.27,2.0,lang_b,0,I0574,outdoor smart_devices
U027954,2026-06-01,central,18-24,5,basic,premium,ios,75,158.89,3.0,lang_c,0,,audio travel_accessories
U027955,2026-06-01,central,25-34,3,premium,premium,android,76,32.42,3.0,lang_c,1,I0662,delivery furnishings
U027956,2026-06-01,north,25-34,3,basic,entry,ios,21,25.07,2.0,lang_b,0,I0079 I0223 I0985,bags wellness
U027957,2026-06-01,coastal,18-24,1,basic,premium,android,81,23.0,2.0,lang_b,1,I0563,
U027958,2026-06-01,west,18-24,1,plus,unknown,android,28,122.45,3.0,lang_a,1,I0172 I0188,
U027959,2026-06-01,east,25-34,5,premium,entry,ios,26,30.28,4.0,lang_c,1,,learning outdoor
U027960,2026-06-01,north,35-49,4,plus,mid,ios,10,54.75,4.0,lang_b,1,,
U027961,2026-06-01,coastal,50+,1,basic,entry,ios,22,126.1,3.0,lang_a,0,I0212 I0322 I0342 I0924 I0973,
U027962,2026-06-01,west,35-49,3,basic,premium,ios,29,77.2,3.0,lang_a,1,I0276 I0288 I0965,furnishings outdoor
U027963,2026-06-01,central,50+,5,plus,mid,ios,39,39.45,,lang_c,1,I0260,
U027964,2026-06-01,coastal,25-34,2,plus,mid,android,1,37.88,3.0,lang_b,1,,books furnishings
U027965,2026-06-01,coastal,25-34,1,basic,entry,ios,33,55.4,4.0,lang_a,1,I0893,garden outdoor
U027966,2026-06-01,central,18-24,1,plus,premium,android,12,86.27,3.0,lang_a,0,I0317 I0490,garden streaming
U027967,2026-06-01,central,50+,1,plus,mid,android,33,,3.0,lang_c,1,I0301,garden home_care
U027968,2026-06-01,coastal,25-34,1,plus,premium,android,31,40.73,2.0,lang_b,0,I0961 I0987,fitness garden
U027969,2026-06-01,west,18-24,3,basic,premium,android,42,98.41,3.0,lang_a,0,I0002 I0004 I0047,
U027970,2026-06-01,coastal,35-49,4,plus,premium,android,78,97.87,5.0,lang_b,1,I0222 I0225 I0576,
U027971,2026-06-01,west,35-49,5,premium,entry,ios,3,96.45,4.0,lang_c,1,I0153 I0156 I0308 I0904 I0909 I0913 I0915 I0916 I0919 I0922 I0928,garden kitchen
U027972,2026-06-01,west,25-34,4,plus,premium,android,35,,3.0,lang_b,1,I0560 I0979,accessories books
U027973,2026-06-01,south,18-24,4,basic,entry,android,61,56.51,3.0,lang_c,1,I0112 I0235 I0853 I0864 I0867 I0872 I0881,books kitchen
U027974,2026-06-01,east,50+,4,basic,mid,android,69,61.79,2.0,lang_a,1,,books outdoor
U027975,2026-06-01,west,50+,4,basic,premium,ios,51,33.27,2.0,lang_c,0,I0481 I0490 I0924,audio learning
U027976,2026-06-01,south,35-49,2,basic,premium,ios,70,106.24,3.0,lang_c,0,I0149 I0294 I0301 I0906 I0918,learning travel_accessories
U027977,2026-06-01,east,35-49,1,plus,premium,ios,33,55.46,3.0,lang_b,1,I0052 I0306 I0320 I0322 I0331,
U027978,2026-06-01,east,50+,1,plus,unknown,android,53,34.92,4.0,lang_a,1,,
U027979,2026-06-01,west,35-49,2,basic,entry,android,75,33.88,3.0,lang_a,1,I0065 I0066 I0170 I0692 I0913 I0918 I0965 I0974 I0985,
U027980,2026-06-01,east,25-34,5,premium,entry,android,56,48.65,4.0,lang_b,1,,bags connectivity
U027981,2026-06-01,central,18-24,1,premium,premium,android,33,117.22,5.0,lang_a,1,,connectivity fitness
U027982,2026-06-01,east,25-34,5,basic,mid,android,6,22.25,3.0,lang_c,1,I0113 I0578 I0943,
U027983,2026-06-01,central,50+,3,basic,mid,android,48,82.12,5.0,lang_b,1,I0091,clothing wellness
U027984,2026-06-01,south,50+,2,basic,entry,ios,47,45.7,3.0,lang_a,0,I0467 I0851 I0877 I0883,footwear streaming
U027985,2026-06-01,north,50+,5,plus,entry,android,30,139.79,4.0,lang_a,1,,
U027986,2026-06-01,north,18-24,4,plus,premium,ios,79,36.03,3.0,lang_b,1,I0153 I0164 I0674,
U027987,2026-06-01,central,18-24,2,basic,entry,android,23,56.7,,lang_a,0,I0238,kitchen outdoor
U027988,2026-06-01,central,25-34,3,premium,mid,android,24,75.5,4.0,lang_a,0,,delivery travel_accessories
U027989,2026-06-01,east,18-24,1,basic,premium,ios,81,59.3,3.0,lang_a,1,I0987,
U027990,2026-06-01,north,18-24,1,basic,mid,android,32,56.88,3.0,lang_a,0,I0003 I0150 I0157 I0159 I0163 I0168 I0175 I0194 I0218 I0985,
U027991,2026-06-01,west,50+,2,basic,unknown,android,6,18.66,4.0,lang_a,0,I0059 I0071 I0097 I0908,
U027992,2026-06-01,south,35-49,1,plus,mid,android,35,68.75,3.0,lang_c,1,I0001 I0012 I0022 I0027 I0066,
U027993,2026-06-01,north,50+,2,premium,premium,android,78,26.33,3.0,lang_b,1,,
U027994,2026-06-01,north,50+,1,plus,premium,android,40,90.29,,lang_c,0,,audio home_care
U027995,2026-06-01,south,35-49,4,basic,entry,ios,13,68.72,2.0,lang_a,1,I0505,bags creative_hobbies
U027996,2026-06-01,coastal,35-49,1,basic,premium,android,68,91.38,1.0,lang_c,0,,creative_hobbies delivery
U027997,2026-06-01,west,50+,3,plus,mid,ios,31,20.56,3.0,lang_a,1,I0039 I0101 I0124,mobile_accessories travel_accessories
U027998,2026-06-01,central,18-24,4,basic,premium,ios,33,78.42,4.0,lang_b,1,,connectivity garden
U027999,2026-06-01,east,18-24,1,basic,premium,android,75,74.19,3.0,lang_a,0,,home_care local_experiences
U028000,2026-06-01,coastal,25-34,1,premium,entry,android,55,87.22,3.0,lang_b,1,I0292 I0501 I0506,bags kitchen
U028001,2026-06-01,east,35-49,3,basic,mid,android,64,134.23,2.0,lang_c,1,I0051 I0277 I0472 I0566 I0574,books learning
U028002,2026-06-01,north,35-49,2,plus,premium,android,31,42.82,3.0,lang_c,1,I0153 I0491,mobile_accessories smart_devices
U028003,2026-06-01,central,50+,1,basic,entry,android,19,58.06,3.0,lang_a,1,I0102,computing furnishings
U028004,2026-06-01,coastal,25-34,4,basic,entry,android,40,45.82,5.0,lang_a,1,I0043 I0170 I0206 I0212 I0231 I0234 I0235 I0239 I0478 I0654,fitness gaming
U028005,2026-06-01,south,50+,4,basic,premium,ios,79,61.67,3.0,lang_b,0,I0078 I0561,
U028006,2026-06-01,west,25-34,4,basic,entry,ios,7,92.94,2.0,lang_a,0,I0050 I0867 I0869,connectivity outdoor
U028007,2026-06-01,south,35-49,1,basic,entry,ios,33,,3.0,lang_c,0,I0588,clothing furnishings
U028008,2026-06-01,east,25-34,1,premium,entry,android,84,67.37,2.0,lang_a,1,,
U028009,2026-06-01,west,50+,4,plus,entry,android,31,219.69,4.0,lang_b,0,I0515,bags connectivity
U028010,2026-06-01,north,25-34,1,plus,entry,android,57,40.09,3.0,lang_c,0,I0462 I0486 I0682,kitchen travel_accessories
U028011,2026-06-01,coastal,35-49,3,basic,entry,android,30,54.21,,lang_a,1,I0142,
U028012,2026-06-01,coastal,25-34,2,premium,mid,android,13,47.21,1.0,lang_a,1,I0056 I0225 I0476 I0656 I0677,
U028013,2026-06-01,west,35-49,5,plus,mid,ios,50,74.92,2.0,lang_c,1,I0025,
U028014,2026-06-01,east,25-34,4,plus,entry,android,81,34.91,,lang_a,1,I0050 I0058 I0066 I0103 I0114 I0131 I0135 I0167 I0451 I0470 I0488,home_care mobile_accessories
U028015,2026-06-01,west,50+,3,basic,entry,ios,50,63.92,3.0,lang_c,0,I0016,garden streaming
U028016,2026-06-01,central,35-49,3,plus,entry,android,23,53.3,3.0,lang_a,1,I0130 I0142 I0225 I0232 I0252 I0970 I0971 I0972 I0985 I0986 I0987,clothing fitness
U028017,2026-06-01,north,35-49,2,plus,entry,android,59,,2.0,lang_a,1,,delivery kitchen
U028018,2026-06-01,coastal,35-49,3,basic,unknown,ios,82,80.15,3.0,lang_c,1,,connectivity learning
U028019,2026-06-01,north,25-34,3,plus,unknown,ios,23,116.97,,lang_c,0,I0556 I0569,
U028020,2026-06-01,coastal,35-49,2,basic,premium,ios,4,112.22,4.0,lang_c,0,,
U028021,2026-06-01,west,50+,4,basic,entry,android,76,166.33,2.0,lang_b,0,I0681,
U028022,2026-06-01,central,35-49,5,basic,mid,android,22,33.37,2.0,lang_c,0,I0451 I0491 I0850 I0856 I0864 I0884 I0885 I0892 I0951 I0980,
U028023,2026-06-01,south,35-49,4,premium,mid,android,37,22.67,3.0,lang_a,1,I0276,clothing furnishings
U028024,2026-06-01,north,18-24,2,plus,entry,android,12,45.62,2.0,lang_a,1,I0265 I0549 I0552,books computing
U028025,2026-06-01,central,25-34,2,plus,entry,android,7,104.68,3.0,lang_a,1,I0694,
U028026,2026-06-01,coastal,35-49,2,plus,mid,android,60,58.72,1.0,lang_b,0,I0322 I0339 I0481 I0566 I0569,
U028027,2026-06-01,coastal,35-49,3,plus,premium,ios,75,113.08,3.0,lang_b,0,,
U028028,2026-06-01,west,25-34,4,plus,premium,ios,14,,,lang_a,1,,learning wellness
U028029,2026-06-01,west,50+,2,basic,mid,android,50,43.93,2.0,lang_b,1,I0041 I0111 I0113 I0130,
U028030,2026-06-01,south,35-49,5,basic,premium,android,3,73.96,3.0,lang_c,1,,clothing outdoor
U028031,2026-06-01,east,50+,1,basic,entry,android,19,62.27,4.0,lang_a,0,I0272,creative_hobbies furnishings
U028032,2026-06-01,coastal,50+,1,basic,premium,android,50,74.01,3.0,lang_b,1,I0488 I0872 I0893,books computing
U028033,2026-06-01,central,18-24,1,premium,mid,android,51,31.24,3.0,lang_c,1,I0041 I0502 I0503 I0504 I0510 I0513 I0516 I0522 I0538 I0860 I0893,bags kitchen
U028034,2026-06-01,north,18-24,5,basic,entry,android,64,73.63,3.0,lang_a,1,I0650 I0655 I0673 I0992,
U028035,2026-06-01,central,50+,4,basic,premium,ios,20,73.16,4.0,lang_c,1,I0453 I0466 I0469 I0475 I0490,
U028036,2026-06-01,south,25-34,1,basic,entry,android,25,55.47,4.0,lang_a,1,,kitchen local_experiences
U028037,2026-06-01,coastal,35-49,2,basic,entry,ios,52,42.95,3.0,lang_a,1,I0667 I0872 I0880 I0894,
U028038,2026-06-01,central,35-49,2,basic,mid,android,44,,,lang_a,1,I0890,
U028039,2026-06-01,coastal,50+,4,basic,entry,ios,73,78.42,,lang_b,1,,creative_hobbies wellness
U028040,2026-06-01,south,18-24,5,basic,premium,ios,66,99.87,4.0,lang_a,1,I0041 I0235,books kitchen
U028041,2026-06-01,coastal,18-24,4,basic,mid,android,32,65.37,3.0,lang_c,0,,fitness mobile_accessories
U028042,2026-06-01,central,35-49,2,basic,entry,android,47,44.33,3.0,lang_c,1,,books smart_devices
U028043,2026-06-01,coastal,35-49,1,basic,premium,android,11,58.92,2.0,lang_b,1,,
U028044,2026-06-01,coastal,25-34,2,premium,entry,ios,18,115.97,3.0,lang_a,0,,books streaming
U028045,2026-06-01,coastal,25-34,3,basic,mid,android,4,77.5,3.0,lang_b,1,,learning local_experiences
U028046,2026-06-01,east,25-34,5,basic,entry,android,4,43.17,3.0,lang_b,1,I0001,creative_hobbies delivery
U028047,2026-06-01,north,18-24,5,premium,mid,android,1,49.3,4.0,lang_a,1,,
U028048,2026-06-01,coastal,35-49,1,basic,unknown,android,37,44.48,2.0,lang_c,1,,audio bags
U028049,2026-06-01,east,50+,5,basic,mid,ios,44,65.43,3.0,lang_c,1,I0572 I0852 I0860 I0864 I0877 I0890 I0896 I0955,creative_hobbies local_experiences
U028050,2026-06-01,south,35-49,4,basic,mid,android,65,16.76,2.0,lang_b,0,I0079 I0093 I0094 I0135 I0305,clothing wellness
U028051,2026-06-01,north,35-49,4,basic,mid,ios,54,90.64,3.0,lang_c,0,,learning outdoor
U028052,2026-06-01,coastal,18-24,5,basic,entry,ios,56,48.48,3.0,lang_b,0,I0205 I0221 I0452 I0935 I0974,local_experiences travel_accessories
U028053,2026-06-01,east,18-24,1,basic,mid,android,21,75.21,2.0,lang_a,1,I0959 I0964 I0976 I0978 I0988 I0991,audio clothing
U028054,2026-06-01,east,35-49,4,basic,entry,ios,75,45.84,4.0,lang_a,1,,
U028055,2026-06-01,coastal,35-49,3,basic,mid,ios,26,41.34,4.0,lang_b,1,,fitness streaming
U028056,2026-06-01,central,35-49,3,basic,mid,ios,68,94.77,3.0,lang_a,0,I0283 I0933 I0936 I0991,bags clothing
U028057,2026-06-01,east,35-49,3,basic,mid,android,48,95.2,4.0,lang_c,0,I0263,
U028058,2026-06-01,south,50+,5,basic,unknown,ios,67,63.84,,lang_c,0,I0593,
U028059,2026-06-01,east,18-24,2,basic,entry,android,20,160.28,2.0,lang_b,0,I0063 I0079 I0081 I0086,computing creative_hobbies
U028060,2026-06-01,south,18-24,3,basic,premium,android,32,91.94,3.0,lang_b,1,I0008 I0015,
U028061,2026-06-01,west,35-49,1,basic,mid,android,24,19.27,3.0,lang_b,1,I0226 I0533 I0957,bags delivery
U028062,2026-06-01,west,35-49,5,premium,entry,ios,82,,3.0,lang_a,1,I0000 I0226 I0309 I0869,
U028063,2026-06-01,south,25-34,3,plus,mid,android,46,43.02,4.0,lang_b,1,I0476,
U028064,2026-06-01,east,25-34,5,plus,entry,android,45,133.78,1.0,lang_b,1,,connectivity smart_devices
U028065,2026-06-01,east,18-24,2,premium,unknown,ios,42,,2.0,lang_b,1,,gaming learning
U028066,2026-06-01,north,50+,4,premium,entry,ios,54,25.05,2.0,lang_c,1,I0556,audio creative_hobbies
U028067,2026-06-01,west,35-49,1,basic,mid,ios,42,40.21,3.0,lang_c,1,I0282 I0291 I0479,
U028068,2026-06-01,south,18-24,4,basic,premium,android,8,120.1,3.0,lang_c,1,I0917 I0923 I0938,audio learning
U028069,2026-06-01,east,25-34,2,basic,mid,android,55,115.24,4.0,lang_a,1,I0879 I0944,
U028070,2026-06-01,coastal,18-24,5,premium,premium,android,64,28.55,2.0,lang_b,1,,
U028071,2026-06-01,west,25-34,4,basic,mid,ios,37,33.66,,lang_b,0,I0965,books smart_devices
U028072,2026-06-01,coastal,25-34,5,basic,premium,android,49,18.72,3.0,lang_c,1,I0218,connectivity kitchen
U028073,2026-06-01,south,50+,4,plus,entry,ios,4,243.65,3.0,lang_b,1,I0324 I0656 I0674,
U028074,2026-06-01,north,18-24,2,plus,mid,android,64,26.9,4.0,lang_a,1,,footwear travel_accessories
U028075,2026-06-01,coastal,50+,5,plus,premium,android,42,,3.0,lang_a,0,,
U028076,2026-06-01,west,18-24,1,plus,entry,ios,74,120.89,3.0,lang_a,1,I0973,accessories connectivity
U028077,2026-06-01,west,35-49,2,plus,mid,ios,15,133.74,,lang_a,0,I0080 I0570 I0906 I0921 I0939,local_experiences travel_accessories
U028078,2026-06-01,south,25-34,1,basic,unknown,ios,72,29.92,3.0,lang_b,0,I0218 I0227 I0961 I0971,
U028079,2026-06-01,east,50+,5,basic,premium,android,15,81.9,2.0,lang_b,1,I0972 I0976 I0990,
U028080,2026-06-01,north,25-34,5,plus,entry,android,45,87.29,3.0,lang_b,1,,
U028081,2026-06-01,west,18-24,1,premium,entry,ios,37,142.21,4.0,lang_a,1,I0913,
U028082,2026-06-01,coastal,35-49,4,plus,mid,ios,55,43.42,4.0,lang_a,0,I0986 I0988,clothing streaming
U028083,2026-06-01,coastal,25-34,1,basic,mid,ios,68,52.19,4.0,lang_c,1,I0151 I0179 I0193 I0489,accessories footwear
U028084,2026-06-01,coastal,35-49,1,basic,entry,ios,12,20.12,4.0,lang_a,1,,books local_experiences
U028085,2026-06-01,north,50+,1,basic,entry,android,10,16.91,3.0,lang_a,1,,
U028086,2026-06-01,west,25-34,4,basic,mid,android,84,43.89,,lang_a,1,I0180 I0321 I0906 I0912 I0913 I0931 I0938 I0943 I0964,creative_hobbies wellness
U028087,2026-06-01,coastal,35-49,5,premium,premium,android,23,63.02,3.0,lang_c,0,I0223 I0456,footwear kitchen
U028088,2026-06-01,coastal,25-34,1,basic,entry,android,30,61.04,3.0,lang_b,1,I0681,
U028089,2026-06-01,coastal,18-24,2,basic,premium,android,31,157.11,4.0,lang_a,0,I0677 I0855 I0867 I0878 I0894 I0903,
U028090,2026-06-01,south,25-34,1,basic,entry,ios,37,57.76,3.0,lang_b,1,I0129 I0682,audio delivery
U028091,2026-06-01,central,35-49,1,basic,mid,android,78,69.93,4.0,lang_b,0,I0070 I0506 I0852 I0858 I0863 I0864 I0866 I0878 I0885,kitchen outdoor
U028092,2026-06-01,north,50+,2,basic,entry,android,37,230.81,1.0,lang_c,1,I0331 I0332 I0865,clothing local_experiences
U028093,2026-06-01,west,35-49,5,plus,mid,android,51,92.41,,lang_b,1,I0112 I0119 I0122 I0123 I0132,
U028094,2026-06-01,east,50+,5,plus,entry,android,77,18.24,2.0,lang_b,1,I0251,
U028095,2026-06-01,central,25-34,5,plus,unknown,android,80,61.51,3.0,lang_b,1,,garden smart_devices
U028096,2026-06-01,west,35-49,2,plus,mid,android,58,36.08,5.0,lang_b,1,I0541,bags kitchen
U028097,2026-06-01,central,25-34,4,plus,mid,ios,75,92.14,,lang_c,0,I0022 I0028 I0684 I0692,accessories outdoor
U028098,2026-06-01,north,25-34,1,premium,mid,android,69,115.83,5.0,lang_b,0,I0535 I0564 I0583 I0857 I0869 I0871 I0890,
U028099,2026-06-01,east,50+,4,plus,mid,ios,1,51.08,3.0,lang_c,0,I0231 I0245 I0248,accessories mobile_accessories
U028100,2026-06-01,east,25-34,4,premium,unknown,ios,25,249.03,4.0,lang_a,0,,accessories fitness
U028101,2026-06-01,coastal,50+,2,plus,premium,android,6,82.4,3.0,lang_a,1,I0030 I0037 I0523,
U028102,2026-06-01,central,18-24,2,basic,mid,ios,2,48.71,2.0,lang_b,1,,
U028103,2026-06-01,west,18-24,1,basic,mid,ios,82,83.59,1.0,lang_c,1,I0294,
U028104,2026-06-01,east,35-49,5,plus,mid,ios,75,74.94,3.0,lang_a,1,,kitchen travel_accessories
U028105,2026-06-01,west,18-24,3,plus,entry,ios,32,,3.0,lang_b,0,,mobile_accessories wellness
U028106,2026-06-01,central,50+,5,basic,mid,ios,84,129.49,5.0,lang_b,1,,home_care local_experiences
U028107,2026-06-01,west,25-34,3,basic,premium,ios,57,75.24,3.0,lang_c,1,I0956,delivery outdoor
U028108,2026-06-01,central,18-24,1,basic,premium,android,78,,3.0,lang_a,1,I0854,local_experiences outdoor
U028109,2026-06-01,south,18-24,1,plus,entry,android,36,413.09,3.0,lang_b,1,I0929 I0966,books travel_accessories
U028110,2026-06-01,east,18-24,4,basic,premium,android,84,54.04,4.0,lang_c,0,I0472 I0650,computing kitchen
U028111,2026-06-01,coastal,18-24,3,basic,entry,android,23,53.86,3.0,lang_b,1,,
U028112,2026-06-01,east,25-34,5,basic,entry,android,51,44.33,2.0,lang_c,1,I0126 I0556,
U028113,2026-06-01,central,35-49,5,plus,entry,android,49,43.03,,lang_a,1,,
U028114,2026-06-01,central,25-34,3,plus,mid,ios,37,59.29,5.0,lang_b,1,I0521 I0524,bags learning
U028115,2026-06-01,coastal,50+,4,basic,premium,android,41,17.19,4.0,lang_a,0,I0882 I0902 I0907 I0924 I0933,
U028116,2026-06-01,south,18-24,1,basic,entry,android,3,26.9,3.0,lang_b,1,I0219 I0923,
U028117,2026-06-01,west,25-34,2,premium,mid,android,38,116.21,4.0,lang_c,1,I0854 I0872 I0894,
U028118,2026-06-01,north,18-24,5,basic,mid,ios,24,64.2,3.0,lang_a,1,I0884,
U028119,2026-06-01,east,18-24,3,plus,premium,ios,5,78.98,4.0,lang_c,1,I0133 I0156 I0159 I0267 I0269 I0272 I0283 I0291 I0657,furnishings smart_devices
U028120,2026-06-01,central,35-49,5,plus,entry,android,60,16.68,,lang_b,1,I0027 I0041,audio local_experiences
U028121,2026-06-01,north,18-24,2,basic,entry,android,2,80.58,2.0,lang_a,1,I0152,
U028122,2026-06-01,north,18-24,5,plus,mid,android,28,58.07,4.0,lang_a,1,I0869 I0918 I0936 I0963 I0973 I0978 I0979,creative_hobbies delivery
U028123,2026-06-01,central,25-34,5,basic,premium,android,37,331.05,4.0,lang_a,1,,delivery streaming
U028124,2026-06-01,coastal,35-49,5,premium,mid,ios,13,61.95,4.0,lang_a,1,I0140 I0219,fitness kitchen
U028125,2026-06-01,north,50+,3,basic,premium,android,72,68.86,4.0,lang_c,1,I0217 I0466 I0467 I0471 I0472 I0488,
U028126,2026-06-01,west,35-49,2,basic,mid,ios,6,41.59,3.0,lang_b,1,I0007 I0506 I0511 I0517 I0534 I0541,accessories bags
U028127,2026-06-01,north,18-24,2,basic,mid,android,7,163.8,2.0,lang_c,0,,
U028128,2026-06-01,west,25-34,3,basic,entry,android,33,122.51,3.0,lang_c,1,I0167 I0172 I0913,delivery streaming
U028129,2026-06-01,central,35-49,3,basic,mid,android,12,102.84,4.0,lang_c,1,,delivery outdoor
U028130,2026-06-01,west,25-34,5,plus,entry,android,72,19.31,4.0,lang_a,1,I0961,books travel_accessories
U028131,2026-06-01,north,18-24,3,premium,premium,ios,32,49.36,3.0,lang_a,0,,mobile_accessories streaming
U028132,2026-06-01,coastal,18-24,1,basic,mid,android,56,154.09,2.0,lang_b,1,,accessories computing
U028133,2026-06-01,coastal,25-34,5,basic,premium,ios,26,71.04,2.0,lang_a,1,I0014 I0016 I0866,
U028134,2026-06-01,north,50+,3,basic,mid,ios,7,60.06,3.0,lang_c,0,,
U028135,2026-06-01,coastal,25-34,1,premium,entry,ios,54,85.88,4.0,lang_c,1,,computing streaming
U028136,2026-06-01,west,25-34,1,premium,entry,ios,61,,2.0,lang_a,0,I0671,computing gaming
U028137,2026-06-01,west,35-49,2,basic,premium,android,66,24.92,,lang_b,1,,computing furnishings
U028138,2026-06-01,south,18-24,5,plus,premium,android,49,153.94,3.0,lang_b,1,I0528 I0918,furnishings travel_accessories
U028139,2026-06-01,south,50+,3,basic,mid,ios,17,62.5,3.0,lang_c,1,I0549 I0941 I0983 I0991,streaming wellness
U028140,2026-06-01,east,25-34,3,basic,entry,android,6,104.59,3.0,lang_c,0,I0056 I0075,
U028141,2026-06-01,south,50+,3,plus,mid,android,8,13.77,,lang_c,0,I0280 I0951,fitness garden
U028142,2026-06-01,west,50+,5,basic,mid,android,55,77.26,2.0,lang_c,1,,furnishings smart_devices
U028143,2026-06-01,central,25-34,2,basic,entry,android,20,91.91,1.0,lang_a,1,I0112 I0210 I0212 I0218 I0229,kitchen wellness
U028144,2026-06-01,central,50+,1,plus,premium,android,67,59.06,,lang_b,1,I0123 I0124 I0125 I0136 I0258 I0920 I0922 I0972,
U028145,2026-06-01,east,18-24,5,plus,entry,ios,75,64.9,1.0,lang_a,1,,audio local_experiences
U028146,2026-06-01,coastal,25-34,2,premium,entry,ios,10,246.21,4.0,lang_c,1,I0121,
U028147,2026-06-01,coastal,35-49,3,basic,mid,ios,67,71.79,3.0,lang_b,1,,books footwear
U028148,2026-06-01,north,50+,3,plus,premium,android,33,70.53,2.0,lang_a,1,I0302 I0904 I0940 I0942,streaming travel_accessories
U028149,2026-06-01,south,25-34,4,basic,mid,android,28,28.13,,lang_a,1,,
U028150,2026-06-01,north,50+,5,plus,mid,android,3,16.47,4.0,lang_c,1,I0182,local_experiences wellness
U028151,2026-06-01,west,25-34,2,premium,premium,android,57,42.89,4.0,lang_b,1,,
U028152,2026-06-01,west,50+,4,basic,premium,ios,38,31.68,1.0,lang_a,1,,books learning
U028153,2026-06-01,coastal,35-49,2,basic,entry,ios,9,55.78,1.0,lang_c,0,I0853,kitchen mobile_accessories
U028154,2026-06-01,west,25-34,3,basic,mid,android,26,38.31,3.0,lang_b,0,I0920,audio bags
U028155,2026-06-01,coastal,35-49,1,basic,entry,android,15,33.13,2.0,lang_b,0,I0010 I0023 I0038 I0087 I0329 I0901 I0912 I0931 I0940,books creative_hobbies
U028156,2026-06-01,central,25-34,4,plus,premium,android,65,49.55,2.0,lang_a,0,,books smart_devices
U028157,2026-06-01,north,18-24,2,premium,mid,ios,27,30.11,2.0,lang_a,1,,connectivity local_experiences
U028158,2026-06-01,west,35-49,1,basic,entry,ios,78,68.43,3.0,lang_a,0,I0854 I0860 I0893,clothing outdoor
U028159,2026-06-01,north,18-24,3,basic,entry,android,49,59.2,,lang_b,1,I0061 I0467 I0482 I0974,delivery kitchen
U028160,2026-06-01,west,25-34,4,plus,mid,android,59,15.01,2.0,lang_a,1,I0065 I0150 I0182 I0184 I0191 I0193 I0852,
U028161,2026-06-01,east,35-49,4,basic,mid,android,27,17.17,,lang_b,1,I0297 I0452 I0457 I0491 I0552 I0594,accessories footwear
U028162,2026-06-01,east,25-34,5,basic,entry,ios,39,,3.0,lang_c,0,,
U028163,2026-06-01,south,25-34,4,basic,entry,ios,12,72.35,5.0,lang_c,1,,books learning
U028164,2026-06-01,coastal,25-34,3,premium,premium,android,65,31.55,2.0,lang_a,0,I0210 I0273 I0298 I0872,furnishings learning
U028165,2026-06-01,west,35-49,4,basic,entry,android,73,27.04,2.0,lang_c,0,I0516 I0536 I0980,bags fitness
U028166,2026-06-01,south,50+,5,premium,entry,android,22,37.35,2.0,lang_c,1,I0656,gaming wellness
U028167,2026-06-01,west,50+,4,plus,entry,android,70,217.76,4.0,lang_c,1,I0519,
U028168,2026-06-01,east,35-49,3,plus,entry,ios,27,58.67,3.0,lang_a,0,I0117 I0952 I0964 I0969 I0971 I0982 I0984 I0987,computing fitness
U028169,2026-06-01,coastal,35-49,5,plus,mid,android,10,58.78,4.0,lang_a,0,,books creative_hobbies
U028170,2026-06-01,south,25-34,2,plus,entry,ios,38,21.95,4.0,lang_b,1,I0662 I0665 I0671 I0686 I0687 I0696,books garden
U028171,2026-06-01,central,18-24,5,basic,mid,android,67,103.87,2.0,lang_b,0,,bags kitchen
U028172,2026-06-01,north,18-24,4,basic,premium,ios,67,33.23,5.0,lang_b,1,,audio computing
U028173,2026-06-01,north,25-34,1,basic,premium,ios,78,25.97,1.0,lang_b,1,I0925,accessories computing
U028174,2026-06-01,south,35-49,2,plus,mid,android,23,,4.0,lang_c,1,,learning streaming
U028175,2026-06-01,south,25-34,4,basic,mid,ios,38,83.7,3.0,lang_c,1,I0244 I0562 I0598 I0670,
U028176,2026-06-01,west,18-24,2,plus,mid,ios,66,78.35,4.0,lang_a,1,I0107 I0109 I0112 I0123,mobile_accessories streaming
U028177,2026-06-01,east,35-49,4,plus,mid,ios,70,99.03,3.0,lang_c,1,,delivery smart_devices
U028178,2026-06-01,coastal,50+,2,basic,unknown,ios,58,46.91,4.0,lang_a,0,I0172 I0503,
U028179,2026-06-01,east,50+,2,premium,entry,ios,14,42.61,2.0,lang_b,1,I0105 I0653 I0978,clothing travel_accessories
U028180,2026-06-01,north,18-24,5,basic,mid,android,41,182.9,2.0,lang_b,0,I0552 I0566 I0567 I0576,
U028181,2026-06-01,west,25-34,2,basic,premium,ios,47,45.31,,lang_c,1,I0306 I0310 I0346 I0464 I0507 I0566 I0591,mobile_accessories travel_accessories
U028182,2026-06-01,north,35-49,3,plus,premium,ios,78,48.71,2.0,lang_c,0,,books learning
U028183,2026-06-01,coastal,50+,1,basic,unknown,android,47,92.0,3.0,lang_b,0,,kitchen local_experiences
U028184,2026-06-01,west,35-49,5,plus,unknown,android,11,,1.0,lang_b,0,I0973 I0981 I0985,fitness home_care
U028185,2026-06-01,north,25-34,4,basic,premium,android,41,,2.0,lang_c,1,I0691,books clothing
U028186,2026-06-01,west,35-49,3,plus,mid,android,55,70.06,4.0,lang_c,0,,connectivity wellness
U028187,2026-06-01,central,50+,4,basic,entry,android,38,68.43,5.0,lang_b,1,,accessories travel_accessories
U028188,2026-06-01,coastal,35-49,2,basic,mid,android,63,93.41,3.0,lang_c,0,,
U028189,2026-06-01,central,25-34,5,basic,mid,android,11,79.68,3.0,lang_b,1,I0100 I0114 I0132 I0134 I0867,home_care streaming
U028190,2026-06-01,central,50+,3,basic,entry,ios,44,114.65,4.0,lang_b,1,,computing travel_accessories
U028191,2026-06-01,east,35-49,1,basic,premium,ios,63,,,lang_b,1,I0510 I0516 I0527 I0530 I0537 I0541,
U028192,2026-06-01,east,35-49,1,premium,entry,ios,21,42.77,4.0,lang_b,0,I0063 I0218,
U028193,2026-06-01,south,35-49,3,plus,mid,android,34,,4.0,lang_b,1,I0172 I0206 I0910,bags kitchen
U028194,2026-06-01,coastal,35-49,5,basic,unknown,android,20,28.69,4.0,lang_b,0,,
U028195,2026-06-01,central,50+,4,basic,mid,ios,2,22.19,,lang_c,1,,
U028196,2026-06-01,west,50+,5,plus,mid,ios,55,45.76,3.0,lang_c,1,I0569 I0577,accessories footwear
U028197,2026-06-01,north,50+,5,plus,entry,ios,47,15.09,4.0,lang_c,1,I0339 I0589,delivery outdoor
U028198,2026-06-01,north,35-49,2,premium,entry,android,21,26.84,4.0,lang_b,0,I0210 I0211 I0257 I0264,creative_hobbies kitchen
U028199,2026-06-01,central,18-24,4,basic,entry,ios,44,94.64,4.0,lang_a,1,I0556,audio wellness
U028200,2026-06-01,central,25-34,4,basic,entry,android,20,30.42,2.0,lang_c,0,I0183 I0556,smart_devices streaming
U028201,2026-06-01,south,50+,3,premium,mid,android,82,35.83,4.0,lang_b,1,I0969,footwear mobile_accessories
U028202,2026-06-01,central,25-34,2,plus,entry,ios,54,15.77,3.0,lang_a,1,,
U028203,2026-06-01,central,18-24,5,plus,mid,ios,78,25.64,4.0,lang_a,1,,
U028204,2026-06-01,north,18-24,1,premium,premium,ios,27,137.91,5.0,lang_a,1,I0323 I0331 I0929 I0934 I0938 I0949,footwear garden
U028205,2026-06-01,coastal,18-24,5,plus,mid,android,20,55.61,4.0,lang_a,1,I0203 I0239 I0284 I0289 I0563,
U028206,2026-06-01,coastal,35-49,1,plus,entry,ios,40,44.42,4.0,lang_c,1,,
U028207,2026-06-01,coastal,25-34,2,basic,mid,ios,67,112.84,4.0,lang_b,1,I0234,smart_devices streaming
U028208,2026-06-01,east,18-24,4,plus,mid,android,57,81.57,4.0,lang_c,0,I0173 I0183 I0562,
U028209,2026-06-01,west,50+,3,plus,mid,ios,77,48.25,3.0,lang_b,0,,
U028210,2026-06-01,coastal,50+,1,basic,mid,android,42,30.01,3.0,lang_b,1,,audio streaming
U028211,2026-06-01,south,18-24,2,basic,mid,ios,79,140.83,3.0,lang_b,1,,connectivity garden
U028212,2026-06-01,east,18-24,2,plus,mid,android,14,50.31,1.0,lang_c,1,I0665 I0900 I0903,bags travel_accessories
U028213,2026-06-01,north,18-24,1,premium,entry,android,7,21.81,2.0,lang_a,0,I0540,bags delivery
U028214,2026-06-01,west,25-34,4,plus,mid,ios,78,32.27,3.0,lang_a,1,I0678,fitness home_care
U028215,2026-06-01,east,35-49,3,plus,mid,ios,56,47.16,,lang_b,1,I0453 I0466 I0487,books clothing
U028216,2026-06-01,east,18-24,2,plus,mid,ios,75,205.6,,lang_a,1,,local_experiences streaming
U028217,2026-06-01,central,35-49,5,premium,mid,android,52,40.52,3.0,lang_a,1,I0455 I0479 I0486 I0487 I0856 I0861 I0872,fitness outdoor
U028218,2026-06-01,coastal,25-34,3,basic,premium,ios,45,14.3,4.0,lang_a,1,,
U028219,2026-06-01,coastal,18-24,5,plus,premium,ios,36,,2.0,lang_a,1,I0300 I0337 I0691,garden streaming
U028220,2026-06-01,central,50+,1,basic,entry,android,61,106.06,4.0,lang_a,0,,
U028221,2026-06-01,south,18-24,3,basic,mid,ios,14,28.18,,lang_b,0,,
U028222,2026-06-01,central,18-24,3,basic,mid,android,34,27.46,,lang_b,0,I0203 I0871 I0884 I0886,accessories gaming
U028223,2026-06-01,central,25-34,4,plus,entry,android,77,63.88,5.0,lang_b,0,,local_experiences travel_accessories
U028224,2026-06-01,south,25-34,1,plus,entry,android,6,42.83,2.0,lang_c,0,I0461 I0480,
U028225,2026-06-01,coastal,18-24,2,premium,entry,android,44,96.01,,lang_b,0,I0051 I0508,furnishings smart_devices
U028226,2026-06-01,coastal,50+,4,basic,entry,android,63,31.68,3.0,lang_a,1,,local_experiences wellness
U028227,2026-06-01,central,25-34,4,plus,premium,ios,32,,3.0,lang_a,1,I0122 I0141 I0320 I0901 I0970,
U028228,2026-06-01,central,35-49,4,basic,entry,android,26,104.91,2.0,lang_a,1,I0002 I0024 I0865,smart_devices wellness
U028229,2026-06-01,central,35-49,1,basic,entry,ios,26,95.6,4.0,lang_c,0,I0259,
U028230,2026-06-01,east,18-24,5,basic,premium,android,81,43.38,2.0,lang_b,0,I0903,
U028231,2026-06-01,central,18-24,5,plus,premium,ios,54,68.9,4.0,lang_a,1,I0971 I0988,creative_hobbies learning
U028232,2026-06-01,west,35-49,5,basic,premium,android,36,48.79,2.0,lang_a,1,I0466 I0556,
U028233,2026-06-01,central,25-34,1,premium,entry,android,76,50.16,2.0,lang_b,0,,
U028234,2026-06-01,central,25-34,4,basic,mid,android,68,165.77,2.0,lang_c,0,,
U028235,2026-06-01,coastal,18-24,3,basic,premium,android,68,115.82,3.0,lang_b,1,I0019 I0141,
U028236,2026-06-01,central,50+,1,plus,mid,android,1,116.22,3.0,lang_a,0,,learning local_experiences
U028237,2026-06-01,central,50+,3,plus,entry,android,51,120.2,,lang_c,0,I0903 I0916 I0933,creative_hobbies smart_devices
U028238,2026-06-01,north,50+,5,basic,mid,android,59,28.85,3.0,lang_b,0,,
U028239,2026-06-01,south,35-49,3,basic,entry,ios,29,86.02,3.0,lang_b,0,,
U028240,2026-06-01,north,18-24,4,premium,mid,ios,83,41.55,3.0,lang_a,0,I0013 I0653,audio learning
U028241,2026-06-01,west,50+,4,basic,entry,android,71,57.0,1.0,lang_a,0,I0262 I0506 I0962 I0977,
U028242,2026-06-01,north,25-34,1,basic,entry,android,2,42.24,3.0,lang_c,1,I0100 I0127 I0134 I0138 I0139,
U028243,2026-06-01,west,25-34,3,plus,entry,android,60,226.61,3.0,lang_a,1,,
U028244,2026-06-01,central,25-34,5,basic,entry,android,27,52.52,,lang_b,1,I0226 I0483,furnishings wellness
U028245,2026-06-01,coastal,35-49,4,basic,mid,android,12,71.13,4.0,lang_c,0,I0059,audio computing
U028246,2026-06-01,coastal,18-24,3,plus,mid,ios,55,32.09,2.0,lang_a,0,I0007,computing learning
U028247,2026-06-01,south,35-49,2,basic,premium,android,6,,4.0,lang_b,1,,kitchen outdoor
U028248,2026-06-01,west,50+,4,basic,entry,ios,30,,,lang_c,0,I0066 I0081 I0656 I0673 I0978,bags computing
U028249,2026-06-01,north,50+,3,basic,premium,android,2,58.62,,lang_a,0,I0235 I0246 I0690 I0869 I0873 I0985,
U028250,2026-06-01,north,18-24,1,plus,premium,android,13,88.68,4.0,lang_a,0,I0036 I0331 I0348 I0679,
U028251,2026-06-01,south,18-24,3,basic,mid,android,73,9.63,1.0,lang_c,1,I0301 I0481,connectivity home_care
U028252,2026-06-01,central,50+,3,premium,premium,android,6,77.04,3.0,lang_b,1,I0504,clothing creative_hobbies
U028253,2026-06-01,south,25-34,3,premium,mid,android,68,88.9,5.0,lang_a,1,I0086 I0088 I0106 I0262 I0278 I0282 I0288 I0298 I0349 I0518,
U028254,2026-06-01,west,50+,3,plus,mid,android,79,54.4,3.0,lang_c,1,I0002 I0010 I0015 I0466 I0902 I0904 I0916 I0937 I0943,delivery travel_accessories
U028255,2026-06-01,central,50+,3,plus,mid,android,84,32.42,2.0,lang_c,1,,
U028256,2026-06-01,coastal,50+,1,plus,entry,android,73,43.64,3.0,lang_c,0,I0942 I0978,
U028257,2026-06-01,central,50+,2,basic,premium,android,48,72.96,4.0,lang_b,1,I0238 I0304 I0322 I0341 I0938,
U028258,2026-06-01,central,18-24,2,basic,entry,android,8,56.81,2.0,lang_a,1,I0667,creative_hobbies home_care
U028259,2026-06-01,coastal,25-34,5,plus,premium,android,10,23.88,3.0,lang_c,1,I0687,
U028260,2026-06-01,south,50+,3,plus,entry,android,53,44.84,2.0,lang_b,1,,computing mobile_accessories
U028261,2026-06-01,coastal,25-34,2,basic,entry,android,66,41.24,3.0,lang_c,1,,
U028262,2026-06-01,south,35-49,4,basic,premium,android,80,61.8,2.0,lang_b,1,,
U028263,2026-06-01,south,18-24,2,plus,entry,android,66,84.24,5.0,lang_a,0,I0307 I0312 I0339 I0507,computing streaming
U028264,2026-06-01,north,50+,2,basic,entry,ios,19,72.16,,lang_b,0,I0526 I0541,learning outdoor
U028265,2026-06-01,east,18-24,1,basic,mid,android,65,21.3,2.0,lang_c,0,,bags smart_devices
U028266,2026-06-01,central,25-34,3,basic,premium,android,28,32.27,3.0,lang_a,0,I0066 I0070 I0489,local_experiences streaming
U028267,2026-06-01,coastal,50+,1,plus,mid,ios,23,97.73,3.0,lang_b,0,I0563,creative_hobbies local_experiences
U028268,2026-06-01,central,50+,3,plus,entry,ios,79,197.62,1.0,lang_b,1,,garden local_experiences
U028269,2026-06-01,coastal,25-34,2,plus,mid,ios,11,88.3,3.0,lang_c,0,I0557,
U028270,2026-06-01,central,25-34,4,basic,mid,android,73,,4.0,lang_a,1,I0208 I0209 I0223,furnishings wellness
U028271,2026-06-01,west,50+,2,basic,mid,android,59,20.92,,lang_b,0,I0044 I0065 I0068 I0314,
U028272,2026-06-01,coastal,25-34,3,basic,mid,android,80,79.73,4.0,lang_a,1,I0183,smart_devices wellness
U028273,2026-06-01,central,18-24,5,basic,mid,android,31,26.11,3.0,lang_b,1,,
U028274,2026-06-01,central,35-49,5,premium,entry,android,45,74.57,4.0,lang_c,0,I0038 I0303,
U028275,2026-06-01,north,50+,1,basic,premium,android,79,61.97,3.0,lang_c,0,I0973,kitchen streaming
U028276,2026-06-01,east,50+,4,basic,entry,android,67,33.51,3.0,lang_a,1,I0270 I0851 I0852 I0867,clothing outdoor
U028277,2026-06-01,north,18-24,5,basic,mid,android,51,82.88,3.0,lang_b,0,,books streaming
U028278,2026-06-01,central,25-34,3,basic,entry,android,68,62.97,5.0,lang_a,1,,creative_hobbies wellness
U028279,2026-06-01,central,35-49,3,plus,premium,ios,57,58.47,,lang_b,1,,
U028280,2026-06-01,central,25-34,5,basic,mid,ios,31,80.72,2.0,lang_b,1,I0112 I0237 I0955 I0976,
U028281,2026-06-01,north,35-49,3,plus,mid,android,67,40.49,3.0,lang_a,0,,furnishings gaming
U028282,2026-06-01,north,35-49,5,basic,entry,ios,41,79.34,3.0,lang_b,1,I0106 I0112 I0139,mobile_accessories streaming
U028283,2026-06-01,central,25-34,2,premium,premium,android,29,15.8,,lang_c,1,,clothing local_experiences
U028284,2026-06-01,coastal,35-49,4,basic,mid,android,44,45.09,3.0,lang_a,0,,
U028285,2026-06-01,central,35-49,1,plus,entry,android,77,,4.0,lang_c,1,I0016 I0022,
U028286,2026-06-01,east,50+,5,basic,entry,android,8,59.65,4.0,lang_a,0,,clothing mobile_accessories
U028287,2026-06-01,north,25-34,1,plus,entry,android,12,61.71,3.0,lang_c,0,,
U028288,2026-06-01,west,25-34,1,basic,mid,ios,75,19.02,4.0,lang_a,1,I0953 I0958 I0975 I0983,
U028289,2026-06-01,south,25-34,2,basic,mid,android,11,144.44,4.0,lang_a,1,I0267 I0278 I0878 I0881,
U028290,2026-06-01,south,35-49,3,premium,mid,ios,61,46.76,3.0,lang_a,1,I0305 I0307 I0308 I0340 I0466 I0969,books garden
U028291,2026-06-01,north,35-49,2,premium,premium,android,21,69.85,2.0,lang_a,0,I0311,accessories creative_hobbies
U028292,2026-06-01,south,35-49,2,basic,premium,android,29,94.69,3.0,lang_b,0,,
U028293,2026-06-01,south,18-24,3,basic,entry,android,39,,2.0,lang_b,1,I0891,
U028294,2026-06-01,east,50+,3,basic,premium,android,55,59.17,3.0,lang_a,1,I0002 I0025,
U028295,2026-06-01,coastal,25-34,3,plus,mid,android,50,35.14,4.0,lang_a,1,,footwear gaming
U028296,2026-06-01,central,50+,5,plus,premium,android,44,8.37,,lang_c,1,,outdoor smart_devices
U028297,2026-06-01,north,50+,4,basic,entry,android,58,93.42,3.0,lang_b,1,I0153 I0254,
U028298,2026-06-01,east,50+,3,premium,entry,android,84,75.57,4.0,lang_c,1,,creative_hobbies wellness
U028299,2026-06-01,east,35-49,1,basic,mid,android,34,60.52,1.0,lang_a,1,,
U028300,2026-06-01,west,18-24,5,plus,entry,android,33,74.72,2.0,lang_c,1,,home_care local_experiences
U028301,2026-06-01,coastal,18-24,2,basic,premium,ios,64,44.05,3.0,lang_c,1,I0163,garden smart_devices
U028302,2026-06-01,south,35-49,2,plus,mid,android,36,101.03,2.0,lang_b,0,I0062 I0331,gaming outdoor
U028303,2026-06-01,east,50+,3,basic,unknown,ios,39,59.37,2.0,lang_b,1,I0232 I0856,books clothing
U028304,2026-06-01,north,50+,2,basic,premium,android,49,94.15,3.0,lang_c,1,I0854 I0859 I0877 I0958 I0959 I0961 I0981,
U028305,2026-06-01,west,18-24,2,basic,mid,ios,23,,3.0,lang_b,1,I0101,creative_hobbies mobile_accessories
U028306,2026-06-01,central,35-49,2,premium,mid,android,31,39.17,2.0,lang_b,1,,
U028307,2026-06-01,west,25-34,4,basic,mid,ios,74,101.93,4.0,lang_a,1,I0988,
U028308,2026-06-01,east,18-24,3,plus,unknown,android,68,27.96,2.0,lang_b,1,I0010 I0021 I0102,
U028309,2026-06-01,coastal,18-24,5,basic,mid,ios,63,,4.0,lang_a,1,,audio books
U028310,2026-06-01,south,50+,1,plus,entry,android,8,23.8,3.0,lang_b,1,,connectivity streaming
U028311,2026-06-01,coastal,50+,2,basic,premium,android,5,19.39,,lang_a,1,I0205 I0521 I0923,bags streaming
U028312,2026-06-01,south,18-24,2,basic,mid,android,53,80.2,4.0,lang_c,1,I0222,
U028313,2026-06-01,south,35-49,4,basic,entry,android,69,241.25,,lang_c,1,I0260 I0663 I0679 I0691 I0692 I0872,
U028314,2026-06-01,west,50+,4,basic,premium,android,17,150.54,5.0,lang_a,0,I0692,connectivity gaming
U028315,2026-06-01,east,50+,5,basic,entry,android,26,53.37,2.0,lang_c,0,,clothing furnishings
U028316,2026-06-01,north,18-24,1,plus,mid,ios,15,71.33,,lang_a,1,I0086 I0880 I0881 I0893,clothing outdoor
U028317,2026-06-01,central,18-24,2,basic,mid,ios,25,44.29,3.0,lang_a,1,,audio connectivity
U028318,2026-06-01,coastal,50+,5,premium,entry,android,34,198.8,2.0,lang_b,0,I0330,kitchen wellness
U028319,2026-06-01,west,35-49,2,basic,mid,android,23,70.39,,lang_c,1,,clothing learning
U028320,2026-06-01,south,25-34,3,basic,premium,ios,48,77.69,3.0,lang_c,0,I0569 I0960,
U028321,2026-06-01,central,35-49,4,plus,premium,ios,82,30.42,1.0,lang_c,0,I0170 I0187 I0567 I0857 I0878 I0903 I0920 I0960,
U028322,2026-06-01,coastal,18-24,4,basic,mid,android,16,134.31,3.0,lang_b,1,I0259 I0263 I0271 I0282 I0289 I0293 I0308 I0343,computing footwear
U028323,2026-06-01,central,18-24,2,premium,mid,ios,67,184.52,4.0,lang_c,0,I0044,computing learning
U028324,2026-06-01,coastal,25-34,1,basic,mid,android,61,28.86,4.0,lang_b,0,I0542,bags books
U028325,2026-06-01,west,50+,2,plus,premium,ios,2,56.2,4.0,lang_a,1,I0328 I0917,books clothing
U028326,2026-06-01,east,35-49,5,premium,mid,ios,64,32.25,3.0,lang_b,0,I0961,audio fitness
U028327,2026-06-01,coastal,50+,5,basic,entry,android,82,68.46,3.0,lang_a,0,I0021 I0187,computing furnishings
U028328,2026-06-01,east,18-24,4,basic,premium,ios,15,37.8,3.0,lang_c,1,I0544 I0650,bags wellness
U028329,2026-06-01,south,35-49,5,plus,mid,android,25,,4.0,lang_a,0,I0928,
U028330,2026-06-01,north,25-34,1,basic,premium,ios,24,38.89,,lang_c,1,I0665,
U028331,2026-06-01,west,18-24,1,premium,entry,android,69,53.66,3.0,lang_c,1,I0063 I0222,computing gaming
U028332,2026-06-01,east,35-49,3,plus,premium,android,53,71.48,,lang_b,1,I0468,gaming garden
U028333,2026-06-01,central,25-34,4,basic,mid,ios,66,53.67,3.0,lang_a,1,,
U028334,2026-06-01,central,35-49,5,basic,mid,android,42,38.0,3.0,lang_a,1,I0240 I0460 I0480 I0484 I0485 I0514,bags footwear
U028335,2026-06-01,south,25-34,2,premium,mid,android,40,57.2,2.0,lang_b,1,I0336 I0687,
U028336,2026-06-01,south,18-24,3,plus,mid,android,6,66.92,4.0,lang_b,1,,
U028337,2026-06-01,coastal,25-34,3,basic,mid,android,76,43.75,3.0,lang_b,1,I0077 I0200 I0460 I0517 I0870 I0970,audio bags
U028338,2026-06-01,coastal,18-24,2,basic,mid,android,48,110.68,,lang_a,1,I0157 I0168,
U028339,2026-06-01,north,50+,5,basic,entry,android,43,46.83,3.0,lang_c,1,I0060 I0092 I0901 I0936,
U028340,2026-06-01,south,50+,4,plus,premium,android,48,55.05,4.0,lang_b,0,I0222,accessories bags
U028341,2026-06-01,coastal,35-49,4,basic,entry,ios,37,56.41,2.0,lang_a,0,,gaming wellness
U028342,2026-06-01,central,25-34,1,plus,mid,android,34,72.19,3.0,lang_c,1,,
U028343,2026-06-01,south,18-24,2,basic,mid,android,54,25.05,4.0,lang_c,0,,local_experiences mobile_accessories
U028344,2026-06-01,east,25-34,1,basic,entry,ios,74,30.34,3.0,lang_b,1,I0072 I0508 I0958 I0988,
U028345,2026-06-01,north,25-34,1,basic,premium,android,52,,5.0,lang_b,1,I0002 I0008 I0013 I0016 I0019 I0028 I0032 I0039 I0483 I0968 I0971,clothing kitchen
U028346,2026-06-01,central,50+,3,basic,mid,ios,25,18.58,4.0,lang_a,1,I0033 I0133 I0208 I0226 I0242 I0267,
U028347,2026-06-01,coastal,35-49,5,basic,mid,android,7,172.36,4.0,lang_a,0,,
U028348,2026-06-01,central,25-34,2,basic,entry,android,33,179.15,4.0,lang_b,1,I0167 I0183 I0184 I0192 I0193 I0457 I0463 I0466 I0472 I0479 I0481 I0497 I0878,
U028349,2026-06-01,north,35-49,5,plus,mid,android,24,33.51,1.0,lang_a,0,I0657 I0678,gaming travel_accessories
U028350,2026-06-01,coastal,50+,1,plus,premium,ios,76,29.12,1.0,lang_b,1,I0685 I0875 I0901 I0960 I0981 I0999,connectivity local_experiences
U028351,2026-06-01,west,35-49,4,basic,mid,ios,68,57.27,3.0,lang_a,0,,
U028352,2026-06-01,north,50+,4,premium,mid,ios,67,60.28,3.0,lang_b,1,,
U028353,2026-06-01,central,35-49,1,plus,entry,ios,3,25.34,5.0,lang_a,1,,
U028354,2026-06-01,central,18-24,1,basic,entry,android,13,33.88,2.0,lang_a,1,,creative_hobbies learning
U028355,2026-06-01,central,35-49,1,plus,unknown,android,79,21.26,3.0,lang_a,0,I0971 I0987,creative_hobbies streaming
U028356,2026-06-01,central,50+,1,premium,premium,android,59,,5.0,lang_a,1,,
U028357,2026-06-01,central,25-34,1,premium,premium,ios,62,41.12,,lang_a,0,I0127 I0157 I0163 I0921,connectivity smart_devices
U028358,2026-06-01,coastal,50+,2,premium,entry,android,60,61.74,4.0,lang_a,0,I0017 I0070 I0072,computing furnishings
U028359,2026-06-01,north,35-49,2,premium,mid,android,9,57.47,1.0,lang_c,0,,kitchen mobile_accessories
U028360,2026-06-01,west,35-49,2,basic,mid,android,34,37.76,2.0,lang_c,0,I0160,home_care smart_devices
U028361,2026-06-01,west,25-34,4,premium,entry,android,82,82.14,4.0,lang_a,0,I0201 I0216 I0224,kitchen smart_devices
U028362,2026-06-01,south,50+,1,basic,entry,android,24,100.32,2.0,lang_b,1,,
U028363,2026-06-01,north,35-49,3,basic,entry,android,9,115.08,,lang_b,1,,connectivity travel_accessories
U028364,2026-06-01,south,50+,1,plus,entry,ios,74,48.5,2.0,lang_b,1,,clothing delivery
U028365,2026-06-01,west,35-49,3,basic,entry,ios,78,89.96,3.0,lang_b,1,I0466,computing footwear
U028366,2026-06-01,coastal,18-24,4,basic,entry,ios,15,43.24,3.0,lang_b,1,I0010 I0462,
U028367,2026-06-01,coastal,18-24,2,plus,mid,android,69,41.81,3.0,lang_c,1,I0111 I0112 I0126 I0141 I0950,
U028368,2026-06-01,north,50+,5,basic,premium,ios,30,103.55,3.0,lang_c,0,I0070 I0133 I0143,local_experiences mobile_accessories
U028369,2026-06-01,central,25-34,3,basic,premium,android,76,30.17,4.0,lang_c,0,,mobile_accessories outdoor
U028370,2026-06-01,north,18-24,2,premium,premium,android,36,72.73,4.0,lang_c,1,,accessories kitchen
U028371,2026-06-01,south,35-49,3,plus,entry,ios,78,20.51,3.0,lang_b,0,I0258 I0260 I0266 I0277 I0284,creative_hobbies furnishings
U028372,2026-06-01,coastal,25-34,4,basic,mid,ios,62,,3.0,lang_b,0,I0052 I0087 I0102 I0208 I0231 I0655 I0682,
U028373,2026-06-01,south,25-34,3,basic,mid,android,8,79.39,5.0,lang_b,1,I0201,computing kitchen
U028374,2026-06-01,north,25-34,2,basic,mid,android,82,40.84,,lang_a,1,I0167 I0241 I0550 I0565 I0566 I0569 I0575,
U028375,2026-06-01,coastal,35-49,2,basic,mid,android,60,161.43,,lang_b,0,I0863,fitness outdoor
U028376,2026-06-01,south,50+,1,basic,premium,ios,1,121.77,2.0,lang_b,0,,delivery streaming
U028377,2026-06-01,south,18-24,1,premium,premium,android,43,69.0,5.0,lang_a,1,I0556 I0584 I0852 I0864 I0868 I0894,
U028378,2026-06-01,west,50+,4,basic,mid,android,54,72.67,3.0,lang_b,1,I0308 I0322 I0324 I0330 I0331 I0341 I0345,garden wellness
U028379,2026-06-01,south,50+,4,basic,premium,ios,5,158.51,,lang_b,1,I0306 I0311,
U028380,2026-06-01,east,35-49,2,plus,entry,android,57,57.54,4.0,lang_c,1,I0054,footwear kitchen
U028381,2026-06-01,central,50+,4,plus,premium,ios,74,39.46,3.0,lang_c,1,,books fitness
U028382,2026-06-01,coastal,50+,5,plus,mid,android,13,39.54,2.0,lang_b,1,,garden outdoor
U028383,2026-06-01,central,25-34,2,basic,mid,android,3,113.73,2.0,lang_a,1,I0901 I0971,books delivery
U028384,2026-06-01,west,50+,3,plus,entry,android,32,95.09,,lang_a,1,,
U028385,2026-06-01,coastal,35-49,5,basic,mid,ios,50,128.89,3.0,lang_a,1,I0547,fitness gaming
U028386,2026-06-01,west,50+,5,basic,mid,android,9,203.04,,lang_a,0,,
U028387,2026-06-01,north,50+,5,basic,mid,android,70,138.35,2.0,lang_a,0,,
U028388,2026-06-01,coastal,35-49,4,basic,mid,ios,77,,,lang_a,1,I0938 I0939 I0951 I0952 I0956 I0970,connectivity mobile_accessories
U028389,2026-06-01,east,35-49,5,premium,entry,android,20,258.93,5.0,lang_c,0,I0331 I0972 I0978 I0983 I0990,
U028390,2026-06-01,coastal,50+,5,basic,premium,ios,9,110.87,2.0,lang_c,0,,delivery footwear
U028391,2026-06-01,central,25-34,3,basic,mid,android,57,83.49,4.0,lang_b,0,,delivery gaming
U028392,2026-06-01,east,25-34,1,plus,mid,android,42,63.37,3.0,lang_b,0,I0166 I0204 I0590 I0680 I0903,creative_hobbies smart_devices
U028393,2026-06-01,south,35-49,2,basic,premium,android,65,83.33,3.0,lang_c,1,I0871 I0881,connectivity smart_devices
U028394,2026-06-01,central,18-24,1,basic,entry,ios,73,102.44,2.0,lang_a,1,I0026 I0041 I0671,gaming streaming
U028395,2026-06-01,south,25-34,5,basic,mid,android,36,164.27,2.0,lang_a,1,,local_experiences smart_devices
U028396,2026-06-01,coastal,25-34,3,plus,premium,ios,49,118.5,3.0,lang_b,1,I0013 I0019 I0999,audio computing
U028397,2026-06-01,south,35-49,2,premium,mid,android,19,38.27,5.0,lang_b,0,I0331 I0535 I0987,creative_hobbies gaming
U028398,2026-06-01,south,35-49,5,basic,mid,android,42,106.83,4.0,lang_a,0,,streaming wellness
U028399,2026-06-01,south,25-34,2,basic,entry,android,6,95.96,3.0,lang_c,1,,kitchen streaming
U028400,2026-06-01,coastal,18-24,5,basic,premium,android,7,101.92,2.0,lang_c,1,I0062 I0216 I0937,
U028401,2026-06-01,central,25-34,3,plus,mid,ios,47,,,lang_c,1,I0021,footwear smart_devices
U028402,2026-06-01,coastal,50+,3,basic,entry,android,13,82.96,3.0,lang_c,1,I0908 I0930 I0955 I0963 I0964 I0969 I0971 I0986 I0988 I0991 I0996 I0997,
U028403,2026-06-01,coastal,35-49,3,plus,mid,android,39,61.54,2.0,lang_a,1,I0909 I0913 I0937,gaming travel_accessories
U028404,2026-06-01,coastal,50+,5,basic,mid,ios,15,60.23,4.0,lang_b,1,I0456,audio local_experiences
U028405,2026-06-01,east,25-34,3,plus,entry,android,45,,3.0,lang_c,1,I0866 I0918 I0921 I0924 I0931 I0944,books kitchen
U028406,2026-06-01,south,25-34,3,basic,premium,ios,31,20.02,2.0,lang_b,1,I0669 I0881,accessories footwear
U028407,2026-06-01,coastal,35-49,1,premium,premium,android,56,,3.0,lang_c,0,,home_care outdoor
U028408,2026-06-01,south,18-24,1,basic,unknown,ios,16,15.09,2.0,lang_c,0,,
U028409,2026-06-01,north,50+,3,basic,premium,android,36,49.89,,lang_c,1,I0957 I0967 I0981 I0986,
U028410,2026-06-01,west,50+,4,basic,entry,ios,44,77.07,4.0,lang_b,0,I0267 I0282 I0506,furnishings gaming
U028411,2026-06-01,central,35-49,2,basic,premium,ios,83,59.92,,lang_c,1,I0916,accessories travel_accessories
U028412,2026-06-01,east,35-49,1,basic,entry,ios,32,50.29,3.0,lang_b,1,I0881,furnishings local_experiences
U028413,2026-06-01,south,50+,2,basic,premium,ios,4,26.12,3.0,lang_c,0,,
U028414,2026-06-01,south,18-24,3,basic,unknown,android,84,41.32,3.0,lang_b,0,,home_care wellness
U028415,2026-06-01,central,25-34,2,basic,mid,ios,27,36.53,3.0,lang_b,0,,computing creative_hobbies
U028416,2026-06-01,east,35-49,5,plus,mid,android,50,90.85,2.0,lang_c,0,I0212 I0595,mobile_accessories streaming
U028417,2026-06-01,east,35-49,4,basic,mid,ios,82,34.82,3.0,lang_a,0,I0303 I0566,accessories wellness
U028418,2026-06-01,west,25-34,5,basic,premium,ios,32,236.21,4.0,lang_a,0,,gaming streaming
U028419,2026-06-01,central,35-49,5,basic,mid,android,71,138.82,2.0,lang_c,0,I0003 I0066 I0089,audio computing
U028420,2026-06-01,north,50+,5,basic,premium,android,43,,2.0,lang_a,0,,
U028421,2026-06-01,west,50+,2,premium,entry,android,11,110.9,3.0,lang_a,1,,delivery kitchen
U028422,2026-06-01,west,35-49,1,basic,entry,android,72,,3.0,lang_a,1,I0456 I0488 I0499,audio computing
U028423,2026-06-01,coastal,25-34,4,basic,premium,android,78,42.0,,lang_a,1,I0061 I0076,
U028424,2026-06-01,north,50+,5,premium,entry,ios,49,78.76,3.0,lang_c,1,I0118,footwear local_experiences
U028425,2026-06-01,central,25-34,5,basic,mid,android,6,76.34,3.0,lang_b,1,,furnishings learning
U028426,2026-06-01,west,18-24,3,basic,premium,ios,26,21.09,3.0,lang_c,1,I0006 I0027 I0042 I0054 I0462 I0958,books kitchen
U028427,2026-06-01,coastal,25-34,5,plus,premium,android,49,49.43,3.0,lang_c,0,I0226 I0887 I0912,
U028428,2026-06-01,north,50+,3,basic,mid,android,25,55.65,4.0,lang_c,1,I0028 I0526 I0537 I0661,audio local_experiences
U028429,2026-06-01,north,50+,4,basic,entry,ios,81,31.12,3.0,lang_a,1,I0011 I0220 I0276 I0292,
U028430,2026-06-01,east,35-49,4,basic,mid,android,35,42.98,3.0,lang_b,1,I0220,clothing fitness
U028431,2026-06-01,coastal,18-24,3,basic,mid,android,50,51.78,3.0,lang_a,0,I0336,
U028432,2026-06-01,west,35-49,2,basic,unknown,android,34,22.76,3.0,lang_c,1,I0193 I0987,
U028433,2026-06-01,south,50+,1,basic,mid,ios,7,26.51,1.0,lang_c,0,I0016 I0036 I0114 I0450 I0577,accessories delivery
U028434,2026-06-01,north,25-34,2,premium,entry,ios,70,61.22,3.0,lang_c,0,,smart_devices wellness
U028435,2026-06-01,east,18-24,3,premium,mid,android,16,,,lang_a,0,I0006 I0923,fitness travel_accessories
U028436,2026-06-01,central,25-34,5,basic,premium,android,44,70.75,4.0,lang_a,1,,kitchen mobile_accessories
U028437,2026-06-01,south,50+,2,basic,entry,android,68,122.07,,lang_c,1,I0981,accessories fitness
U028438,2026-06-01,east,35-49,2,basic,entry,ios,59,60.48,2.0,lang_c,1,,
U028439,2026-06-01,south,25-34,3,plus,premium,android,53,100.58,4.0,lang_c,1,I0258,
U028440,2026-06-01,central,18-24,2,basic,mid,android,61,97.03,,lang_a,1,,
U028441,2026-06-01,east,25-34,5,plus,mid,android,28,43.77,3.0,lang_b,0,,
U028442,2026-06-01,central,25-34,5,basic,entry,android,52,88.99,3.0,lang_b,0,,accessories outdoor
U028443,2026-06-01,central,50+,5,basic,mid,android,19,75.34,3.0,lang_a,1,I0153 I0469 I0488,footwear mobile_accessories
U028444,2026-06-01,east,35-49,4,basic,entry,ios,74,40.72,2.0,lang_c,0,I0187 I0971,footwear smart_devices
U028445,2026-06-01,north,50+,4,basic,unknown,ios,19,114.17,5.0,lang_b,1,,
U028446,2026-06-01,coastal,50+,3,plus,mid,ios,53,43.21,4.0,lang_b,1,I0104 I0107 I0113 I0122 I0133 I0163 I0313 I0323 I0334 I0474 I0488,
U028447,2026-06-01,west,50+,1,premium,mid,ios,65,86.49,2.0,lang_c,1,I0235 I0260 I0341,garden kitchen
U028448,2026-06-01,north,35-49,1,plus,premium,android,32,64.91,,lang_b,1,,
U028449,2026-06-01,coastal,50+,4,plus,mid,ios,71,39.12,4.0,lang_c,1,,
U028450,2026-06-01,west,50+,5,basic,entry,android,29,43.14,3.0,lang_a,1,I0958,books mobile_accessories
U028451,2026-06-01,coastal,35-49,5,basic,mid,android,62,54.46,3.0,lang_a,1,I0462,footwear gaming
U028452,2026-06-01,south,25-34,1,basic,unknown,ios,68,50.96,4.0,lang_c,0,,creative_hobbies footwear
U028453,2026-06-01,east,25-34,4,basic,mid,ios,63,170.54,2.0,lang_c,0,I0308,
U028454,2026-06-01,central,18-24,1,plus,entry,android,35,32.39,3.0,lang_b,0,I0309 I0315 I0322,books garden
U028455,2026-06-01,central,18-24,1,basic,mid,android,45,,3.0,lang_a,0,I0486,accessories footwear
U028456,2026-06-01,west,35-49,5,plus,premium,android,24,140.49,1.0,lang_a,1,,creative_hobbies smart_devices
U028457,2026-06-01,east,18-24,5,basic,mid,android,19,71.28,3.0,lang_b,0,,
U028458,2026-06-01,east,50+,4,basic,entry,android,37,39.17,3.0,lang_b,0,,travel_accessories wellness
U028459,2026-06-01,east,25-34,4,basic,premium,android,42,132.88,,lang_b,1,I0332 I0507,computing garden
U028460,2026-06-01,west,18-24,3,plus,entry,android,25,106.35,3.0,lang_a,1,I0112 I0677 I0864 I0916,audio outdoor
U028461,2026-06-01,central,35-49,5,basic,mid,ios,28,,5.0,lang_b,0,I0117,accessories delivery
U028462,2026-06-01,coastal,18-24,2,plus,mid,android,35,99.5,3.0,lang_c,0,I0018 I0288 I0462 I0507 I0524 I0979,bags fitness
U028463,2026-06-01,coastal,50+,2,plus,mid,ios,67,95.45,3.0,lang_b,0,I0488 I0560 I0572,
U028464,2026-06-01,central,50+,5,basic,mid,ios,59,41.18,5.0,lang_a,0,I0456 I0457 I0572 I0987,footwear mobile_accessories
U028465,2026-06-01,coastal,35-49,2,basic,premium,android,33,228.46,2.0,lang_a,0,,smart_devices wellness
U028466,2026-06-01,south,50+,1,plus,mid,android,59,,4.0,lang_c,1,I0014 I0048 I0593,
U028467,2026-06-01,coastal,18-24,3,basic,mid,android,82,30.67,,lang_c,0,,delivery garden
U028468,2026-06-01,coastal,18-24,2,basic,mid,android,29,116.63,2.0,lang_a,1,I0303 I0328 I0344,garden local_experiences
U028469,2026-06-01,coastal,25-34,2,plus,mid,android,58,129.44,3.0,lang_a,1,,audio connectivity
U028470,2026-06-01,north,50+,1,premium,mid,android,45,211.06,3.0,lang_b,0,I0882 I0912 I0957,
U028471,2026-06-01,south,35-49,1,basic,mid,android,64,220.59,3.0,lang_b,1,,
U028472,2026-06-01,east,50+,3,plus,unknown,android,49,197.55,,lang_c,1,I0344,garden wellness
U028473,2026-06-01,coastal,25-34,4,basic,entry,android,84,60.71,3.0,lang_b,0,I0289 I0508 I0520 I0535,
U028474,2026-06-01,west,50+,3,plus,premium,ios,3,69.23,2.0,lang_c,1,,connectivity delivery
U028475,2026-06-01,west,50+,4,basic,premium,android,37,,3.0,lang_b,1,I0467,
U028476,2026-06-01,north,50+,4,premium,unknown,ios,72,66.83,4.0,lang_a,1,,computing delivery
U028477,2026-06-01,coastal,50+,1,basic,premium,ios,40,37.86,,lang_c,1,I0202 I0209 I0509 I0531,garden kitchen
U028478,2026-06-01,east,25-34,4,premium,entry,android,52,107.6,,lang_c,0,,connectivity fitness
U028479,2026-06-01,west,50+,1,plus,mid,android,58,90.85,3.0,lang_c,1,,
U028480,2026-06-01,central,18-24,5,plus,unknown,ios,39,43.47,1.0,lang_b,1,I0223 I0234,connectivity kitchen
U028481,2026-06-01,north,25-34,3,basic,mid,android,18,184.25,2.0,lang_a,1,,accessories wellness
U028482,2026-06-01,west,35-49,1,basic,mid,ios,70,44.64,1.0,lang_b,1,,
U028483,2026-06-01,north,25-34,5,plus,mid,android,12,26.31,2.0,lang_c,1,,
U028484,2026-06-01,central,50+,2,premium,premium,android,37,69.59,4.0,lang_b,1,I0293 I0903,
U028485,2026-06-01,coastal,18-24,1,plus,premium,android,80,264.08,1.0,lang_c,1,I0190 I0483,clothing delivery
U028486,2026-06-01,south,25-34,3,premium,entry,ios,41,153.09,4.0,lang_c,1,I0135 I0908,fitness kitchen
U028487,2026-06-01,east,35-49,3,premium,entry,ios,73,73.51,2.0,lang_c,0,I0287,
U028488,2026-06-01,south,18-24,5,premium,unknown,android,56,48.43,3.0,lang_a,1,I0161 I0530 I0879,creative_hobbies outdoor
U028489,2026-06-01,north,18-24,1,basic,entry,ios,63,20.22,3.0,lang_a,0,I0314,garden wellness
U028490,2026-06-01,coastal,25-34,3,basic,entry,android,48,81.38,,lang_b,0,I0985,
U028491,2026-06-01,central,35-49,3,basic,mid,android,44,46.29,,lang_a,0,I0180,delivery fitness
U028492,2026-06-01,coastal,18-24,3,premium,entry,android,60,23.83,5.0,lang_c,0,I0157 I0189,clothing smart_devices
U028493,2026-06-01,central,35-49,2,basic,premium,android,19,55.78,2.0,lang_a,1,I0518 I0520,connectivity creative_hobbies
U028494,2026-06-01,south,18-24,2,plus,entry,android,78,40.2,4.0,lang_b,1,,
U028495,2026-06-01,north,18-24,4,basic,premium,ios,24,25.33,3.0,lang_b,1,I0056 I0586,
U028496,2026-06-01,central,18-24,4,premium,mid,android,27,47.01,3.0,lang_b,1,I0263 I0264 I0271 I0273 I0283,computing fitness
U028497,2026-06-01,south,35-49,5,plus,entry,ios,36,60.9,3.0,lang_c,1,I0856 I0859 I0867 I0884 I0887 I0892 I0893,connectivity home_care
U028498,2026-06-01,south,18-24,5,plus,entry,android,48,70.11,4.0,lang_c,1,I0267 I0957,furnishings wellness
U028499,2026-06-01,east,35-49,5,basic,premium,android,83,253.83,3.0,lang_a,1,,audio learning
U028500,2026-06-01,central,25-34,1,premium,mid,ios,67,100.32,1.0,lang_c,0,I0105 I0112 I0303,
U028501,2026-06-01,south,35-49,5,basic,entry,ios,70,49.54,2.0,lang_c,1,I0461,clothing footwear
U028502,2026-06-01,central,25-34,2,premium,mid,android,73,46.3,,lang_a,0,,connectivity home_care
U028503,2026-06-01,north,50+,4,plus,unknown,android,17,64.39,4.0,lang_a,0,I0958 I0972 I0987,
U028504,2026-06-01,south,35-49,3,basic,mid,android,20,132.88,1.0,lang_b,1,I0031,
U028505,2026-06-01,south,18-24,3,basic,entry,ios,29,71.23,,lang_b,1,I0583,audio wellness
U028506,2026-06-01,east,35-49,4,plus,entry,android,67,,2.0,lang_c,1,,streaming wellness
U028507,2026-06-01,south,18-24,2,basic,mid,ios,50,45.4,2.0,lang_a,1,I0037 I0565 I0907,bags learning
U028508,2026-06-01,north,18-24,1,basic,mid,android,25,109.48,2.0,lang_a,0,I0205 I0210 I0227,delivery kitchen
U028509,2026-06-01,east,25-34,1,basic,entry,ios,56,38.26,4.0,lang_c,1,I0243,smart_devices travel_accessories
U028510,2026-06-01,coastal,18-24,5,premium,mid,android,3,123.57,2.0,lang_c,0,I0174 I0976,
U028511,2026-06-01,north,25-34,4,premium,mid,android,6,155.18,3.0,lang_c,0,I0138 I0234 I0308 I0323,books streaming
U028512,2026-06-01,coastal,25-34,4,plus,mid,android,17,,2.0,lang_c,1,I0083 I0311 I0578 I0940,bags clothing
U028513,2026-06-01,coastal,25-34,4,plus,entry,android,51,162.77,3.0,lang_a,1,I0918,outdoor travel_accessories
U028514,2026-06-01,coastal,50+,3,basic,mid,android,15,69.69,3.0,lang_b,1,I0477,footwear smart_devices
U028515,2026-06-01,central,18-24,5,plus,premium,android,70,26.57,4.0,lang_c,1,I0035,accessories creative_hobbies
U028516,2026-06-01,coastal,50+,1,basic,entry,android,26,36.43,4.0,lang_c,1,I0247,mobile_accessories travel_accessories
U028517,2026-06-01,central,50+,4,plus,entry,android,56,228.64,2.0,lang_a,1,I0261 I0565 I0567 I0572 I0575,smart_devices wellness
U028518,2026-06-01,coastal,35-49,4,plus,mid,android,80,108.51,3.0,lang_b,1,,footwear streaming
U028519,2026-06-01,central,18-24,4,premium,entry,android,22,137.97,4.0,lang_b,1,,mobile_accessories wellness
U028520,2026-06-01,central,25-34,4,premium,premium,android,29,57.54,4.0,lang_b,0,I0167 I0300 I0507 I0929,
U028521,2026-06-01,south,35-49,2,basic,mid,android,52,127.47,,lang_a,0,I0015,audio clothing
U028522,2026-06-01,north,25-34,2,basic,entry,ios,15,39.06,5.0,lang_c,0,I0189,
U028523,2026-06-01,north,50+,5,basic,mid,ios,35,69.52,3.0,lang_b,1,,delivery learning
U028524,2026-06-01,central,18-24,2,basic,entry,ios,84,18.78,,lang_c,1,,creative_hobbies fitness
U028525,2026-06-01,east,18-24,2,plus,premium,ios,21,154.36,3.0,lang_c,0,I0121,
U028526,2026-06-01,central,18-24,3,basic,mid,ios,60,51.69,3.0,lang_a,0,I0922,delivery mobile_accessories
U028527,2026-06-01,north,35-49,4,basic,premium,android,42,121.62,3.0,lang_c,1,I0503,gaming smart_devices
U028528,2026-06-01,coastal,50+,2,basic,entry,android,44,42.9,4.0,lang_c,1,I0654 I0666 I0693,delivery gaming
U028529,2026-06-01,south,25-34,1,plus,entry,ios,17,62.42,,lang_c,1,I0466 I0498,connectivity footwear
U028530,2026-06-01,west,50+,3,basic,entry,android,61,201.28,4.0,lang_a,0,,connectivity mobile_accessories
U028531,2026-06-01,central,35-49,5,basic,entry,ios,25,42.46,3.0,lang_c,1,I0507 I0522 I0956 I0965 I0981,
U028532,2026-06-01,coastal,18-24,2,plus,entry,ios,76,84.15,3.0,lang_a,1,I0240 I0462 I0494 I0579 I0909,computing footwear
U028533,2026-06-01,south,50+,4,premium,entry,ios,60,45.48,2.0,lang_a,1,I0070 I0081,computing delivery
U028534,2026-06-01,west,35-49,3,premium,mid,android,20,211.85,3.0,lang_a,1,,
U028535,2026-06-01,central,35-49,1,plus,mid,ios,6,63.0,3.0,lang_c,0,,
U028536,2026-06-01,east,35-49,1,basic,premium,ios,80,,3.0,lang_a,1,I0266 I0271 I0293 I0480 I0900,
U028537,2026-06-01,north,18-24,4,basic,mid,ios,3,26.04,2.0,lang_b,1,I0072 I0115 I0131 I0661 I0940,
U028538,2026-06-01,north,25-34,4,basic,premium,ios,68,137.82,2.0,lang_b,1,I0936 I0945,
U028539,2026-06-01,west,18-24,2,premium,entry,android,82,56.45,2.0,lang_c,0,I0028 I0037 I0901 I0907 I0912 I0916 I0931 I0935 I0946,books creative_hobbies
U028540,2026-06-01,central,25-34,3,basic,mid,android,64,209.8,,lang_c,0,,books streaming
U028541,2026-06-01,south,25-34,2,basic,premium,android,23,69.73,,lang_a,1,,home_care smart_devices
U028542,2026-06-01,central,18-24,2,premium,mid,android,73,,2.0,lang_b,1,I0863 I0865,clothing outdoor
U028543,2026-06-01,coastal,35-49,1,plus,entry,ios,59,45.65,3.0,lang_b,1,I0118 I0133 I0144 I0149 I0671,
U028544,2026-06-01,coastal,25-34,2,basic,mid,android,43,188.46,4.0,lang_a,1,I0525 I0538 I0933,
U028545,2026-06-01,north,50+,4,basic,entry,ios,43,70.65,1.0,lang_c,1,,fitness local_experiences
U028546,2026-06-01,north,50+,4,basic,mid,ios,3,17.84,5.0,lang_a,1,I0694,accessories wellness
U028547,2026-06-01,central,18-24,3,plus,mid,android,68,187.84,3.0,lang_b,1,,accessories fitness
U028548,2026-06-01,south,50+,4,plus,mid,ios,84,16.98,3.0,lang_a,0,I0089,
U028549,2026-06-01,coastal,35-49,2,plus,mid,ios,19,148.66,2.0,lang_c,1,I0575 I0584 I0594,accessories fitness
U028550,2026-06-01,central,18-24,4,basic,mid,android,23,34.72,3.0,lang_b,1,I0301 I0972,
U028551,2026-06-01,south,18-24,3,basic,entry,android,39,25.36,4.0,lang_a,1,,
U028552,2026-06-01,coastal,50+,1,basic,mid,android,67,,1.0,lang_b,1,I0552 I0554 I0571 I0580 I0585,audio garden
U028553,2026-06-01,coastal,50+,1,basic,premium,ios,72,25.62,3.0,lang_c,0,,mobile_accessories wellness
U028554,2026-06-01,east,35-49,4,basic,premium,android,56,141.76,2.0,lang_a,1,,
U028555,2026-06-01,coastal,50+,5,basic,entry,ios,71,117.73,2.0,lang_b,1,,smart_devices travel_accessories
U028556,2026-06-01,central,25-34,1,basic,mid,android,49,37.9,2.0,lang_a,1,,books furnishings
U028557,2026-06-01,coastal,18-24,5,basic,premium,android,69,48.2,3.0,lang_b,1,I0971 I0978 I0987,
U028558,2026-06-01,south,18-24,1,plus,entry,ios,12,74.63,3.0,lang_b,0,,outdoor streaming
U028559,2026-06-01,central,35-49,4,plus,premium,android,23,32.63,4.0,lang_c,1,I0163 I0191 I0315 I0316 I0322 I0344 I0455,
U028560,2026-06-01,coastal,50+,2,basic,mid,android,22,41.44,2.0,lang_a,1,I0516 I0552 I0555 I0556,
U028561,2026-06-01,south,25-34,2,plus,premium,android,35,83.52,3.0,lang_a,1,,fitness smart_devices
U028562,2026-06-01,coastal,50+,5,basic,mid,android,79,,,lang_b,0,I0029 I0905,
U028563,2026-06-01,central,18-24,4,premium,premium,android,69,80.31,2.0,lang_c,1,I0271,
U028564,2026-06-01,central,50+,2,basic,entry,ios,57,57.1,5.0,lang_a,1,,
U028565,2026-06-01,central,35-49,1,plus,mid,android,19,75.35,3.0,lang_c,1,,creative_hobbies learning
U028566,2026-06-01,north,25-34,2,basic,mid,android,50,103.65,4.0,lang_c,1,,connectivity streaming
U028567,2026-06-01,coastal,35-49,3,plus,mid,android,65,71.69,3.0,lang_c,1,,
U028568,2026-06-01,central,50+,3,basic,entry,android,30,131.08,2.0,lang_b,1,I0167 I0192 I0505,connectivity learning
U028569,2026-06-01,east,25-34,3,basic,premium,ios,80,25.05,4.0,lang_a,1,I0658 I0659 I0663 I0667 I0677 I0688 I0928,
U028570,2026-06-01,west,35-49,1,plus,premium,android,30,33.64,4.0,lang_b,1,I0518 I0532 I0690,
U028571,2026-06-01,east,25-34,4,premium,mid,android,62,67.15,,lang_a,1,,home_care kitchen
U028572,2026-06-01,north,35-49,3,basic,mid,ios,1,23.15,2.0,lang_a,0,I0451,
U028573,2026-06-01,south,50+,5,basic,entry,android,82,113.61,3.0,lang_c,1,I0903 I0916 I0936,delivery fitness
U028574,2026-06-01,east,18-24,3,basic,mid,ios,21,49.1,5.0,lang_c,1,I0660,
U028575,2026-06-01,west,25-34,1,basic,mid,ios,10,123.26,3.0,lang_c,1,I0562,local_experiences smart_devices
U028576,2026-06-01,north,50+,4,basic,mid,ios,13,69.23,3.0,lang_b,0,,
U028577,2026-06-01,central,25-34,2,basic,mid,android,54,60.07,,lang_a,1,,home_care smart_devices
U028578,2026-06-01,north,35-49,1,premium,entry,ios,38,60.44,2.0,lang_a,1,I0660,gaming travel_accessories
U028579,2026-06-01,south,18-24,1,basic,entry,android,21,54.43,2.0,lang_b,1,I0959 I0976,accessories clothing
U028580,2026-06-01,south,35-49,2,plus,entry,android,59,311.37,4.0,lang_c,1,I0458,footwear outdoor
U028581,2026-06-01,south,50+,2,basic,mid,ios,51,27.97,2.0,lang_c,0,I0112 I0142 I0275 I0503 I0519 I0536 I0540,garden home_care
U028582,2026-06-01,central,18-24,2,basic,premium,android,73,85.87,3.0,lang_c,1,,connectivity fitness
U028583,2026-06-01,central,50+,5,basic,premium,android,2,69.52,2.0,lang_a,1,I0055 I0079 I0098 I0916,home_care travel_accessories
U028584,2026-06-01,west,25-34,4,basic,mid,android,75,142.95,2.0,lang_b,0,I0009 I0055 I0941,learning travel_accessories
U028585,2026-06-01,west,50+,1,plus,mid,android,45,178.27,3.0,lang_a,1,I0093,
U028586,2026-06-01,central,35-49,3,plus,mid,android,30,,,lang_a,0,,
U028587,2026-06-01,south,35-49,1,plus,mid,android,36,59.45,2.0,lang_c,1,,home_care outdoor
U028588,2026-06-01,central,18-24,3,basic,entry,android,73,258.45,4.0,lang_c,0,I0207 I0218 I0229 I0242 I0243,
U028589,2026-06-01,west,35-49,1,basic,mid,android,2,31.78,3.0,lang_b,1,I0960,audio clothing
U028590,2026-06-01,central,50+,4,plus,mid,android,65,85.61,4.0,lang_a,1,I0258 I0263 I0267 I0284 I0651,
U028591,2026-06-01,coastal,25-34,3,plus,mid,ios,61,38.43,2.0,lang_c,1,I0050 I0066 I0507 I0518,computing delivery
U028592,2026-06-01,west,25-34,5,basic,premium,android,77,65.21,2.0,lang_a,0,,learning travel_accessories
U028593,2026-06-01,west,35-49,4,premium,entry,android,45,17.0,1.0,lang_a,1,I0255,
U028594,2026-06-01,south,25-34,4,basic,premium,ios,75,75.84,2.0,lang_a,1,I0277 I0958,garden wellness
U028595,2026-06-01,east,18-24,4,plus,mid,android,71,147.54,1.0,lang_a,0,I0986,home_care learning
U028596,2026-06-01,east,50+,4,basic,entry,ios,61,21.38,3.0,lang_b,0,I0273 I0676 I0691,audio gaming
U028597,2026-06-01,central,50+,2,plus,premium,android,29,50.97,2.0,lang_c,1,I0027,
U028598,2026-06-01,north,50+,3,basic,entry,android,50,26.42,4.0,lang_c,1,I0223,fitness kitchen
U028599,2026-06-01,east,25-34,4,basic,entry,ios,84,163.76,2.0,lang_b,1,I0062 I0066 I0093 I0094 I0306 I0517,bags books
U028600,2026-06-01,central,18-24,1,basic,premium,ios,26,46.07,3.0,lang_b,1,I0859 I0862 I0878 I0892 I0893,computing outdoor
U028601,2026-06-01,central,25-34,2,plus,entry,android,48,43.96,3.0,lang_c,1,I0578,
U028602,2026-06-01,coastal,35-49,4,basic,mid,android,14,28.61,2.0,lang_c,0,I0483 I0926,local_experiences streaming
U028603,2026-06-01,north,50+,5,basic,premium,ios,37,51.9,3.0,lang_a,0,I0251 I0273,clothing gaming
U028604,2026-06-01,west,35-49,2,basic,mid,android,21,,3.0,lang_b,1,I0275 I0278,furnishings garden
U028605,2026-06-01,east,35-49,5,basic,premium,android,8,,,lang_b,1,I0078 I0697 I0867,smart_devices streaming
U028606,2026-06-01,north,18-24,4,plus,premium,android,14,,4.0,lang_b,0,I0217 I0464 I0469 I0470 I0475 I0478 I0494 I0858,audio footwear
U028607,2026-06-01,central,18-24,2,basic,premium,android,43,20.63,4.0,lang_b,0,I0180 I0221 I0308 I0322 I0327 I0333 I0337 I0916 I0929 I0971,
U028608,2026-06-01,central,35-49,3,basic,mid,ios,61,17.98,1.0,lang_a,1,I0123 I0551,home_care kitchen
U028609,2026-06-01,south,50+,1,plus,mid,ios,39,51.13,3.0,lang_c,0,I0054 I0113 I0893 I0963,
U028610,2026-06-01,central,50+,5,plus,premium,android,7,151.13,2.0,lang_c,1,I0672 I0919,fitness gaming
U028611,2026-06-01,coastal,50+,4,plus,premium,android,54,85.25,2.0,lang_a,1,,creative_hobbies wellness
U028612,2026-06-01,central,50+,5,basic,mid,ios,77,77.53,3.0,lang_b,0,I0464 I0564 I0938 I0939 I0968 I0979 I0997,delivery footwear
U028613,2026-06-01,south,35-49,5,basic,mid,android,53,264.39,1.0,lang_b,1,I0344 I0455,
U028614,2026-06-01,south,50+,4,premium,entry,android,19,36.92,4.0,lang_c,0,I0003 I0022 I0049,audio computing
U028615,2026-06-01,north,18-24,2,plus,mid,ios,38,57.26,,lang_b,1,I0157,bags learning
U028616,2026-06-01,north,25-34,1,basic,entry,android,71,,3.0,lang_c,1,,clothing connectivity
U028617,2026-06-01,south,50+,4,basic,premium,android,20,40.04,4.0,lang_b,0,,connectivity wellness
U028618,2026-06-01,north,18-24,3,basic,entry,android,50,54.96,4.0,lang_b,0,I0112,gaming mobile_accessories
U028619,2026-06-01,east,50+,2,premium,premium,android,41,29.88,3.0,lang_c,1,I0182 I0919 I0927 I0943,fitness outdoor
U028620,2026-06-01,north,18-24,4,basic,mid,android,22,34.52,3.0,lang_b,0,,accessories local_experiences
U028621,2026-06-01,north,35-49,5,plus,mid,android,13,67.64,4.0,lang_c,0,I0203 I0223 I0658 I0669,footwear gaming
U028622,2026-06-01,east,18-24,1,plus,mid,android,40,59.76,3.0,lang_c,1,,connectivity streaming
U028623,2026-06-01,west,50+,1,basic,mid,ios,30,41.24,,lang_b,0,I0475,books travel_accessories
U028624,2026-06-01,west,35-49,4,basic,mid,ios,52,36.14,2.0,lang_a,0,,gaming home_care
U028625,2026-06-01,east,25-34,4,basic,entry,android,53,111.46,2.0,lang_b,1,,
U028626,2026-06-01,east,50+,3,plus,entry,android,81,,1.0,lang_a,1,I0308 I0313 I0675,
U028627,2026-06-01,east,50+,3,basic,mid,ios,46,53.64,1.0,lang_a,1,,
U028628,2026-06-01,south,25-34,2,basic,mid,ios,55,13.54,,lang_a,1,,
U028629,2026-06-01,south,35-49,3,basic,premium,android,12,146.54,5.0,lang_b,0,I0009,
U028630,2026-06-01,east,25-34,5,plus,premium,ios,23,,4.0,lang_c,0,I0466,clothing wellness
U028631,2026-06-01,east,35-49,5,plus,mid,ios,18,81.79,2.0,lang_c,0,I0056 I0320,bags travel_accessories
U028632,2026-06-01,east,50+,1,basic,entry,android,32,86.94,2.0,lang_a,1,I0116 I0651,books creative_hobbies
U028633,2026-06-01,central,18-24,4,premium,entry,ios,57,61.47,,lang_b,1,I0101 I0977,fitness garden
U028634,2026-06-01,central,25-34,1,plus,entry,android,57,40.82,3.0,lang_c,0,I0293 I0962,furnishings smart_devices
U028635,2026-06-01,west,50+,4,basic,entry,android,3,56.25,4.0,lang_c,1,I0218 I0572 I0585 I0598,
U028636,2026-06-01,west,18-24,1,plus,premium,android,10,104.72,2.0,lang_b,0,,connectivity gaming
U028637,2026-06-01,coastal,50+,5,premium,mid,android,50,16.42,2.0,lang_c,1,I0028 I0088 I0854 I0857 I0871 I0892,bags streaming
U028638,2026-06-01,south,50+,3,basic,mid,android,12,112.06,3.0,lang_a,0,I0061 I0087 I0088 I0308,audio local_experiences
U028639,2026-06-01,east,18-24,5,plus,premium,android,39,23.55,3.0,lang_b,1,I0165 I0167 I0182 I0593,outdoor smart_devices
U028640,2026-06-01,east,50+,5,plus,mid,android,70,21.43,,lang_a,0,I0281,books mobile_accessories
U028641,2026-06-01,south,25-34,2,plus,premium,android,26,32.28,3.0,lang_b,0,I0163 I0255 I0930,delivery travel_accessories
U028642,2026-06-01,west,35-49,2,premium,premium,android,75,165.46,3.0,lang_b,1,I0016,
U028643,2026-06-01,south,25-34,3,basic,entry,android,39,33.6,,lang_b,1,,computing creative_hobbies
U028644,2026-06-01,south,50+,4,premium,premium,ios,67,,3.0,lang_c,1,,books streaming
U028645,2026-06-01,coastal,35-49,5,basic,entry,android,32,45.97,4.0,lang_a,1,,accessories mobile_accessories
U028646,2026-06-01,south,25-34,1,plus,entry,ios,26,57.01,3.0,lang_a,0,,clothing creative_hobbies
U028647,2026-06-01,coastal,35-49,4,basic,mid,ios,64,129.01,3.0,lang_a,1,I0528 I0908,mobile_accessories travel_accessories
U028648,2026-06-01,north,25-34,4,plus,entry,ios,51,36.67,4.0,lang_a,0,I0541,accessories bags
U028649,2026-06-01,south,18-24,3,basic,mid,ios,84,69.92,4.0,lang_c,0,I0503 I0511 I0517 I0537 I0540 I0541,bags streaming
U028650,2026-06-01,south,25-34,3,basic,mid,android,14,,,lang_b,0,I0457 I0461,audio fitness
U028651,2026-06-01,south,25-34,1,premium,unknown,android,57,53.46,2.0,lang_c,1,I0182 I0850,
U028652,2026-06-01,south,25-34,1,basic,mid,android,1,26.34,3.0,lang_b,0,,learning wellness
U028653,2026-06-01,south,18-24,5,basic,mid,android,11,,2.0,lang_b,1,,delivery smart_devices
U028654,2026-06-01,west,18-24,1,basic,premium,android,52,25.18,4.0,lang_b,0,I0238 I0281,connectivity fitness
U028655,2026-06-01,coastal,50+,2,plus,unknown,ios,72,100.95,4.0,lang_a,0,I0172,audio streaming
U028656,2026-06-01,north,18-24,5,basic,mid,android,20,111.78,3.0,lang_a,0,I0277,
U028657,2026-06-01,west,18-24,3,plus,mid,android,67,103.21,5.0,lang_c,1,I0123,
U028658,2026-06-01,north,25-34,4,premium,mid,ios,82,173.21,,lang_c,0,I0136,
U028659,2026-06-01,central,35-49,3,premium,unknown,ios,47,70.69,3.0,lang_b,0,I0902,accessories travel_accessories
U028660,2026-06-01,south,35-49,1,plus,premium,android,8,86.58,,lang_a,1,I0450 I0473 I0478,
U028661,2026-06-01,coastal,35-49,1,basic,premium,android,5,,2.0,lang_a,0,I0154 I0852 I0864 I0867 I0881 I0882 I0890,audio outdoor
U028662,2026-06-01,west,25-34,2,plus,entry,android,77,35.24,4.0,lang_a,0,I0260 I0284 I0483 I0489,footwear gaming
U028663,2026-06-01,north,18-24,5,basic,entry,ios,81,159.23,3.0,lang_c,0,,books fitness
U028664,2026-06-01,central,35-49,3,basic,mid,ios,76,132.03,4.0,lang_b,1,I0071 I0172 I0270,books computing
U028665,2026-06-01,west,35-49,5,plus,entry,ios,30,,3.0,lang_a,1,I0057 I0075 I0257 I0260,
U028666,2026-06-01,central,25-34,2,basic,entry,android,37,98.46,4.0,lang_a,1,,connectivity garden
U028667,2026-06-01,east,18-24,4,basic,mid,android,81,58.18,3.0,lang_a,0,I0457 I0552 I0555 I0591 I0999,
U028668,2026-06-01,west,50+,5,premium,mid,android,6,41.95,3.0,lang_b,1,,
U028669,2026-06-01,coastal,25-34,4,basic,entry,ios,45,30.05,3.0,lang_b,1,I0185 I0338,bags travel_accessories
U028670,2026-06-01,north,50+,2,basic,premium,ios,51,101.15,3.0,lang_c,1,I0542 I0926,delivery mobile_accessories
U028671,2026-06-01,south,18-24,3,basic,entry,android,47,45.07,4.0,lang_c,0,I0153,books gaming
U028672,2026-06-01,south,25-34,3,plus,premium,android,62,85.02,4.0,lang_a,1,,books delivery
U028673,2026-06-01,central,50+,5,basic,premium,android,58,39.0,3.0,lang_b,1,,books streaming
U028674,2026-06-01,east,50+,2,plus,entry,android,45,45.42,2.0,lang_c,1,I0047,audio clothing
U028675,2026-06-01,central,18-24,2,basic,mid,android,25,63.11,3.0,lang_a,1,,computing smart_devices
U028676,2026-06-01,east,35-49,1,plus,mid,ios,74,71.82,3.0,lang_b,1,I0029 I0031 I0037 I0501 I0958 I0979,gaming garden
U028677,2026-06-01,west,35-49,2,basic,entry,android,42,150.66,2.0,lang_b,1,I0056 I0152 I0169 I0666 I0937 I0964,gaming streaming
U028678,2026-06-01,coastal,25-34,2,plus,mid,ios,25,54.92,2.0,lang_b,0,I0502 I0546 I0859 I0872,bags gaming
U028679,2026-06-01,south,50+,1,plus,premium,ios,45,31.73,1.0,lang_b,0,I0225,
U028680,2026-06-01,east,25-34,4,basic,premium,android,34,95.25,,lang_a,1,I0153 I0154 I0194,accessories smart_devices
U028681,2026-06-01,coastal,35-49,4,premium,entry,ios,6,10.59,3.0,lang_a,1,I0336,
U028682,2026-06-01,south,35-49,5,basic,mid,android,8,63.35,4.0,lang_b,0,I0188,kitchen wellness
U028683,2026-06-01,north,50+,1,basic,premium,ios,25,209.23,2.0,lang_a,1,,
U028684,2026-06-01,central,25-34,5,basic,entry,ios,32,43.78,4.0,lang_b,0,I0903 I0907 I0914,
U028685,2026-06-01,south,25-34,1,plus,entry,ios,56,,,lang_b,0,,computing local_experiences
U028686,2026-06-01,west,25-34,4,premium,entry,android,28,21.7,,lang_a,1,I0520 I0558 I0570 I0580 I0582 I0587 I0901 I0905,footwear local_experiences
U028687,2026-06-01,south,18-24,1,basic,premium,android,31,55.05,3.0,lang_a,0,I0293 I0501 I0676 I0859 I0940,
U028688,2026-06-01,west,25-34,3,basic,entry,ios,2,35.26,5.0,lang_c,1,I0328,delivery home_care
U028689,2026-06-01,south,35-49,3,basic,entry,android,67,35.98,3.0,lang_b,1,,audio creative_hobbies
U028690,2026-06-01,east,35-49,5,plus,entry,ios,34,54.84,3.0,lang_c,1,,home_care wellness
U028691,2026-06-01,east,25-34,5,basic,entry,ios,39,171.55,3.0,lang_c,0,I0277 I0531 I0532 I0918 I0922 I0939,
U028692,2026-06-01,coastal,35-49,1,premium,premium,android,27,,2.0,lang_b,1,I0023 I0483 I0689 I0943,
U028693,2026-06-01,central,18-24,5,plus,entry,ios,84,63.95,2.0,lang_a,1,I0064 I0251 I0268 I0289 I0305 I0925,furnishings smart_devices
U028694,2026-06-01,east,18-24,1,plus,mid,ios,62,18.24,2.0,lang_c,1,I0066 I0259,home_care streaming
U028695,2026-06-01,north,50+,2,basic,mid,android,44,20.51,4.0,lang_b,1,I0892,mobile_accessories outdoor
U028696,2026-06-01,central,25-34,1,premium,mid,android,30,62.76,4.0,lang_c,1,I0281 I0853,
U028697,2026-06-01,west,25-34,3,basic,premium,android,83,55.94,2.0,lang_c,1,I0091,
U028698,2026-06-01,west,18-24,1,basic,premium,ios,45,55.69,3.0,lang_b,0,I0052 I0911,outdoor wellness
U028699,2026-06-01,east,50+,4,basic,mid,android,66,23.58,3.0,lang_c,1,I0213,delivery kitchen
U028700,2026-06-01,coastal,18-24,4,basic,entry,android,81,47.66,4.0,lang_c,0,I0513,bags local_experiences
U028701,2026-06-01,central,18-24,3,basic,premium,android,45,62.5,5.0,lang_c,0,,connectivity streaming
U028702,2026-06-01,south,18-24,1,basic,entry,android,8,35.73,3.0,lang_a,1,I0341 I0971 I0984,
U028703,2026-06-01,north,25-34,5,basic,mid,android,1,,3.0,lang_c,1,I0502,
U028704,2026-06-01,coastal,50+,4,premium,entry,android,26,22.69,,lang_a,1,I0206,audio fitness
U028705,2026-06-01,west,50+,1,basic,premium,ios,10,69.16,4.0,lang_a,1,I0955 I0968,fitness outdoor
U028706,2026-06-01,west,25-34,2,basic,mid,android,7,46.29,4.0,lang_a,1,,accessories home_care
U028707,2026-06-01,central,25-34,4,basic,entry,android,32,27.34,3.0,lang_c,1,,
U028708,2026-06-01,east,50+,5,premium,entry,ios,39,16.48,3.0,lang_a,1,I0588,delivery home_care
U028709,2026-06-01,west,50+,3,basic,entry,android,82,37.02,3.0,lang_c,0,,bags local_experiences
U028710,2026-06-01,east,50+,1,premium,unknown,ios,67,,2.0,lang_b,1,I0056 I0067 I0073 I0076 I0086 I0536,computing wellness
U028711,2026-06-01,south,25-34,5,premium,mid,ios,63,,4.0,lang_b,1,,
U028712,2026-06-01,central,25-34,1,basic,mid,android,10,36.27,,lang_b,0,,
U028713,2026-06-01,south,18-24,4,basic,mid,android,4,53.98,1.0,lang_c,0,,books travel_accessories
U028714,2026-06-01,north,50+,4,plus,entry,ios,7,55.86,2.0,lang_a,0,,books garden
U028715,2026-06-01,east,18-24,4,basic,premium,android,63,56.89,2.0,lang_c,1,I0486,
U028716,2026-06-01,north,50+,2,premium,premium,android,16,145.49,4.0,lang_b,1,I0135,
U028717,2026-06-01,south,25-34,4,premium,entry,ios,84,83.7,5.0,lang_c,0,I0115 I0144 I0491,
U028718,2026-06-01,east,50+,3,basic,premium,android,52,37.4,4.0,lang_b,1,I0307 I0582,audio gaming
U028719,2026-06-01,coastal,18-24,4,basic,unknown,ios,44,158.11,5.0,lang_b,0,,
U028720,2026-06-01,east,18-24,3,basic,premium,ios,65,82.74,3.0,lang_a,0,,learning local_experiences
U028721,2026-06-01,north,18-24,4,basic,premium,android,36,83.37,4.0,lang_a,1,,books outdoor
U028722,2026-06-01,east,18-24,5,basic,mid,android,43,60.79,4.0,lang_a,0,,clothing streaming
U028723,2026-06-01,east,25-34,4,plus,mid,android,72,23.31,3.0,lang_c,1,I0116 I0212,gaming mobile_accessories
U028724,2026-06-01,central,18-24,2,basic,mid,android,52,52.95,3.0,lang_a,1,I0226 I0238,
U028725,2026-06-01,north,18-24,3,plus,entry,android,79,72.61,2.0,lang_c,1,,
U028726,2026-06-01,north,35-49,1,basic,mid,android,69,136.68,3.0,lang_b,1,,connectivity learning
U028727,2026-06-01,east,35-49,3,basic,mid,android,25,201.73,3.0,lang_c,0,I0232 I0241,books learning
U028728,2026-06-01,west,25-34,3,basic,mid,ios,3,,3.0,lang_b,1,I0106 I0114 I0133 I0536,
U028729,2026-06-01,west,50+,5,basic,mid,android,22,19.56,3.0,lang_b,1,I0106 I0112 I0129,
U028730,2026-06-01,west,50+,5,basic,mid,android,50,61.78,3.0,lang_b,1,,
U028731,2026-06-01,west,50+,2,premium,premium,ios,27,181.05,3.0,lang_c,0,I0104 I0119 I0464 I0482,creative_hobbies mobile_accessories
U028732,2026-06-01,west,35-49,3,plus,mid,android,79,26.81,2.0,lang_c,1,I0901,furnishings local_experiences
U028733,2026-06-01,east,35-49,1,basic,entry,android,50,44.52,2.0,lang_a,1,I0015 I0019 I0096 I0566,gaming home_care
U028734,2026-06-01,central,35-49,5,basic,premium,android,31,100.9,3.0,lang_a,1,I0655,books footwear
U028735,2026-06-01,west,35-49,1,basic,premium,android,69,49.84,4.0,lang_c,1,,home_care kitchen
U028736,2026-06-01,coastal,18-24,4,basic,premium,ios,25,118.5,2.0,lang_b,1,I0122 I0587 I0590,accessories computing
U028737,2026-06-01,coastal,35-49,4,basic,mid,ios,10,161.58,4.0,lang_a,1,I0056,
U028738,2026-06-01,north,35-49,3,plus,entry,android,79,105.57,5.0,lang_b,0,I0111,kitchen outdoor
U028739,2026-06-01,central,50+,3,plus,mid,ios,52,33.08,3.0,lang_c,1,I0556,garden wellness
U028740,2026-06-01,coastal,35-49,2,basic,unknown,android,33,70.95,2.0,lang_c,0,,books computing
U028741,2026-06-01,west,18-24,5,basic,entry,android,29,155.68,,lang_a,1,,furnishings streaming
U028742,2026-06-01,south,50+,3,plus,premium,android,29,19.33,2.0,lang_c,1,,
U028743,2026-06-01,coastal,25-34,4,plus,entry,android,37,115.88,,lang_a,1,,
U028744,2026-06-01,west,35-49,1,basic,mid,ios,62,63.43,3.0,lang_c,1,I0313 I0560,accessories fitness
U028745,2026-06-01,south,25-34,5,basic,entry,android,9,30.67,3.0,lang_a,0,I0040,audio connectivity
U028746,2026-06-01,central,35-49,2,basic,entry,ios,74,,2.0,lang_c,0,,streaming wellness
U028747,2026-06-01,central,50+,4,plus,mid,ios,27,49.32,2.0,lang_a,1,I0306 I0330 I0337,bags books
U028748,2026-06-01,east,18-24,3,basic,mid,ios,83,106.98,2.0,lang_b,0,I0060 I0074 I0510 I0527 I0906 I0915,bags garden
U028749,2026-06-01,south,25-34,2,basic,mid,android,58,48.84,1.0,lang_a,0,I0233 I0467 I0482 I0656 I0666 I0671 I0677 I0691,
U028750,2026-06-01,east,35-49,2,premium,entry,android,59,,3.0,lang_c,1,,connectivity fitness
U028751,2026-06-01,east,18-24,3,premium,premium,android,31,68.22,4.0,lang_a,1,I0509 I0662,connectivity gaming
U028752,2026-06-01,west,25-34,4,basic,premium,android,37,,3.0,lang_c,0,I0491 I0852 I0867,audio gaming
U028753,2026-06-01,west,35-49,4,basic,premium,ios,68,91.98,,lang_a,0,I0559,furnishings home_care
U028754,2026-06-01,west,50+,1,basic,mid,android,7,91.52,3.0,lang_b,0,,
U028755,2026-06-01,west,35-49,5,basic,entry,android,50,32.91,4.0,lang_b,1,I0458,
U028756,2026-06-01,east,50+,1,basic,entry,android,12,39.09,3.0,lang_c,1,I0518 I0534 I0871 I0872,home_care outdoor
U028757,2026-06-01,south,18-24,5,basic,unknown,android,25,33.63,3.0,lang_b,0,I0043 I0314 I0332 I0334 I0338 I0688,footwear garden
U028758,2026-06-01,west,25-34,5,premium,entry,android,49,138.86,1.0,lang_c,0,I0203 I0206 I0232,
U028759,2026-06-01,central,18-24,4,basic,unknown,android,7,30.21,3.0,lang_c,0,I0307,creative_hobbies streaming
U028760,2026-06-01,north,25-34,1,basic,entry,android,58,71.3,2.0,lang_c,1,I0490,
U028761,2026-06-01,central,50+,1,basic,entry,android,13,106.6,4.0,lang_a,0,I0024 I0315,audio smart_devices
U028762,2026-06-01,coastal,50+,3,basic,mid,android,49,40.61,3.0,lang_c,0,I0914,furnishings travel_accessories
U028763,2026-06-01,south,18-24,3,basic,mid,android,80,55.87,3.0,lang_b,0,I0243,
U028764,2026-06-01,coastal,25-34,1,basic,mid,android,27,44.23,4.0,lang_a,0,I0018,
U028765,2026-06-01,west,50+,2,basic,mid,android,70,68.77,4.0,lang_b,0,I0589 I0594 I0869 I0977,
U028766,2026-06-01,north,35-49,4,basic,mid,android,79,167.87,3.0,lang_c,0,,
U028767,2026-06-01,east,35-49,2,plus,premium,ios,17,,3.0,lang_b,0,I0177 I0658 I0684 I0863 I0872,accessories travel_accessories
U028768,2026-06-01,north,50+,3,basic,premium,ios,38,97.21,3.0,lang_b,0,I0067 I0528 I0539 I0542 I0901 I0998,bags fitness
U028769,2026-06-01,central,50+,5,basic,mid,android,77,46.59,2.0,lang_b,1,,
U028770,2026-06-01,coastal,25-34,1,plus,entry,android,76,70.09,,lang_a,1,I0460 I0466 I0474,clothing footwear
U028771,2026-06-01,east,35-49,2,plus,mid,android,34,81.82,3.0,lang_b,1,,
U028772,2026-06-01,east,50+,2,basic,mid,ios,46,94.76,3.0,lang_a,0,I0002,bags footwear
U028773,2026-06-01,central,25-34,1,basic,mid,android,27,234.5,,lang_a,1,I0463,clothing learning
U028774,2026-06-01,west,35-49,5,plus,mid,android,42,55.57,,lang_c,0,,
U028775,2026-06-01,east,18-24,3,plus,entry,ios,34,32.95,2.0,lang_a,1,I0912 I0953,books travel_accessories
U028776,2026-06-01,east,18-24,5,premium,entry,android,73,99.77,2.0,lang_c,1,,
U028777,2026-06-01,central,35-49,3,basic,premium,android,65,26.37,4.0,lang_b,1,I0056,
U028778,2026-06-01,east,25-34,2,basic,premium,android,34,53.91,1.0,lang_c,1,I0980,clothing connectivity
U028779,2026-06-01,central,18-24,3,plus,entry,android,12,93.2,2.0,lang_c,1,I0554 I0570 I0934,
U028780,2026-06-01,east,35-49,5,basic,mid,ios,44,60.46,4.0,lang_b,1,I0102 I0119 I0133 I0144,
U028781,2026-06-01,west,35-49,4,basic,entry,android,16,52.76,,lang_c,1,I0060,
U028782,2026-06-01,south,18-24,1,premium,entry,ios,62,46.13,1.0,lang_c,1,I0878,books learning
U028783,2026-06-01,central,50+,3,basic,entry,ios,7,83.25,1.0,lang_c,1,I0060 I0070 I0339,
U028784,2026-06-01,west,25-34,1,basic,mid,android,5,50.83,2.0,lang_a,0,I0867,outdoor wellness
U028785,2026-06-01,south,18-24,1,basic,entry,android,23,108.59,3.0,lang_b,1,I0972,bags mobile_accessories
U028786,2026-06-01,east,25-34,2,premium,premium,android,40,56.09,1.0,lang_c,0,,
U028787,2026-06-01,north,18-24,5,basic,mid,ios,10,56.73,2.0,lang_c,0,I0255 I0288 I0289 I0461 I0488,footwear furnishings
U028788,2026-06-01,east,18-24,4,basic,unknown,android,55,43.16,,lang_a,1,,learning local_experiences
U028789,2026-06-01,south,25-34,2,basic,mid,android,60,102.06,4.0,lang_a,1,,bags footwear
U028790,2026-06-01,central,50+,5,premium,premium,ios,47,49.41,,lang_c,0,I0259 I0540,home_care outdoor
U028791,2026-06-01,east,25-34,4,plus,premium,ios,83,26.4,4.0,lang_a,1,,
U028792,2026-06-01,central,35-49,2,premium,mid,ios,18,90.69,5.0,lang_c,0,I0008 I0310 I0869 I0883,
U028793,2026-06-01,central,18-24,1,basic,mid,android,75,37.01,2.0,lang_b,1,,clothing footwear
U028794,2026-06-01,east,25-34,1,basic,entry,android,62,17.8,3.0,lang_b,1,I0055 I0077 I0507 I0518 I0538 I0913 I0917 I0991,local_experiences mobile_accessories
U028795,2026-06-01,east,18-24,4,basic,unknown,ios,5,27.04,,lang_c,1,,
U028796,2026-06-01,north,25-34,2,plus,premium,android,67,36.14,,lang_a,1,I0453 I0491 I0951,accessories footwear
U028797,2026-06-01,north,35-49,1,basic,entry,android,47,17.81,4.0,lang_a,1,I0014 I0124 I0275 I0278 I0288,furnishings wellness
U028798,2026-06-01,north,18-24,5,basic,premium,android,17,46.47,4.0,lang_b,1,I0061 I0080,bags fitness
U028799,2026-06-01,coastal,25-34,4,premium,mid,android,61,39.26,,lang_a,1,I0505,home_care wellness
U028800,2026-06-01,north,35-49,5,plus,premium,android,60,,2.0,lang_a,1,I0200 I0232 I0456 I0961,connectivity furnishings
U028801,2026-06-01,north,25-34,1,basic,entry,ios,80,16.42,3.0,lang_b,1,,accessories connectivity
U028802,2026-06-01,west,18-24,5,plus,mid,ios,52,90.38,3.0,lang_c,1,I0093,clothing wellness
U028803,2026-06-01,north,18-24,3,plus,mid,ios,13,89.43,,lang_c,1,I0312 I0330,delivery garden
U028804,2026-06-01,east,18-24,5,basic,mid,ios,55,,3.0,lang_a,1,,
U028805,2026-06-01,south,50+,2,basic,mid,android,26,30.4,4.0,lang_b,1,I0147,
U028806,2026-06-01,north,18-24,2,plus,entry,ios,31,38.87,4.0,lang_c,1,,clothing travel_accessories
U028807,2026-06-01,coastal,18-24,2,basic,mid,android,76,94.96,3.0,lang_c,0,,delivery gaming
U028808,2026-06-01,south,18-24,2,basic,mid,ios,74,,3.0,lang_b,1,I0511,
U028809,2026-06-01,west,18-24,2,basic,premium,android,38,86.28,3.0,lang_c,0,I0863 I0873 I0892,
U028810,2026-06-01,north,18-24,2,basic,mid,android,6,118.89,3.0,lang_b,0,I0322 I0903,local_experiences wellness
U028811,2026-06-01,central,18-24,2,plus,mid,ios,53,48.86,3.0,lang_c,1,I0235,
U028812,2026-06-01,west,50+,5,basic,mid,android,56,24.55,3.0,lang_c,1,,
U028813,2026-06-01,coastal,25-34,4,basic,mid,ios,80,155.79,2.0,lang_b,1,I0551 I0578 I0934,bags streaming
U028814,2026-06-01,central,50+,3,basic,entry,android,65,107.66,3.0,lang_a,0,,
U028815,2026-06-01,central,18-24,4,plus,mid,android,46,74.9,3.0,lang_c,0,,
U028816,2026-06-01,west,18-24,2,premium,premium,android,2,,4.0,lang_b,1,I0038 I0039 I0652 I0673,audio gaming
U028817,2026-06-01,coastal,18-24,3,plus,premium,android,75,,3.0,lang_b,0,,accessories travel_accessories
U028818,2026-06-01,south,35-49,4,basic,mid,ios,7,10.17,4.0,lang_c,1,I0903 I0908 I0916 I0923 I0924 I0943,furnishings travel_accessories
U028819,2026-06-01,west,18-24,3,premium,premium,android,54,371.45,4.0,lang_a,0,I0043,clothing local_experiences
U028820,2026-06-01,north,35-49,4,basic,mid,android,38,68.48,4.0,lang_a,1,I0010 I0858 I0876 I0959,books streaming
U028821,2026-06-01,south,18-24,3,basic,premium,ios,13,64.63,4.0,lang_a,1,I0683 I0903,bags wellness
U028822,2026-06-01,west,25-34,3,basic,mid,android,79,45.67,3.0,lang_c,1,,accessories fitness
U028823,2026-06-01,south,25-34,1,basic,entry,ios,41,7.88,5.0,lang_c,0,,computing streaming
U028824,2026-06-01,central,35-49,4,basic,mid,ios,33,87.91,3.0,lang_a,1,I0234 I0584,
U028825,2026-06-01,west,35-49,1,basic,mid,android,40,44.29,3.0,lang_c,0,I0182,computing local_experiences
U028826,2026-06-01,coastal,25-34,2,plus,premium,ios,66,80.1,2.0,lang_a,0,I0275 I0541 I0879,
U028827,2026-06-01,south,18-24,5,basic,premium,android,74,63.49,,lang_c,1,I0062 I0071 I0078 I0228 I0330 I0672,
U028828,2026-06-01,east,50+,1,basic,mid,android,18,119.52,3.0,lang_b,1,I0186,accessories delivery
U028829,2026-06-01,central,18-24,1,premium,entry,android,16,25.85,4.0,lang_a,1,I0451,
U028830,2026-06-01,west,25-34,4,premium,entry,ios,75,44.54,4.0,lang_b,1,I0000 I0008 I0168,audio mobile_accessories
U028831,2026-06-01,coastal,25-34,4,basic,premium,ios,25,96.48,3.0,lang_b,1,,clothing computing
U028832,2026-06-01,south,50+,5,basic,mid,ios,36,32.54,4.0,lang_a,1,I0103 I0912 I0929 I0940,bags travel_accessories
U028833,2026-06-01,central,18-24,5,basic,entry,android,51,27.33,5.0,lang_b,1,I0064 I0468 I0478 I0502 I0505 I0509 I0513 I0518 I0519 I0525 I0536 I0549 I0878 I0882,bags home_care
U028834,2026-06-01,north,25-34,3,basic,mid,ios,24,71.52,3.0,lang_b,1,,furnishings gaming
U028835,2026-06-01,west,35-49,3,basic,entry,android,54,78.29,2.0,lang_b,1,,accessories mobile_accessories
U028836,2026-06-01,south,35-49,5,basic,entry,ios,43,,3.0,lang_c,1,I0176 I0874,mobile_accessories outdoor
U028837,2026-06-01,south,35-49,2,basic,mid,ios,37,75.75,3.0,lang_c,1,I0103 I0122 I0142 I0315 I0867,
U028838,2026-06-01,east,50+,5,plus,mid,android,51,168.62,3.0,lang_a,0,,garden travel_accessories
U028839,2026-06-01,south,50+,5,basic,premium,android,42,33.49,,lang_a,1,I0597 I0912,accessories bags
U028840,2026-06-01,west,18-24,4,basic,mid,android,55,129.99,2.0,lang_b,0,I0106 I0552 I0578 I0590,computing mobile_accessories
U028841,2026-06-01,east,18-24,2,plus,premium,android,16,66.03,5.0,lang_a,1,,
U028842,2026-06-01,north,50+,4,premium,mid,ios,72,82.29,4.0,lang_c,1,,
U028843,2026-06-01,south,25-34,1,plus,entry,android,41,36.61,5.0,lang_c,0,,
U028844,2026-06-01,south,18-24,5,plus,mid,android,84,73.71,4.0,lang_c,1,I0064 I0068 I0219 I0678 I0958,home_care wellness
U028845,2026-06-01,east,50+,4,basic,mid,android,23,50.89,3.0,lang_a,0,,local_experiences wellness
U028846,2026-06-01,central,35-49,1,premium,entry,ios,3,34.83,4.0,lang_a,1,I0963,computing learning
U028847,2026-06-01,east,18-24,2,basic,entry,ios,83,275.93,3.0,lang_c,0,I0554 I0593,books smart_devices
U028848,2026-06-01,south,50+,5,premium,entry,ios,22,145.78,4.0,lang_c,0,,books smart_devices
U028849,2026-06-01,south,35-49,1,plus,mid,ios,27,18.62,3.0,lang_b,0,,
U028850,2026-06-01,north,25-34,1,basic,premium,android,7,24.58,3.0,lang_c,1,I0062 I0103 I0931,
U028851,2026-06-01,south,18-24,1,plus,mid,android,30,10.58,3.0,lang_c,1,,local_experiences wellness
U028852,2026-06-01,coastal,25-34,4,plus,premium,android,40,62.8,,lang_a,1,,
U028853,2026-06-01,north,25-34,5,plus,premium,android,20,59.17,3.0,lang_b,1,,bags computing
U028854,2026-06-01,east,35-49,2,basic,unknown,android,31,42.38,2.0,lang_b,1,I0284 I0528,bags outdoor
U028855,2026-06-01,west,50+,2,basic,mid,android,34,157.41,3.0,lang_b,1,,clothing streaming
U028856,2026-06-01,north,35-49,3,plus,mid,android,9,54.7,2.0,lang_a,1,I0080 I0983,
U028857,2026-06-01,south,50+,3,basic,mid,ios,28,56.93,2.0,lang_c,0,I0187 I0475 I0920,
U028858,2026-06-01,central,18-24,4,basic,mid,ios,68,73.07,5.0,lang_c,0,,audio local_experiences
U028859,2026-06-01,central,50+,4,basic,entry,ios,36,30.69,4.0,lang_c,1,I0977,footwear mobile_accessories
U028860,2026-06-01,east,50+,5,plus,premium,android,58,85.04,3.0,lang_a,1,,footwear mobile_accessories
U028861,2026-06-01,east,35-49,1,plus,mid,android,78,52.54,3.0,lang_a,1,I0537,books delivery
U028862,2026-06-01,east,35-49,1,plus,entry,ios,1,63.78,3.0,lang_b,1,I0031,audio mobile_accessories
U028863,2026-06-01,east,25-34,1,basic,mid,android,28,28.84,3.0,lang_c,0,I0182 I0479 I0917,
U028864,2026-06-01,coastal,25-34,4,basic,premium,ios,84,117.04,2.0,lang_a,1,I0925,accessories home_care
U028865,2026-06-01,north,18-24,1,basic,entry,ios,31,63.66,4.0,lang_b,0,I0514,
U028866,2026-06-01,central,25-34,5,basic,entry,ios,71,,2.0,lang_c,0,,books smart_devices
U028867,2026-06-01,south,18-24,4,basic,premium,ios,73,62.17,3.0,lang_a,1,I0109 I0127 I0141,connectivity gaming
U028868,2026-06-01,west,25-34,2,basic,entry,android,9,48.48,2.0,lang_a,1,,
U028869,2026-06-01,north,25-34,1,plus,mid,ios,28,37.88,,lang_c,1,I0061 I0070 I0071 I0072 I0866 I0906,computing smart_devices
U028870,2026-06-01,south,50+,3,basic,mid,ios,54,30.96,2.0,lang_c,1,I0475 I0523 I0555 I0557 I0586 I0587 I0868,
U028871,2026-06-01,central,18-24,4,basic,mid,android,70,46.37,4.0,lang_b,0,,computing connectivity
U028872,2026-06-01,west,50+,3,plus,premium,android,28,26.92,2.0,lang_c,1,,
U028873,2026-06-01,west,25-34,4,basic,premium,ios,36,22.88,4.0,lang_c,0,I0888,accessories outdoor
U028874,2026-06-01,south,18-24,4,basic,premium,android,42,67.05,3.0,lang_b,1,I0259 I0655 I0686 I0688 I0692 I0856 I0977,computing furnishings
U028875,2026-06-01,north,25-34,1,plus,mid,android,14,131.87,,lang_a,1,I0327,
U028876,2026-06-01,north,35-49,5,basic,unknown,android,65,236.53,4.0,lang_c,1,I0048 I0259 I0598 I0967,
U028877,2026-06-01,east,35-49,3,basic,entry,ios,20,47.48,2.0,lang_a,1,I0039 I0881 I0917 I0920 I0926,outdoor streaming
U028878,2026-06-01,west,35-49,3,basic,mid,ios,56,36.1,4.0,lang_c,1,I0132 I0969,computing home_care
U028879,2026-06-01,north,18-24,5,basic,mid,android,64,30.17,2.0,lang_c,1,,fitness streaming
U028880,2026-06-01,west,25-34,2,plus,mid,android,67,35.45,3.0,lang_c,1,I0154 I0257 I0258 I0267 I0283 I0297 I0528 I0977,
U028881,2026-06-01,coastal,25-34,5,premium,mid,android,13,85.31,2.0,lang_c,1,,
U028882,2026-06-01,coastal,25-34,2,basic,premium,ios,13,52.63,3.0,lang_b,1,I0857 I0859 I0983,fitness wellness
U028883,2026-06-01,coastal,18-24,5,basic,unknown,android,49,110.66,2.0,lang_b,0,I0152,footwear learning
U028884,2026-06-01,central,25-34,5,basic,mid,android,78,56.21,3.0,lang_b,1,,
U028885,2026-06-01,east,50+,4,basic,mid,android,6,137.91,3.0,lang_c,1,I0189 I0262 I0451,clothing smart_devices
U028886,2026-06-01,coastal,35-49,3,plus,unknown,ios,42,78.87,1.0,lang_a,1,I0010,
U028887,2026-06-01,north,50+,3,basic,premium,android,54,107.54,3.0,lang_a,1,,gaming travel_accessories
U028888,2026-06-01,coastal,25-34,3,plus,mid,android,81,45.57,,lang_c,1,I0912 I0988,
U028889,2026-06-01,west,18-24,2,plus,mid,ios,47,209.61,4.0,lang_c,1,I0107 I0136 I0334,
U028890,2026-06-01,east,35-49,3,plus,premium,ios,26,74.83,4.0,lang_b,1,I0040 I0232,furnishings streaming
U028891,2026-06-01,north,18-24,1,basic,mid,android,3,63.09,3.0,lang_a,1,,
U028892,2026-06-01,south,25-34,5,basic,mid,android,9,50.88,2.0,lang_c,0,I0562 I0893 I0920 I0931,books creative_hobbies
U028893,2026-06-01,central,50+,4,basic,mid,ios,58,177.76,4.0,lang_a,0,I0008,computing connectivity
U028894,2026-06-01,south,18-24,2,basic,premium,ios,12,55.61,2.0,lang_b,1,,
U028895,2026-06-01,west,35-49,4,plus,mid,ios,56,14.75,3.0,lang_a,1,I0053 I0057 I0062 I0088,
U028896,2026-06-01,south,25-34,5,basic,mid,android,37,50.63,4.0,lang_b,1,I0102 I0127 I0138 I0461 I0462 I0466 I0480 I0488,footwear mobile_accessories
U028897,2026-06-01,central,25-34,4,plus,entry,android,54,81.18,4.0,lang_c,1,I0120 I0453 I0461 I0488 I0537,connectivity creative_hobbies
U028898,2026-06-01,east,50+,5,basic,entry,ios,63,100.48,3.0,lang_c,0,I0472 I0670 I0866 I0902 I0906,fitness outdoor
U028899,2026-06-01,south,18-24,4,basic,mid,android,34,131.96,3.0,lang_a,1,I0182 I0274,delivery garden
U028900,2026-06-01,east,50+,2,basic,entry,android,60,148.2,1.0,lang_b,1,I0006,
U028901,2026-06-01,east,35-49,3,basic,premium,ios,14,90.66,2.0,lang_a,1,,
U028902,2026-06-01,coastal,35-49,2,basic,entry,ios,65,20.36,3.0,lang_c,0,I0242,
U028903,2026-06-01,east,25-34,2,basic,premium,android,31,19.08,3.0,lang_c,1,I0266,
U028904,2026-06-01,coastal,35-49,3,plus,entry,ios,66,159.71,2.0,lang_c,0,I0267 I0271,furnishings kitchen
U028905,2026-06-01,north,35-49,3,basic,mid,ios,9,31.24,3.0,lang_c,1,,
U028906,2026-06-01,east,18-24,2,plus,premium,ios,56,89.11,3.0,lang_b,0,I0559,fitness streaming
U028907,2026-06-01,south,25-34,3,plus,entry,android,61,47.17,2.0,lang_b,0,I0293 I0475 I0488 I0955 I0981,
U028908,2026-06-01,south,18-24,4,basic,mid,ios,34,89.71,,lang_a,1,I0593,
U028909,2026-06-01,coastal,25-34,3,basic,mid,android,56,48.46,4.0,lang_b,0,I0478 I0651 I0965 I0972 I0978 I0986 I0997,fitness gaming
U028910,2026-06-01,south,18-24,4,basic,unknown,ios,84,,2.0,lang_b,0,I0861 I0867 I0883,
U028911,2026-06-01,north,35-49,5,basic,unknown,android,1,231.19,1.0,lang_b,0,I0455 I0463 I0477,
U028912,2026-06-01,east,18-24,2,plus,entry,ios,6,96.25,3.0,lang_b,0,I0916,computing travel_accessories
U028913,2026-06-01,south,18-24,5,plus,mid,android,17,66.84,4.0,lang_a,0,,
U028914,2026-06-01,north,35-49,5,plus,mid,ios,81,90.6,3.0,lang_b,1,I0257,smart_devices streaming
U028915,2026-06-01,south,50+,1,plus,mid,android,45,44.3,3.0,lang_a,1,I0477 I0872,
U028916,2026-06-01,west,50+,4,premium,mid,ios,7,65.39,2.0,lang_a,0,I0177 I0343 I0530,bags garden
U028917,2026-06-01,central,25-34,1,basic,entry,android,72,53.67,3.0,lang_b,0,I0251 I0540 I0666 I0671 I0679 I0685,bags connectivity
U028918,2026-06-01,south,35-49,4,basic,premium,ios,19,24.62,,lang_a,1,I0074 I0208 I0217,fitness streaming
U028919,2026-06-01,east,25-34,5,basic,mid,android,66,22.37,2.0,lang_b,0,I0000 I0500 I0509 I0510 I0520 I0523,
U028920,2026-06-01,coastal,25-34,1,basic,premium,android,38,27.52,4.0,lang_b,0,I0005 I0035 I0039 I0983,
U028921,2026-06-01,west,25-34,5,basic,mid,ios,24,66.1,3.0,lang_c,0,I0233 I0467,
U028922,2026-06-01,north,35-49,1,plus,premium,ios,32,43.79,2.0,lang_c,1,I0522 I0537 I0894,bags garden
U028923,2026-06-01,north,35-49,3,plus,premium,ios,73,44.12,2.0,lang_c,0,,connectivity local_experiences
U028924,2026-06-01,north,25-34,1,basic,mid,ios,75,,,lang_c,1,I0254 I0260 I0272,creative_hobbies wellness
U028925,2026-06-01,coastal,50+,5,premium,mid,android,5,52.8,3.0,lang_b,0,I0083 I0090 I0136 I0555 I0682,audio garden
U028926,2026-06-01,coastal,25-34,2,basic,premium,ios,53,144.11,4.0,lang_c,0,I0569 I0582,
U028927,2026-06-01,west,18-24,1,plus,mid,android,22,49.23,4.0,lang_c,0,,clothing mobile_accessories
U028928,2026-06-01,north,18-24,5,basic,premium,android,11,150.47,3.0,lang_b,1,,accessories learning
U028929,2026-06-01,north,18-24,1,basic,mid,android,17,255.6,2.0,lang_a,1,I0575,
U028930,2026-06-01,coastal,35-49,4,plus,mid,android,73,119.37,4.0,lang_b,1,,fitness garden
U028931,2026-06-01,north,18-24,4,premium,mid,android,1,108.3,3.0,lang_c,0,,connectivity garden
U028932,2026-06-01,north,18-24,5,basic,entry,android,81,,3.0,lang_a,0,I0203 I0214 I0217 I0224 I0227 I0241 I0243 I0988,
U028933,2026-06-01,central,18-24,5,premium,premium,android,32,57.88,2.0,lang_a,1,,
U028934,2026-06-01,west,25-34,1,basic,mid,ios,61,57.23,1.0,lang_c,0,,connectivity gaming
U028935,2026-06-01,east,50+,5,plus,entry,android,59,70.62,3.0,lang_c,1,,books travel_accessories
U028936,2026-06-01,west,35-49,2,premium,mid,ios,73,105.15,3.0,lang_b,1,I0913,books kitchen
U028937,2026-06-01,west,50+,2,basic,entry,android,46,18.63,1.0,lang_b,1,I0656,
U028938,2026-06-01,west,18-24,4,basic,unknown,ios,29,114.85,5.0,lang_c,0,,connectivity delivery
U028939,2026-06-01,west,35-49,5,plus,entry,android,16,53.77,3.0,lang_b,1,I0855,connectivity learning
U028940,2026-06-01,south,35-49,1,plus,premium,android,69,64.31,2.0,lang_c,1,I0471 I0477 I0487 I0582,connectivity delivery
U028941,2026-06-01,east,35-49,3,basic,mid,ios,23,,4.0,lang_a,1,I0954 I0989,clothing fitness
U028942,2026-06-01,central,25-34,2,plus,entry,android,2,74.66,2.0,lang_b,1,,fitness mobile_accessories
U028943,2026-06-01,south,35-49,3,plus,premium,android,58,17.0,1.0,lang_b,1,,creative_hobbies gaming
U028944,2026-06-01,east,35-49,2,plus,entry,android,69,61.41,3.0,lang_a,0,I0653 I0685,
U028945,2026-06-01,west,18-24,2,basic,premium,android,37,34.01,4.0,lang_a,1,I0322,connectivity mobile_accessories
U028946,2026-06-01,north,25-34,2,basic,entry,ios,80,29.19,,lang_a,1,,books outdoor
U028947,2026-06-01,coastal,25-34,3,plus,entry,android,72,54.63,3.0,lang_b,0,,creative_hobbies furnishings
U028948,2026-06-01,coastal,25-34,2,basic,entry,ios,45,43.07,3.0,lang_a,1,I0002 I0567,accessories footwear
U028949,2026-06-01,west,25-34,5,basic,entry,android,7,38.27,4.0,lang_a,0,I0045,
U028950,2026-06-01,north,35-49,4,basic,premium,android,23,18.33,3.0,lang_b,1,I0074 I0223 I0225 I0237,
U028951,2026-06-01,coastal,25-34,5,basic,entry,android,80,110.06,3.0,lang_c,0,I0922,bags learning
U028952,2026-06-01,east,50+,2,basic,entry,android,63,97.45,4.0,lang_a,0,I0305 I0321,clothing computing
U028953,2026-06-01,east,18-24,5,premium,premium,android,47,36.97,2.0,lang_c,1,I0450 I0653,creative_hobbies kitchen
U028954,2026-06-01,coastal,18-24,2,basic,entry,android,25,46.22,4.0,lang_b,0,,clothing local_experiences
U028955,2026-06-01,east,18-24,2,basic,mid,android,64,82.18,2.0,lang_b,1,I0126 I0892 I0951 I0971 I0978,audio fitness
U028956,2026-06-01,central,25-34,3,premium,entry,android,16,35.18,,lang_c,1,I0093 I0258 I0284 I0487 I0654,audio local_experiences
U028957,2026-06-01,north,50+,1,basic,premium,android,21,91.88,1.0,lang_a,0,,
U028958,2026-06-01,east,18-24,4,basic,entry,android,82,132.96,4.0,lang_b,0,I0010 I0906 I0920 I0939,outdoor travel_accessories
U028959,2026-06-01,central,18-24,3,basic,premium,android,28,32.59,1.0,lang_b,1,I0930,
U028960,2026-06-01,north,50+,3,basic,mid,android,19,40.87,3.0,lang_c,0,I0541,local_experiences smart_devices
U028961,2026-06-01,central,35-49,3,plus,entry,android,66,51.49,2.0,lang_c,1,,bags footwear
U028962,2026-06-01,central,50+,5,plus,mid,android,46,107.33,2.0,lang_c,1,,
U028963,2026-06-01,central,50+,3,basic,mid,ios,80,29.15,4.0,lang_a,0,I0257 I0259 I0262 I0276,accessories furnishings
U028964,2026-06-01,central,18-24,5,plus,mid,android,22,83.25,,lang_c,0,I0123 I0208,
U028965,2026-06-01,east,35-49,2,plus,unknown,ios,22,47.76,,lang_a,1,,connectivity mobile_accessories
U028966,2026-06-01,west,50+,3,premium,mid,android,63,76.35,3.0,lang_c,0,I0556 I0562 I0568,accessories delivery
U028967,2026-06-01,west,35-49,5,plus,unknown,ios,18,77.47,4.0,lang_b,1,I0867,furnishings outdoor
U028968,2026-06-01,west,18-24,2,basic,entry,android,5,58.34,4.0,lang_a,1,I0059 I0655 I0667 I0677 I0678 I0693,audio gaming
U028969,2026-06-01,south,18-24,1,basic,entry,ios,2,39.25,2.0,lang_a,1,,home_care streaming
U028970,2026-06-01,west,18-24,3,plus,entry,ios,41,,3.0,lang_a,1,,kitchen learning
U028971,2026-06-01,south,25-34,2,plus,entry,android,73,97.88,3.0,lang_a,1,,clothing streaming
U028972,2026-06-01,coastal,18-24,3,premium,entry,android,84,24.68,4.0,lang_b,1,I0915,
U028973,2026-06-01,south,50+,3,plus,mid,android,68,129.95,4.0,lang_b,1,I0307 I0508 I0518 I0524 I0529 I0544 I0566 I0590,bags delivery
U028974,2026-06-01,central,35-49,3,plus,premium,android,46,,2.0,lang_b,1,I0307 I0347,bags creative_hobbies
U028975,2026-06-01,north,35-49,1,basic,entry,android,84,83.99,,lang_b,1,I0852 I0881 I0885 I0889,bags outdoor
U028976,2026-06-01,west,25-34,1,plus,mid,android,28,249.0,5.0,lang_c,1,,footwear home_care
U028977,2026-06-01,coastal,25-34,5,basic,entry,ios,52,41.99,2.0,lang_c,1,,bags furnishings
U028978,2026-06-01,west,25-34,2,basic,premium,ios,83,180.39,2.0,lang_b,1,I0156 I0267 I0278 I0344 I0538,
U028979,2026-06-01,coastal,25-34,3,basic,entry,ios,66,175.97,2.0,lang_a,0,,clothing wellness
U028980,2026-06-01,south,35-49,2,basic,entry,android,58,207.51,3.0,lang_c,0,I0182 I0184 I0261 I0262,outdoor smart_devices
U028981,2026-06-01,coastal,25-34,5,basic,premium,android,43,195.84,1.0,lang_a,1,,
U028982,2026-06-01,south,35-49,3,basic,mid,ios,10,82.64,3.0,lang_c,1,I0106,
U028983,2026-06-01,coastal,50+,4,basic,mid,android,72,40.86,4.0,lang_c,0,,streaming wellness
U028984,2026-06-01,south,25-34,1,premium,mid,android,54,95.76,3.0,lang_b,0,I0459,
U028985,2026-06-01,east,35-49,4,basic,entry,ios,75,127.19,,lang_c,1,,computing wellness
U028986,2026-06-01,east,25-34,4,basic,mid,android,16,19.76,4.0,lang_a,1,,
U028987,2026-06-01,south,18-24,3,basic,mid,android,5,51.56,3.0,lang_b,0,I0127 I0152 I0556,delivery travel_accessories
U028988,2026-06-01,west,35-49,5,plus,mid,ios,21,144.55,4.0,lang_a,1,,connectivity kitchen
U028989,2026-06-01,coastal,25-34,4,basic,mid,ios,56,160.48,2.0,lang_a,0,I0457,footwear local_experiences
U028990,2026-06-01,central,18-24,5,plus,mid,android,43,32.82,4.0,lang_a,1,I0057,delivery streaming
U028991,2026-06-01,coastal,50+,1,basic,entry,ios,60,,3.0,lang_b,0,,delivery gaming
U028992,2026-06-01,north,35-49,5,basic,mid,android,6,,3.0,lang_c,1,,
U028993,2026-06-01,north,35-49,4,basic,mid,ios,17,59.43,3.0,lang_c,0,I0104 I0122 I0281,connectivity wellness
U028994,2026-06-01,east,25-34,5,basic,entry,ios,6,86.25,3.0,lang_b,0,,computing creative_hobbies
U028995,2026-06-01,east,35-49,1,basic,unknown,ios,6,94.5,4.0,lang_a,1,,
U028996,2026-06-01,central,18-24,1,basic,entry,android,79,55.56,2.0,lang_a,0,I0100 I0138 I0325 I0331 I0481,mobile_accessories outdoor
U028997,2026-06-01,east,50+,2,plus,premium,android,62,23.38,4.0,lang_c,1,,
U028998,2026-06-01,north,50+,3,premium,entry,ios,23,72.59,3.0,lang_b,1,I0276 I0971 I0981,
U028999,2026-06-01,coastal,50+,4,plus,entry,android,39,68.97,2.0,lang_a,1,,creative_hobbies travel_accessories
U029000,2026-06-01,west,35-49,5,plus,mid,android,15,59.9,2.0,lang_b,1,I0118 I0127 I0136 I0139 I0142,
U029001,2026-06-01,north,25-34,5,basic,entry,android,38,19.49,4.0,lang_b,0,,clothing learning
U029002,2026-06-01,south,18-24,5,plus,mid,ios,22,66.39,4.0,lang_a,0,,
U029003,2026-06-01,north,35-49,3,basic,premium,android,46,94.78,3.0,lang_b,1,I0264 I0293 I0667,books furnishings
U029004,2026-06-01,central,18-24,5,premium,entry,ios,17,240.46,5.0,lang_a,0,,
U029005,2026-06-01,central,35-49,1,basic,mid,ios,6,47.92,4.0,lang_b,1,I0519 I0526 I0538 I0851 I0884,local_experiences outdoor
U029006,2026-06-01,coastal,25-34,2,premium,entry,android,54,360.27,,lang_a,1,,
U029007,2026-06-01,south,35-49,1,basic,mid,ios,1,80.52,1.0,lang_a,1,,audio gaming
U029008,2026-06-01,south,50+,5,basic,unknown,android,46,119.77,5.0,lang_a,0,,furnishings kitchen
U029009,2026-06-01,east,50+,2,plus,entry,android,7,82.5,3.0,lang_c,1,,connectivity learning
U029010,2026-06-01,south,50+,2,basic,mid,ios,13,73.76,2.0,lang_b,1,I0586,accessories home_care
U029011,2026-06-01,east,25-34,5,basic,mid,android,64,111.15,,lang_c,1,,bags local_experiences
U029012,2026-06-01,east,25-34,1,plus,premium,android,13,183.51,3.0,lang_a,1,I0119 I0130 I0228 I0276 I0564 I0567 I0591,
U029013,2026-06-01,west,18-24,3,plus,premium,android,51,25.47,4.0,lang_c,1,I0551,garden outdoor
U029014,2026-06-01,coastal,35-49,3,basic,unknown,android,58,33.31,5.0,lang_b,0,,fitness smart_devices
U029015,2026-06-01,east,50+,4,plus,unknown,ios,56,26.35,2.0,lang_a,0,,creative_hobbies wellness
U029016,2026-06-01,west,50+,3,premium,mid,android,21,30.35,3.0,lang_a,0,,audio clothing
U029017,2026-06-01,central,35-49,1,basic,premium,ios,52,156.26,3.0,lang_c,1,I0158 I0317 I0324 I0597,
U029018,2026-06-01,west,50+,3,plus,premium,android,73,62.17,4.0,lang_c,1,I0268,garden kitchen
U029019,2026-06-01,coastal,18-24,2,plus,mid,android,51,91.21,3.0,lang_b,0,I0123,smart_devices travel_accessories
U029020,2026-06-01,east,35-49,1,basic,mid,ios,69,227.47,4.0,lang_a,1,I0921,
U029021,2026-06-01,central,25-34,3,basic,premium,android,35,116.39,2.0,lang_c,1,I0916,books computing
U029022,2026-06-01,coastal,35-49,4,plus,premium,ios,47,25.7,2.0,lang_c,1,,audio footwear
U029023,2026-06-01,west,35-49,3,plus,mid,android,53,90.91,4.0,lang_a,0,I0024 I0503 I0552,computing learning
U029024,2026-06-01,north,18-24,3,basic,unknown,android,70,58.83,4.0,lang_a,1,I0047 I0687,
U029025,2026-06-01,north,35-49,4,premium,mid,ios,41,16.74,3.0,lang_b,0,,kitchen learning
U029026,2026-06-01,central,35-49,1,basic,mid,android,82,70.17,2.0,lang_a,0,I0153 I0167 I0183,
U029027,2026-06-01,east,25-34,2,basic,mid,android,25,154.06,3.0,lang_a,1,I0018,
U029028,2026-06-01,central,50+,3,premium,premium,android,84,25.94,1.0,lang_c,1,I0000 I0016 I0025 I0033 I0345 I0549,
U029029,2026-06-01,south,50+,4,plus,mid,ios,24,285.56,2.0,lang_c,1,I0062,fitness smart_devices
U029030,2026-06-01,north,18-24,4,basic,mid,ios,45,32.05,3.0,lang_c,1,,audio footwear
U029031,2026-06-01,coastal,50+,5,plus,entry,android,11,54.48,3.0,lang_b,1,I0562 I0567 I0572 I0582 I0587 I0690,accessories home_care
U029032,2026-06-01,east,18-24,2,basic,entry,ios,83,91.96,2.0,lang_a,1,I0233 I0320 I0324,computing connectivity
U029033,2026-06-01,coastal,25-34,2,plus,mid,ios,42,70.09,3.0,lang_b,0,I0025 I0263 I0530,
U029034,2026-06-01,east,50+,4,basic,mid,ios,70,35.61,,lang_c,0,I0542,
U029035,2026-06-01,north,25-34,5,premium,premium,ios,57,108.05,2.0,lang_a,1,I0554 I0565,clothing travel_accessories
U029036,2026-06-01,north,25-34,3,plus,mid,android,66,104.11,3.0,lang_a,1,I0019 I0119 I0227 I0510 I0552 I0556 I0557 I0567 I0571 I0582 I0583 I0591 I0901 I0918 I0937 I0938 I0947 I0949,
U029037,2026-06-01,north,35-49,3,basic,mid,android,51,40.2,2.0,lang_b,1,I0136,creative_hobbies home_care
U029038,2026-06-01,north,50+,5,premium,mid,android,49,24.82,,lang_c,0,,
U029039,2026-06-01,coastal,18-24,1,basic,entry,ios,20,41.22,1.0,lang_b,1,I0556 I0596,books streaming
U029040,2026-06-01,coastal,18-24,1,basic,mid,ios,67,37.58,,lang_b,0,,garden wellness
U029041,2026-06-01,coastal,50+,5,plus,entry,android,45,34.52,,lang_a,1,I0231,creative_hobbies kitchen
U029042,2026-06-01,west,50+,2,basic,unknown,android,66,24.38,3.0,lang_a,1,I0180,books home_care
U029043,2026-06-01,west,18-24,3,basic,entry,android,13,51.87,3.0,lang_a,0,,audio kitchen
U029044,2026-06-01,central,25-34,3,basic,entry,ios,30,218.22,2.0,lang_b,1,I0453 I0485 I0487 I0666,smart_devices streaming
U029045,2026-06-01,east,50+,4,plus,premium,ios,67,40.04,4.0,lang_b,1,I0210,footwear home_care
U029046,2026-06-01,west,25-34,3,basic,premium,android,84,,3.0,lang_b,1,I0486,
U029047,2026-06-01,east,18-24,4,basic,premium,android,18,29.68,3.0,lang_a,0,I0082 I0462 I0487,connectivity home_care
U029048,2026-06-01,east,25-34,4,plus,entry,android,14,39.24,3.0,lang_b,0,,learning smart_devices
U029049,2026-06-01,coastal,25-34,1,basic,unknown,ios,58,35.74,4.0,lang_c,0,,
U029050,2026-06-01,east,35-49,4,basic,mid,android,79,52.74,3.0,lang_c,0,I0256,clothing connectivity
U029051,2026-06-01,west,50+,3,basic,entry,android,58,84.19,2.0,lang_c,1,,kitchen smart_devices
U029052,2026-06-01,south,18-24,1,basic,mid,ios,20,61.59,2.0,lang_b,1,I0071,
U029053,2026-06-01,south,50+,1,basic,mid,android,46,45.27,3.0,lang_a,1,I0052 I0060 I0190 I0659,
U029054,2026-06-01,south,18-24,5,plus,entry,android,81,17.56,,lang_a,0,,audio wellness
U029055,2026-06-01,central,18-24,2,premium,mid,ios,1,69.73,3.0,lang_b,1,I0341 I0565,clothing travel_accessories
U029056,2026-06-01,south,50+,1,plus,mid,ios,24,39.28,,lang_b,1,I0011 I0035,kitchen learning
U029057,2026-06-01,south,35-49,3,basic,mid,android,45,44.14,4.0,lang_b,1,,home_care local_experiences
U029058,2026-06-01,central,25-34,5,basic,mid,android,56,33.38,3.0,lang_b,1,,clothing computing
U029059,2026-06-01,coastal,50+,4,plus,mid,ios,39,122.92,3.0,lang_b,0,I0050 I0054 I0057 I0059 I0062 I0071 I0078 I0085 I0093 I0096 I0099 I0196 I0993,
U029060,2026-06-01,east,18-24,1,basic,mid,android,24,89.52,3.0,lang_b,1,,creative_hobbies footwear
U029061,2026-06-01,south,25-34,2,plus,entry,ios,27,36.52,4.0,lang_a,0,I0013 I0032 I0872,audio clothing
U029062,2026-06-01,west,18-24,1,plus,mid,android,72,120.09,3.0,lang_b,1,,delivery mobile_accessories
U029063,2026-06-01,south,35-49,3,basic,unknown,ios,54,151.67,3.0,lang_c,1,,
U029064,2026-06-01,central,50+,5,premium,mid,android,61,43.68,4.0,lang_b,1,,connectivity gaming
U029065,2026-06-01,east,25-34,2,plus,unknown,android,82,36.28,3.0,lang_a,0,,
U029066,2026-06-01,north,18-24,2,premium,entry,android,10,35.16,4.0,lang_a,1,I0494 I0504,audio creative_hobbies
U029067,2026-06-01,coastal,25-34,4,basic,entry,android,47,22.02,3.0,lang_b,0,I0014 I0332 I0584 I0913 I0941,
U029068,2026-06-01,north,18-24,1,premium,premium,ios,6,90.73,2.0,lang_c,0,I0143 I0187,creative_hobbies wellness
U029069,2026-06-01,coastal,18-24,1,basic,entry,ios,16,89.01,,lang_c,1,I0557 I0566 I0983,accessories fitness
U029070,2026-06-01,north,35-49,2,basic,entry,android,75,27.03,3.0,lang_a,1,I0891,delivery local_experiences
U029071,2026-06-01,west,50+,1,basic,entry,ios,8,37.64,2.0,lang_b,1,I0974,bags travel_accessories
U029072,2026-06-01,coastal,35-49,2,basic,premium,android,63,28.41,4.0,lang_b,0,I0160 I0569,books fitness
U029073,2026-06-01,north,50+,5,basic,mid,ios,24,33.75,3.0,lang_a,1,I0574,
U029074,2026-06-01,west,35-49,4,basic,mid,ios,13,97.42,3.0,lang_a,1,I0987,mobile_accessories streaming
U029075,2026-06-01,west,18-24,3,basic,mid,ios,56,19.39,2.0,lang_a,1,I0517 I0531 I0550 I0552 I0565 I0566 I0591 I0593 I0596,accessories mobile_accessories
U029076,2026-06-01,east,50+,3,basic,mid,ios,83,77.43,2.0,lang_c,1,,
U029077,2026-06-01,coastal,25-34,3,basic,premium,ios,77,181.23,3.0,lang_b,1,I0569,accessories clothing
U029078,2026-06-01,south,25-34,5,premium,premium,ios,12,149.23,3.0,lang_a,1,,
U029079,2026-06-01,coastal,50+,5,plus,entry,ios,33,47.01,4.0,lang_b,0,I0201,connectivity gaming
U029080,2026-06-01,north,35-49,4,basic,entry,android,69,36.5,3.0,lang_b,0,,
U029081,2026-06-01,east,35-49,5,plus,premium,ios,56,127.77,,lang_a,1,,
U029082,2026-06-01,central,25-34,1,plus,mid,ios,35,76.95,4.0,lang_b,1,I0111 I0234 I0511 I0534,bags mobile_accessories
U029083,2026-06-01,south,35-49,5,basic,entry,ios,65,136.84,,lang_b,1,I0152 I0171,smart_devices wellness
U029084,2026-06-01,south,25-34,3,plus,entry,android,7,201.79,4.0,lang_b,0,,books connectivity
U029085,2026-06-01,east,35-49,2,basic,mid,ios,55,,5.0,lang_b,1,I0250 I0269 I0279,
U029086,2026-06-01,west,35-49,2,premium,entry,android,57,43.27,3.0,lang_a,0,I0453 I0456 I0457 I0460 I0507 I0936,delivery home_care
U029087,2026-06-01,north,50+,3,basic,entry,ios,47,51.21,2.0,lang_a,1,I0002 I0510 I0890,audio footwear
U029088,2026-06-01,east,35-49,1,premium,unknown,android,65,148.63,4.0,lang_a,1,I0893,delivery garden
U029089,2026-06-01,north,50+,3,basic,entry,android,80,156.56,3.0,lang_b,1,,
U029090,2026-06-01,east,18-24,5,basic,mid,android,57,178.55,4.0,lang_a,0,I0084 I0093,
U029091,2026-06-01,coastal,25-34,2,plus,entry,android,26,194.94,3.0,lang_b,0,I0487,audio garden
U029092,2026-06-01,west,50+,5,basic,mid,android,33,81.79,4.0,lang_c,0,,
U029093,2026-06-01,central,50+,5,premium,unknown,ios,81,25.77,3.0,lang_b,1,I0158 I0502 I0950 I0972,garden smart_devices
U029094,2026-06-01,south,50+,2,basic,entry,android,72,108.77,3.0,lang_a,1,I0058 I0203 I0210 I0213 I0224 I0234 I0958,
U029095,2026-06-01,central,25-34,3,basic,premium,android,38,87.49,4.0,lang_b,0,,audio travel_accessories
U029096,2026-06-01,north,50+,2,basic,entry,android,22,48.53,3.0,lang_c,0,I0039 I0863 I0891 I0920,gaming wellness
U029097,2026-06-01,central,25-34,5,basic,mid,android,26,215.46,,lang_b,0,I0502 I0510 I0854 I0862 I0883,
U029098,2026-06-01,south,50+,5,basic,mid,android,18,52.78,3.0,lang_c,1,I0455 I0456 I0461 I0462 I0465 I0467 I0488 I0490 I0513,clothing footwear
U029099,2026-06-01,east,18-24,5,plus,mid,android,59,92.94,5.0,lang_b,0,I0275,creative_hobbies kitchen
U029100,2026-06-01,south,18-24,4,plus,mid,android,21,124.13,1.0,lang_b,1,I0165 I0208 I0244 I0918 I0920 I0922 I0932,fitness travel_accessories
U029101,2026-06-01,coastal,35-49,1,plus,mid,android,52,31.27,3.0,lang_b,1,I0311 I0335,local_experiences wellness
U029102,2026-06-01,west,18-24,3,basic,mid,android,36,81.01,5.0,lang_b,1,I0271 I0573,
U029103,2026-06-01,west,50+,4,basic,mid,android,19,41.66,3.0,lang_c,1,I0028 I0864 I0906,creative_hobbies outdoor
U029104,2026-06-01,coastal,18-24,2,basic,unknown,android,10,97.81,3.0,lang_c,1,,
U029105,2026-06-01,south,35-49,3,basic,unknown,android,54,21.53,,lang_c,1,I0999,books travel_accessories
U029106,2026-06-01,coastal,25-34,5,basic,mid,android,70,81.23,2.0,lang_a,1,,local_experiences streaming
U029107,2026-06-01,west,35-49,5,plus,premium,android,34,18.8,3.0,lang_c,1,I0097,
U029108,2026-06-01,east,25-34,3,plus,entry,android,3,97.46,2.0,lang_b,0,I0876,learning local_experiences
U029109,2026-06-01,east,18-24,4,plus,mid,ios,51,122.75,,lang_b,1,I0078,
U029110,2026-06-01,coastal,25-34,3,plus,premium,android,84,31.58,3.0,lang_c,1,I0078 I0099 I0529,
U029111,2026-06-01,east,25-34,5,basic,entry,android,49,23.46,3.0,lang_a,1,I0015 I0029 I0282,
U029112,2026-06-01,east,50+,1,basic,premium,android,48,126.34,3.0,lang_c,1,I0956 I0973,computing fitness
U029113,2026-06-01,north,50+,4,plus,premium,android,69,61.33,5.0,lang_b,0,,audio streaming
U029114,2026-06-01,coastal,18-24,4,basic,entry,ios,47,87.36,4.0,lang_c,1,,
U029115,2026-06-01,central,35-49,1,basic,entry,ios,22,87.94,3.0,lang_a,1,I0101 I0102 I0111 I0159 I0177 I0342,
U029116,2026-06-01,west,50+,5,plus,mid,ios,38,14.78,2.0,lang_c,1,I0112 I0130,home_care mobile_accessories
U029117,2026-06-01,west,35-49,4,premium,mid,android,53,174.48,4.0,lang_b,1,,clothing connectivity
U029118,2026-06-01,north,18-24,2,plus,premium,android,40,108.27,4.0,lang_b,0,I0153 I0154 I0159 I0163 I0169 I0170 I0189 I0191 I0192 I0197 I0256 I0569 I0951,bags wellness
U029119,2026-06-01,north,50+,4,basic,entry,android,84,86.65,2.0,lang_a,1,,audio fitness
U029120,2026-06-01,west,18-24,2,basic,mid,ios,55,114.41,3.0,lang_a,1,I0214 I0236 I0243 I0912,
U029121,2026-06-01,east,18-24,3,basic,entry,ios,20,,3.0,lang_c,1,I0204 I0466 I0552 I0583 I0586 I0587 I0594 I0945 I0961 I0976,accessories wellness
U029122,2026-06-01,central,50+,4,basic,entry,ios,28,108.44,3.0,lang_b,1,,audio furnishings
U029123,2026-06-01,east,18-24,3,basic,premium,android,50,50.98,3.0,lang_b,0,,
U029124,2026-06-01,west,25-34,1,basic,mid,android,5,52.44,,lang_c,1,,home_care outdoor
U029125,2026-06-01,south,25-34,5,premium,mid,ios,83,50.61,3.0,lang_c,1,,
U029126,2026-06-01,east,35-49,4,basic,entry,ios,24,52.63,2.0,lang_c,0,I0919 I0951 I0952 I0955 I0980 I0987 I0991,delivery fitness
U029127,2026-06-01,coastal,35-49,3,plus,mid,ios,50,42.72,3.0,lang_c,1,,home_care learning
U029128,2026-06-01,south,25-34,4,premium,premium,ios,74,38.1,2.0,lang_c,1,I0869 I0887,home_care kitchen
U029129,2026-06-01,east,50+,3,premium,entry,android,24,63.0,5.0,lang_b,0,I0197 I0198,outdoor streaming
U029130,2026-06-01,south,18-24,1,basic,unknown,ios,6,236.67,2.0,lang_a,0,,home_care wellness
U029131,2026-06-01,coastal,50+,5,plus,mid,android,61,40.29,4.0,lang_b,1,,
U029132,2026-06-01,south,35-49,4,basic,premium,android,63,48.71,4.0,lang_b,0,I0071 I0084 I0582 I0583,accessories computing
U029133,2026-06-01,south,35-49,5,basic,entry,ios,46,107.94,3.0,lang_b,1,,
U029134,2026-06-01,east,18-24,1,basic,entry,ios,64,120.71,4.0,lang_a,1,I0895,books garden
U029135,2026-06-01,north,35-49,2,basic,mid,ios,78,104.2,4.0,lang_a,1,,
U029136,2026-06-01,central,50+,3,premium,entry,ios,23,355.57,3.0,lang_a,1,,
U029137,2026-06-01,coastal,50+,2,basic,entry,android,40,80.87,2.0,lang_b,1,I0122 I0136 I0454,delivery mobile_accessories
U029138,2026-06-01,south,35-49,5,plus,premium,ios,51,42.68,4.0,lang_b,1,,
U029139,2026-06-01,coastal,35-49,5,plus,mid,ios,5,87.6,1.0,lang_a,1,I0234 I0557 I0658 I0671,accessories gaming
U029140,2026-06-01,central,50+,4,basic,mid,android,9,36.31,4.0,lang_a,1,,learning streaming
U029141,2026-06-01,east,25-34,4,basic,entry,android,48,45.54,5.0,lang_b,1,I0194 I0939,connectivity wellness
U029142,2026-06-01,south,18-24,3,plus,premium,android,34,16.16,4.0,lang_b,1,I0062 I0075 I0079,
U029143,2026-06-01,central,50+,3,basic,mid,android,71,87.79,2.0,lang_a,1,,
U029144,2026-06-01,south,25-34,4,basic,entry,android,40,117.89,4.0,lang_b,1,I0937,
U029145,2026-06-01,central,35-49,5,premium,entry,ios,63,54.33,3.0,lang_b,0,I0686,accessories delivery
U029146,2026-06-01,central,50+,2,plus,mid,ios,21,22.6,2.0,lang_b,1,I0311 I0331,bags connectivity
U029147,2026-06-01,north,50+,2,plus,mid,ios,81,67.16,3.0,lang_c,0,,delivery furnishings
U029148,2026-06-01,east,50+,5,basic,mid,android,79,21.64,,lang_b,0,I0551 I0552 I0561 I0585,creative_hobbies outdoor
U029149,2026-06-01,east,25-34,5,basic,mid,android,66,48.99,2.0,lang_c,0,,
U029150,2026-06-01,central,50+,5,basic,entry,ios,13,36.61,3.0,lang_a,0,I0050 I0052 I0082 I0092 I0123 I0341 I0450 I0452 I0914,computing mobile_accessories
U029151,2026-06-01,east,25-34,1,plus,unknown,ios,54,149.05,3.0,lang_b,1,,
U029152,2026-06-01,south,25-34,1,basic,mid,ios,30,,,lang_b,1,I0135 I0953,audio connectivity
U029153,2026-06-01,west,35-49,5,plus,premium,android,50,65.49,2.0,lang_a,0,,gaming home_care
U029154,2026-06-01,west,50+,3,basic,entry,ios,4,55.74,3.0,lang_c,0,,learning smart_devices
U029155,2026-06-01,east,18-24,4,basic,premium,ios,39,41.74,3.0,lang_b,0,,
U029156,2026-06-01,east,50+,3,basic,unknown,android,16,39.52,3.0,lang_a,0,,
U029157,2026-06-01,central,35-49,1,basic,entry,ios,84,37.31,4.0,lang_c,0,I0115 I0123 I0124 I0136,
U029158,2026-06-01,central,50+,4,basic,mid,ios,68,26.27,2.0,lang_c,1,I0650 I0652 I0657 I0666 I0671 I0682 I0691,computing footwear
U029159,2026-06-01,central,35-49,1,premium,entry,android,10,64.41,4.0,lang_a,1,,footwear furnishings
U029160,2026-06-01,north,25-34,4,basic,mid,android,22,124.2,4.0,lang_c,1,,
U029161,2026-06-01,north,35-49,5,basic,mid,android,62,28.41,2.0,lang_b,1,,
U029162,2026-06-01,north,50+,2,basic,mid,android,21,39.96,5.0,lang_b,0,I0243,books furnishings
U029163,2026-06-01,north,50+,3,basic,mid,ios,34,91.61,2.0,lang_a,0,I0305 I0650 I0682 I0697 I0963,
U029164,2026-06-01,west,25-34,3,plus,mid,ios,13,162.74,2.0,lang_b,0,I0306 I0307 I0311 I0322 I0324 I0327 I0331 I0584,
U029165,2026-06-01,east,50+,4,basic,premium,ios,9,,2.0,lang_c,1,I0059 I0075,computing home_care
U029166,2026-06-01,central,50+,1,plus,premium,ios,38,31.2,2.0,lang_a,1,I0118,garden mobile_accessories
U029167,2026-06-01,north,50+,1,basic,mid,android,71,107.71,3.0,lang_c,1,I0519 I0852 I0856 I0877,computing outdoor
U029168,2026-06-01,east,50+,2,plus,entry,android,34,54.47,3.0,lang_c,1,I0229 I0482 I0906,learning local_experiences
U029169,2026-06-01,south,35-49,1,basic,mid,android,59,,4.0,lang_a,1,,garden travel_accessories
U029170,2026-06-01,south,18-24,4,premium,entry,android,62,56.28,2.0,lang_c,0,,
U029171,2026-06-01,central,50+,1,basic,mid,android,25,41.43,3.0,lang_c,1,I0483,footwear learning
U029172,2026-06-01,central,18-24,3,plus,premium,ios,79,126.26,3.0,lang_a,0,I0967 I0992,fitness kitchen
U029173,2026-06-01,north,18-24,2,basic,mid,ios,63,114.66,2.0,lang_c,1,,garden kitchen
U029174,2026-06-01,south,18-24,1,basic,entry,ios,73,,3.0,lang_b,1,I0310 I0506 I0542,bags outdoor
U029175,2026-06-01,south,25-34,5,plus,entry,android,34,63.96,4.0,lang_a,1,I0034 I0102,audio fitness
U029176,2026-06-01,east,25-34,1,plus,entry,android,37,103.74,3.0,lang_b,1,I0038,
U029177,2026-06-01,west,18-24,3,basic,entry,ios,17,76.83,3.0,lang_c,1,,connectivity smart_devices
U029178,2026-06-01,south,25-34,4,basic,entry,android,36,43.06,,lang_a,1,,clothing gaming
U029179,2026-06-01,south,50+,2,premium,mid,android,6,63.37,,lang_a,0,I0193,audio travel_accessories
U029180,2026-06-01,central,35-49,5,basic,entry,ios,23,97.35,2.0,lang_a,1,I0262,
U029181,2026-06-01,north,25-34,4,premium,mid,ios,17,31.39,3.0,lang_b,1,I0028 I0163 I0174 I0216 I0864 I0867 I0878 I0882 I0885,garden smart_devices
U029182,2026-06-01,west,18-24,5,premium,entry,ios,19,,,lang_c,1,I0913,
U029183,2026-06-01,north,25-34,5,plus,premium,android,37,62.58,3.0,lang_a,1,I0914 I0987,
U029184,2026-06-01,north,50+,3,plus,entry,android,66,93.13,4.0,lang_c,1,I0013 I0515 I0985,
U029185,2026-06-01,east,35-49,2,plus,entry,ios,9,116.8,2.0,lang_b,0,,
U029186,2026-06-01,south,25-34,5,basic,unknown,android,21,116.63,4.0,lang_b,1,I0083,computing kitchen
U029187,2026-06-01,west,25-34,4,premium,premium,android,49,87.29,5.0,lang_b,1,I0524,accessories kitchen
U029188,2026-06-01,east,50+,5,basic,mid,ios,4,47.56,1.0,lang_a,1,,
U029189,2026-06-01,south,50+,3,basic,premium,android,58,,4.0,lang_a,1,,
U029190,2026-06-01,west,18-24,5,basic,mid,android,35,47.92,3.0,lang_a,1,I0469,furnishings mobile_accessories
U029191,2026-06-01,central,35-49,2,basic,mid,android,23,54.95,5.0,lang_a,1,,footwear home_care
U029192,2026-06-01,south,18-24,3,plus,premium,ios,76,45.17,4.0,lang_b,1,I0028,audio delivery
U029193,2026-06-01,south,25-34,4,plus,entry,android,20,155.26,2.0,lang_c,1,,
U029194,2026-06-01,south,50+,1,basic,unknown,android,45,107.0,3.0,lang_c,1,I0139 I0147,bags smart_devices
U029195,2026-06-01,south,25-34,3,basic,entry,android,3,87.76,3.0,lang_b,1,I0860,
U029196,2026-06-01,west,50+,2,plus,entry,ios,19,51.02,4.0,lang_b,1,I0015 I0567,
U029197,2026-06-01,north,50+,3,basic,entry,ios,34,16.66,2.0,lang_c,1,I0008 I0070 I0669 I0855 I0858 I0877 I0970,creative_hobbies wellness
U029198,2026-06-01,south,35-49,4,plus,premium,android,57,49.27,4.0,lang_a,1,I0674,accessories kitchen
U029199,2026-06-01,east,50+,2,basic,premium,ios,20,,,lang_b,0,,learning streaming
U029200,2026-06-01,south,50+,5,basic,mid,android,43,59.95,4.0,lang_c,1,I0487,accessories audio
U029201,2026-06-01,coastal,18-24,2,premium,premium,ios,27,42.18,,lang_b,0,I0317 I0331 I0871 I0914 I0925,
U029202,2026-06-01,east,35-49,4,basic,premium,android,46,91.36,4.0,lang_c,1,I0538,
U029203,2026-06-01,central,35-49,2,basic,mid,ios,31,57.62,2.0,lang_b,1,,
U029204,2026-06-01,east,25-34,1,basic,entry,android,63,26.17,2.0,lang_c,1,,
U029205,2026-06-01,coastal,50+,5,basic,mid,android,6,57.39,3.0,lang_b,1,I0118 I0138 I0183,fitness smart_devices
U029206,2026-06-01,south,50+,5,basic,mid,ios,42,60.02,5.0,lang_c,1,I0864 I0886 I0889,creative_hobbies outdoor
U029207,2026-06-01,south,50+,5,basic,entry,android,84,32.66,4.0,lang_c,0,,
U029208,2026-06-01,west,50+,1,plus,entry,android,19,229.65,2.0,lang_b,1,I0583,
U029209,2026-06-01,central,35-49,5,plus,mid,ios,74,46.88,1.0,lang_a,1,I0042 I0860,footwear outdoor
U029210,2026-06-01,south,18-24,5,premium,mid,ios,68,30.2,2.0,lang_a,1,,creative_hobbies gaming
U029211,2026-06-01,central,25-34,5,basic,mid,android,7,32.92,2.0,lang_a,0,,books travel_accessories
U029212,2026-06-01,central,50+,5,basic,premium,android,42,20.56,3.0,lang_b,1,I0487 I0906,
U029213,2026-06-01,west,18-24,1,basic,premium,android,45,48.93,2.0,lang_a,0,I0079 I0907 I0922 I0926 I0930 I0932 I0937,computing smart_devices
U029214,2026-06-01,west,25-34,3,plus,mid,ios,36,29.12,4.0,lang_a,0,,
U029215,2026-06-01,central,25-34,5,basic,entry,android,41,41.35,3.0,lang_a,0,I0311 I0882,creative_hobbies mobile_accessories
U029216,2026-06-01,coastal,50+,3,premium,mid,android,48,61.02,3.0,lang_c,0,I0974,smart_devices wellness
U029217,2026-06-01,south,50+,3,basic,mid,android,19,30.89,3.0,lang_b,1,I0298,gaming travel_accessories
U029218,2026-06-01,east,50+,5,basic,entry,android,1,70.49,4.0,lang_a,1,I0526 I0863,
U029219,2026-06-01,south,18-24,5,premium,mid,android,24,27.92,2.0,lang_b,1,I0002 I0677 I0860,audio fitness
U029220,2026-06-01,coastal,35-49,3,plus,entry,ios,41,,3.0,lang_b,1,,connectivity wellness
U029221,2026-06-01,coastal,18-24,4,premium,premium,android,39,148.05,,lang_b,1,I0454 I0479 I0553 I0569 I0577 I0582,books footwear
U029222,2026-06-01,north,35-49,5,premium,mid,android,34,41.08,4.0,lang_c,0,I0079,
U029223,2026-06-01,central,18-24,5,basic,premium,android,24,80.63,2.0,lang_c,1,I0897,fitness smart_devices
U029224,2026-06-01,south,18-24,5,basic,entry,android,72,183.98,3.0,lang_c,1,I0968,fitness mobile_accessories
U029225,2026-06-01,south,25-34,4,plus,premium,android,26,58.44,3.0,lang_c,1,,audio home_care
U029226,2026-06-01,west,18-24,3,basic,premium,ios,2,77.37,3.0,lang_c,0,I0934,accessories wellness
U029227,2026-06-01,east,18-24,4,plus,entry,android,43,78.78,1.0,lang_c,0,I0650 I0658,
U029228,2026-06-01,coastal,50+,3,basic,premium,ios,59,89.48,,lang_a,0,I0321,fitness garden
U029229,2026-06-01,central,25-34,4,basic,entry,android,75,57.49,3.0,lang_c,0,I0078,streaming wellness
U029230,2026-06-01,west,50+,3,plus,entry,ios,12,66.98,,lang_c,1,,
U029231,2026-06-01,north,18-24,5,plus,premium,android,51,,4.0,lang_c,1,I0235,connectivity learning
U029232,2026-06-01,west,50+,4,premium,entry,android,67,,2.0,lang_a,1,,fitness wellness
U029233,2026-06-01,central,50+,4,basic,mid,android,55,91.29,3.0,lang_a,1,I0941,books kitchen
U029234,2026-06-01,coastal,25-34,1,basic,mid,android,80,39.71,3.0,lang_b,1,I0963,audio delivery
U029235,2026-06-01,coastal,35-49,2,basic,entry,android,12,70.38,1.0,lang_b,1,,books garden
U029236,2026-06-01,north,50+,3,basic,mid,ios,71,57.75,2.0,lang_c,1,,
U029237,2026-06-01,west,18-24,5,premium,entry,android,46,98.22,3.0,lang_c,1,I0258 I0260 I0263,
U029238,2026-06-01,north,18-24,4,basic,mid,android,64,31.74,4.0,lang_b,1,I0153 I0180 I0198 I0871 I0893,fitness outdoor
U029239,2026-06-01,south,25-34,1,basic,premium,android,47,23.36,3.0,lang_c,1,I0088 I0500 I0504 I0518 I0541 I0928,fitness home_care
U029240,2026-06-01,south,18-24,4,basic,entry,android,81,47.67,3.0,lang_b,0,I0884,
U029241,2026-06-01,coastal,50+,5,basic,entry,android,30,114.1,4.0,lang_a,1,,bags outdoor
U029242,2026-06-01,north,50+,4,basic,mid,ios,46,25.88,4.0,lang_a,0,,kitchen mobile_accessories
U029243,2026-06-01,east,18-24,2,basic,mid,android,76,195.24,3.0,lang_c,0,,
U029244,2026-06-01,central,25-34,1,basic,mid,android,74,81.37,4.0,lang_c,1,I0052 I0058 I0073 I0078 I0079 I0088 I0092 I0234 I0238,computing gaming
U029245,2026-06-01,central,18-24,2,basic,unknown,android,39,68.0,2.0,lang_a,1,,
U029246,2026-06-01,east,25-34,2,plus,mid,android,38,35.56,2.0,lang_b,1,,
U029247,2026-06-01,coastal,35-49,3,basic,premium,ios,38,82.79,4.0,lang_b,0,,
U029248,2026-06-01,west,25-34,1,basic,premium,android,12,36.58,4.0,lang_a,1,,connectivity local_experiences
U029249,2026-06-01,south,18-24,2,basic,mid,android,17,33.9,2.0,lang_b,0,,connectivity streaming
U029250,2026-06-01,west,25-34,4,basic,mid,android,83,112.31,5.0,lang_b,1,I0019 I0136,
U029251,2026-06-01,coastal,35-49,4,plus,mid,android,77,78.68,3.0,lang_a,0,I0013 I0025,books creative_hobbies
U029252,2026-06-01,west,35-49,5,premium,mid,ios,60,33.08,2.0,lang_a,1,I0092,
U029253,2026-06-01,south,50+,2,plus,mid,android,15,50.29,,lang_b,1,I0066,
U029254,2026-06-01,north,18-24,2,premium,premium,ios,18,132.9,,lang_c,1,,accessories gaming
U029255,2026-06-01,north,50+,5,plus,entry,android,18,39.09,2.0,lang_a,0,I0305 I0919,learning travel_accessories
U029256,2026-06-01,west,25-34,1,basic,mid,android,31,42.53,3.0,lang_b,0,,bags footwear
U029257,2026-06-01,west,18-24,3,basic,entry,android,8,36.92,2.0,lang_c,1,I0119 I0126,
U029258,2026-06-01,coastal,25-34,2,basic,mid,ios,49,75.42,3.0,lang_c,1,I0482 I0579,delivery outdoor
U029259,2026-06-01,coastal,35-49,5,basic,mid,ios,54,137.67,1.0,lang_c,1,,books local_experiences
U029260,2026-06-01,north,50+,5,plus,mid,android,68,60.13,2.0,lang_b,1,,audio travel_accessories
U029261,2026-06-01,east,50+,4,basic,entry,ios,43,159.19,,lang_b,0,I0163 I0175,fitness smart_devices
U029262,2026-06-01,west,50+,4,basic,mid,android,37,52.73,4.0,lang_c,0,,home_care mobile_accessories
U029263,2026-06-01,south,25-34,2,basic,entry,android,29,,3.0,lang_a,0,I0852,kitchen learning
U029264,2026-06-01,west,35-49,3,premium,premium,android,30,184.83,,lang_a,1,I0111 I0131 I0141 I0506,
U029265,2026-06-01,coastal,18-24,4,plus,premium,android,42,46.18,2.0,lang_a,1,,fitness furnishings
U029266,2026-06-01,central,35-49,1,plus,entry,ios,42,66.94,4.0,lang_b,1,,
U029267,2026-06-01,east,35-49,3,basic,entry,android,78,109.4,2.0,lang_a,0,I0152 I0319 I0344,books furnishings
U029268,2026-06-01,west,50+,3,basic,mid,android,4,68.14,,lang_c,1,I0154 I0174,learning smart_devices
U029269,2026-06-01,north,50+,2,plus,mid,ios,31,50.84,2.0,lang_b,1,I0980,
U029270,2026-06-01,west,18-24,5,basic,entry,ios,32,101.38,2.0,lang_b,0,,computing mobile_accessories
U029271,2026-06-01,north,25-34,4,basic,mid,android,50,71.44,2.0,lang_b,1,I0160 I0652 I0682 I0692,
U029272,2026-06-01,central,25-34,2,plus,mid,ios,20,,3.0,lang_a,1,I0021 I0047,
U029273,2026-06-01,central,35-49,1,basic,mid,ios,10,45.6,3.0,lang_b,1,I0566 I0586,
U029274,2026-06-01,south,18-24,2,basic,entry,android,61,76.55,1.0,lang_b,1,I0216 I0346 I0901 I0933 I0935 I0942 I0965,fitness home_care
U029275,2026-06-01,north,25-34,3,basic,mid,ios,12,,3.0,lang_a,1,I0936,bags delivery
U029276,2026-06-01,central,35-49,2,basic,entry,ios,73,42.31,4.0,lang_a,1,I0472 I0479 I0483 I0487 I0964 I0973,
U029277,2026-06-01,east,25-34,3,plus,unknown,ios,32,51.13,4.0,lang_c,0,I0168 I0171 I0858 I0894,
U029278,2026-06-01,east,50+,2,basic,premium,ios,71,52.75,2.0,lang_c,1,,connectivity travel_accessories
U029279,2026-06-01,central,18-24,1,basic,entry,android,11,117.4,3.0,lang_a,0,I0006 I0011 I0032 I0037 I0560 I0652,accessories audio
U029280,2026-06-01,central,50+,1,basic,premium,ios,11,,4.0,lang_a,1,,
U029281,2026-06-01,east,18-24,1,basic,mid,android,23,145.76,3.0,lang_c,1,I0019 I0930,
U029282,2026-06-01,south,50+,5,premium,premium,android,32,71.49,3.0,lang_b,1,,audio mobile_accessories
U029283,2026-06-01,central,18-24,5,basic,entry,ios,40,40.42,4.0,lang_a,1,I0451 I0561 I0977,
U029284,2026-06-01,south,50+,2,plus,mid,android,11,56.53,1.0,lang_b,1,I0906 I0913,creative_hobbies fitness
U029285,2026-06-01,west,18-24,3,plus,premium,android,46,82.52,3.0,lang_a,1,,bags footwear
U029286,2026-06-01,west,18-24,5,plus,premium,ios,65,61.33,4.0,lang_a,0,,delivery mobile_accessories
U029287,2026-06-01,north,50+,5,basic,premium,android,14,74.64,2.0,lang_c,0,I0534 I0871,
U029288,2026-06-01,west,25-34,2,basic,entry,android,31,101.19,3.0,lang_b,1,,footwear smart_devices
U029289,2026-06-01,north,35-49,4,plus,entry,android,62,15.5,3.0,lang_b,1,I0958 I0960 I0975,fitness home_care
U029290,2026-06-01,south,18-24,3,basic,mid,android,21,37.08,2.0,lang_a,0,,delivery garden
U029291,2026-06-01,west,50+,2,basic,premium,ios,40,53.52,3.0,lang_b,1,,home_care smart_devices
U029292,2026-06-01,east,25-34,5,plus,premium,ios,73,92.28,4.0,lang_c,1,I0306 I0332 I0586,
U029293,2026-06-01,west,18-24,2,basic,entry,ios,14,93.76,1.0,lang_b,1,I0667 I0675 I0681 I0682,fitness learning
U029294,2026-06-01,north,35-49,4,premium,mid,ios,58,166.92,3.0,lang_a,0,I0054 I0103 I0531 I0538,mobile_accessories outdoor
U029295,2026-06-01,south,50+,1,basic,mid,android,35,32.06,4.0,lang_a,1,I0339,
U029296,2026-06-01,central,18-24,4,basic,entry,android,73,21.2,2.0,lang_c,1,I0002 I0190 I0556 I0557 I0570,
U029297,2026-06-01,south,18-24,2,basic,entry,android,75,74.61,4.0,lang_b,1,,
U029298,2026-06-01,central,18-24,5,basic,premium,android,43,36.2,3.0,lang_b,1,I0050 I0072 I0160 I0161 I0174 I0182 I0687 I0940,gaming travel_accessories
U029299,2026-06-01,south,18-24,4,plus,premium,ios,54,54.18,3.0,lang_c,0,I0986,
U029300,2026-06-01,west,25-34,4,basic,mid,android,84,149.78,4.0,lang_c,1,I0061,home_care local_experiences
U029301,2026-06-01,coastal,35-49,3,plus,unknown,android,21,120.54,3.0,lang_c,0,I0119 I0142 I0147 I0182,
U029302,2026-06-01,coastal,35-49,3,premium,entry,ios,57,59.43,3.0,lang_c,0,I0552,books creative_hobbies
U029303,2026-06-01,coastal,35-49,2,premium,mid,android,49,46.88,2.0,lang_a,1,I0011 I0070 I0931,delivery travel_accessories
U029304,2026-06-01,west,18-24,2,basic,mid,android,21,149.22,,lang_a,1,I0213,audio kitchen
U029305,2026-06-01,coastal,50+,2,basic,mid,android,25,52.84,4.0,lang_a,1,,
U029306,2026-06-01,south,35-49,3,basic,premium,android,56,102.98,2.0,lang_c,1,,
U029307,2026-06-01,east,18-24,2,plus,mid,android,36,26.63,3.0,lang_a,1,,footwear learning
U029308,2026-06-01,west,18-24,2,plus,premium,ios,10,,3.0,lang_c,0,I0313 I0455 I0490 I0518 I0526,footwear travel_accessories
U029309,2026-06-01,north,50+,5,premium,premium,android,76,74.31,,lang_b,1,I0976,creative_hobbies fitness
U029310,2026-06-01,south,25-34,3,basic,entry,ios,67,,,lang_b,1,I0046,creative_hobbies smart_devices
U029311,2026-06-01,central,35-49,3,plus,mid,ios,78,102.03,4.0,lang_c,1,I0324,garden outdoor
U029312,2026-06-01,coastal,35-49,2,premium,entry,ios,83,89.38,,lang_b,0,I0074 I0078 I0556 I0572 I0584 I0663 I0665,clothing gaming
U029313,2026-06-01,east,35-49,2,basic,mid,android,34,46.03,4.0,lang_c,1,,local_experiences outdoor
U029314,2026-06-01,west,35-49,2,plus,entry,android,52,68.54,,lang_a,1,I0058,footwear learning
U029315,2026-06-01,coastal,18-24,4,premium,mid,ios,10,82.86,2.0,lang_b,1,I0006 I0009 I0028 I0037 I0059 I0895,
U029316,2026-06-01,south,18-24,5,plus,mid,ios,28,60.55,3.0,lang_b,1,,computing garden
U029317,2026-06-01,central,25-34,5,plus,mid,android,73,117.29,4.0,lang_c,1,I0045,
U029318,2026-06-01,west,35-49,4,basic,entry,android,2,70.6,3.0,lang_a,1,,creative_hobbies home_care
U029319,2026-06-01,north,35-49,2,basic,unknown,ios,39,,3.0,lang_a,1,,
U029320,2026-06-01,east,18-24,3,basic,entry,android,2,46.87,2.0,lang_a,0,I0157 I0167 I0173 I0650,
U029321,2026-06-01,east,50+,4,premium,entry,android,14,40.48,3.0,lang_b,0,,learning streaming
U029322,2026-06-01,coastal,18-24,3,basic,entry,android,69,63.89,3.0,lang_c,1,I0022 I0124,
U029323,2026-06-01,east,50+,3,plus,premium,android,73,67.02,,lang_c,1,I0903 I0941,creative_hobbies travel_accessories
U029324,2026-06-01,central,18-24,2,basic,premium,android,23,53.71,,lang_b,1,I0327 I0483 I0901 I0906,footwear learning
U029325,2026-06-01,north,25-34,3,basic,premium,android,59,,,lang_a,1,,creative_hobbies local_experiences
U029326,2026-06-01,north,25-34,2,plus,premium,android,73,33.69,,lang_b,1,I0011,
U029327,2026-06-01,east,35-49,2,premium,premium,ios,56,55.31,3.0,lang_c,1,,creative_hobbies furnishings
U029328,2026-06-01,east,50+,2,plus,entry,ios,56,53.62,3.0,lang_a,0,,bags creative_hobbies
U029329,2026-06-01,south,35-49,5,basic,mid,android,79,,2.0,lang_b,1,,
U029330,2026-06-01,south,35-49,5,premium,mid,android,63,79.63,2.0,lang_b,1,I0108 I0111 I0212 I0902 I0917,home_care local_experiences
U029331,2026-06-01,coastal,50+,4,basic,premium,android,20,58.17,2.0,lang_b,0,I0476 I0693,footwear gaming
U029332,2026-06-01,north,35-49,5,basic,entry,ios,2,123.07,4.0,lang_c,0,I0684,clothing wellness
U029333,2026-06-01,coastal,18-24,5,plus,premium,ios,84,27.66,3.0,lang_a,0,,books creative_hobbies
U029334,2026-06-01,north,50+,1,basic,premium,android,62,36.0,,lang_a,0,I0041 I0042 I0258,fitness wellness
U029335,2026-06-01,north,25-34,3,basic,mid,ios,79,37.25,3.0,lang_c,1,I0005 I0022 I0042,
U029336,2026-06-01,north,50+,3,basic,entry,android,45,51.88,4.0,lang_a,1,,creative_hobbies garden
U029337,2026-06-01,west,50+,5,basic,entry,android,53,51.03,4.0,lang_a,1,,
U029338,2026-06-01,east,18-24,1,plus,entry,android,39,74.36,3.0,lang_c,1,,accessories mobile_accessories
U029339,2026-06-01,south,18-24,5,premium,mid,android,65,37.17,2.0,lang_c,1,,
U029340,2026-06-01,south,50+,4,basic,premium,android,28,246.68,5.0,lang_b,0,I0088 I0556,
U029341,2026-06-01,east,25-34,2,basic,entry,ios,77,50.21,3.0,lang_c,1,I0241 I0342,
U029342,2026-06-01,west,25-34,2,basic,premium,android,36,46.62,,lang_c,1,I0022,
U029343,2026-06-01,central,25-34,3,basic,mid,android,37,40.84,5.0,lang_a,0,,books clothing
U029344,2026-06-01,coastal,18-24,1,basic,mid,android,29,170.95,,lang_a,0,I0007,books wellness
U029345,2026-06-01,north,25-34,1,premium,mid,android,34,148.87,2.0,lang_c,1,I0995,fitness streaming
U029346,2026-06-01,west,25-34,5,basic,mid,ios,83,57.9,4.0,lang_c,1,,
U029347,2026-06-01,south,35-49,5,plus,mid,android,73,16.43,3.0,lang_a,1,I0068 I0070 I0079 I0227 I0541,audio learning
U029348,2026-06-01,east,35-49,4,basic,entry,android,10,92.3,4.0,lang_b,1,,outdoor travel_accessories
U029349,2026-06-01,north,35-49,2,plus,mid,ios,20,64.14,2.0,lang_b,1,I0008 I0039 I0046 I0498,computing footwear
U029350,2026-06-01,east,35-49,3,basic,mid,android,78,73.61,2.0,lang_b,1,I0900 I0906 I0915 I0916 I0926 I0936,
U029351,2026-06-01,central,50+,3,basic,premium,android,16,118.31,3.0,lang_a,1,I0453 I0927,
U029352,2026-06-01,south,18-24,4,premium,mid,ios,69,98.57,3.0,lang_a,1,,footwear gaming
U029353,2026-06-01,central,50+,2,basic,premium,android,41,46.02,4.0,lang_b,1,I0315 I0321 I0343,delivery garden
U029354,2026-06-01,coastal,25-34,2,premium,mid,android,78,,3.0,lang_b,0,I0556 I0566 I0585,
U029355,2026-06-01,south,18-24,3,basic,mid,android,58,43.42,3.0,lang_a,1,,gaming garden
U029356,2026-06-01,coastal,18-24,4,basic,unknown,ios,83,97.92,3.0,lang_c,1,,bags computing
U029357,2026-06-01,north,35-49,4,premium,mid,android,42,61.58,3.0,lang_b,1,,footwear wellness
U029358,2026-06-01,east,35-49,5,plus,mid,ios,45,47.53,2.0,lang_a,0,I0271 I0283 I0880,computing streaming
U029359,2026-06-01,south,25-34,2,premium,unknown,ios,78,25.74,3.0,lang_b,1,I0244,kitchen smart_devices
U029360,2026-06-01,coastal,35-49,5,plus,mid,android,7,82.75,4.0,lang_c,0,I0208 I0664 I0683,clothing gaming
U029361,2026-06-01,west,18-24,1,basic,mid,android,68,33.62,,lang_b,0,I0189 I0284,
U029362,2026-06-01,central,25-34,1,basic,premium,android,31,58.01,,lang_a,0,I0081 I0268 I0289 I0301 I0315 I0324 I0534 I0869,clothing garden
U029363,2026-06-01,east,18-24,2,basic,mid,android,57,155.41,3.0,lang_b,0,,audio mobile_accessories
U029364,2026-06-01,coastal,25-34,4,basic,entry,android,55,129.07,4.0,lang_b,0,,
U029365,2026-06-01,north,25-34,2,plus,mid,android,4,99.63,3.0,lang_a,1,,
U029366,2026-06-01,north,25-34,3,premium,mid,android,59,46.56,3.0,lang_a,0,I0337,connectivity home_care
U029367,2026-06-01,coastal,50+,1,basic,entry,ios,5,66.58,3.0,lang_c,1,,
U029368,2026-06-01,central,18-24,1,basic,entry,android,67,53.24,,lang_c,1,I0052 I0056 I0058 I0062 I0066 I0079 I0081 I0082 I0094 I0482 I0863,creative_hobbies learning
U029369,2026-06-01,coastal,35-49,2,basic,premium,ios,2,29.71,3.0,lang_b,1,,audio creative_hobbies
U029370,2026-06-01,central,35-49,3,premium,entry,android,22,84.4,,lang_c,1,I0103 I0122 I0126 I0141 I0864,clothing garden
U029371,2026-06-01,south,50+,4,basic,mid,ios,68,39.49,3.0,lang_c,1,,
U029372,2026-06-01,north,50+,1,basic,premium,ios,41,53.37,3.0,lang_b,1,I0337,
U029373,2026-06-01,south,35-49,3,premium,entry,android,72,57.14,4.0,lang_a,1,I0559,
U029374,2026-06-01,west,35-49,1,plus,entry,android,27,116.68,3.0,lang_a,0,,books streaming
U029375,2026-06-01,central,50+,1,basic,entry,android,52,45.66,3.0,lang_b,1,,local_experiences wellness
U029376,2026-06-01,west,35-49,5,basic,entry,android,35,50.78,3.0,lang_b,1,,accessories gaming
U029377,2026-06-01,south,25-34,2,basic,premium,android,44,140.4,3.0,lang_a,1,,fitness learning
U029378,2026-06-01,west,18-24,2,plus,mid,android,66,54.26,2.0,lang_c,0,I0214 I0970 I0985 I0988,fitness furnishings
U029379,2026-06-01,south,50+,3,basic,mid,ios,18,30.21,4.0,lang_a,1,I0909 I0916,delivery travel_accessories
U029380,2026-06-01,coastal,35-49,3,plus,premium,ios,76,31.91,3.0,lang_b,0,I0002 I0043,
U029381,2026-06-01,north,25-34,3,plus,premium,ios,52,33.55,3.0,lang_c,1,I0056 I0694,accessories learning
U029382,2026-06-01,central,18-24,4,basic,entry,android,71,88.47,3.0,lang_b,1,,computing outdoor
U029383,2026-06-01,east,25-34,3,basic,mid,android,45,25.16,3.0,lang_a,0,I0332 I0526,home_care kitchen
U029384,2026-06-01,east,18-24,5,plus,premium,android,4,43.06,,lang_b,1,I0010 I0025 I0043,audio creative_hobbies
U029385,2026-06-01,east,25-34,2,plus,mid,android,58,98.44,4.0,lang_c,0,I0188,books streaming
U029386,2026-06-01,central,35-49,1,basic,mid,android,44,85.36,4.0,lang_a,1,,garden learning
U029387,2026-06-01,south,18-24,1,plus,premium,android,7,57.1,3.0,lang_b,1,I0041 I0883,accessories smart_devices
U029388,2026-06-01,coastal,25-34,3,premium,premium,android,59,36.96,3.0,lang_a,0,,computing home_care
U029389,2026-06-01,north,25-34,4,premium,premium,android,16,145.81,,lang_a,1,,
U029390,2026-06-01,central,35-49,2,basic,entry,android,50,,3.0,lang_c,1,I0947,computing learning
U029391,2026-06-01,east,18-24,3,basic,mid,android,49,38.94,4.0,lang_a,1,I0584,
U029392,2026-06-01,coastal,50+,3,premium,premium,ios,84,68.05,3.0,lang_b,0,I0925,
U029393,2026-06-01,south,50+,2,basic,mid,ios,78,81.33,3.0,lang_b,0,I0112 I0133,bags garden
U029394,2026-06-01,south,35-49,5,plus,premium,ios,51,40.21,3.0,lang_a,0,I0176,connectivity home_care
U029395,2026-06-01,east,25-34,5,basic,mid,android,77,59.8,3.0,lang_c,1,,garden smart_devices
U029396,2026-06-01,west,18-24,4,premium,mid,android,26,58.39,2.0,lang_c,1,I0142 I0200 I0216 I0229,bags gaming
U029397,2026-06-01,central,50+,1,basic,mid,ios,51,68.16,2.0,lang_b,1,,books clothing
U029398,2026-06-01,west,18-24,4,basic,mid,android,74,38.67,2.0,lang_c,1,,accessories footwear
U029399,2026-06-01,south,25-34,5,basic,entry,android,26,38.83,4.0,lang_b,1,I0181 I0531,
U029400,2026-06-01,east,35-49,2,basic,mid,android,3,57.21,3.0,lang_a,0,I0210,footwear home_care
U029401,2026-06-01,east,50+,5,plus,entry,android,16,37.88,2.0,lang_b,0,I0152 I0163 I0167 I0183,connectivity creative_hobbies
U029402,2026-06-01,south,18-24,3,basic,mid,android,35,33.07,2.0,lang_a,1,I0331 I0854,kitchen smart_devices
U029403,2026-06-01,east,35-49,3,basic,premium,android,71,142.03,3.0,lang_c,1,,bags home_care
U029404,2026-06-01,west,25-34,3,basic,entry,android,22,150.43,4.0,lang_a,1,I0574,accessories wellness
U029405,2026-06-01,coastal,25-34,5,plus,mid,android,34,,1.0,lang_a,1,I0059 I0231,
U029406,2026-06-01,north,50+,2,premium,premium,ios,79,,,lang_a,0,I0077 I0861 I0872,outdoor travel_accessories
U029407,2026-06-01,coastal,50+,3,plus,entry,android,26,32.31,2.0,lang_a,0,I0012 I0031 I0035 I0961 I0980,audio fitness
U029408,2026-06-01,east,25-34,1,basic,premium,ios,45,9.29,2.0,lang_a,1,I0000 I0025 I0855 I0920 I0926,audio wellness
U029409,2026-06-01,north,18-24,3,premium,mid,android,70,48.38,,lang_b,1,I0567,accessories computing
U029410,2026-06-01,north,35-49,1,basic,mid,android,71,37.5,4.0,lang_b,0,,
U029411,2026-06-01,north,25-34,3,premium,unknown,ios,44,43.16,3.0,lang_c,0,I0168,home_care smart_devices
U029412,2026-06-01,central,25-34,2,basic,entry,android,51,101.56,2.0,lang_b,1,I0651,
U029413,2026-06-01,north,50+,1,basic,premium,android,57,139.82,4.0,lang_c,1,I0076 I0079 I0235 I0889,
U029414,2026-06-01,east,35-49,2,premium,entry,android,82,48.74,1.0,lang_c,1,I0311 I0529 I0955 I0965 I0971 I0972 I0986 I0987,
U029415,2026-06-01,central,18-24,4,basic,entry,ios,12,63.52,3.0,lang_a,1,I0205 I0222 I0491 I0851 I0852 I0882,accessories kitchen
U029416,2026-06-01,south,18-24,2,plus,entry,android,2,53.73,2.0,lang_a,1,,
U029417,2026-06-01,coastal,35-49,3,plus,entry,ios,78,95.29,,lang_c,0,I0315 I0927,
U029418,2026-06-01,west,50+,5,basic,premium,android,25,59.2,4.0,lang_b,1,I0514,
U029419,2026-06-01,east,18-24,1,plus,premium,ios,32,44.95,4.0,lang_b,1,I0200 I0332,connectivity learning
U029420,2026-06-01,west,18-24,4,premium,premium,android,21,40.27,2.0,lang_b,0,I0010 I0012 I0026,audio learning
U029421,2026-06-01,west,35-49,1,plus,entry,android,31,48.95,4.0,lang_b,1,I0953 I0957 I0962 I0972,fitness wellness
U029422,2026-06-01,west,25-34,2,basic,mid,android,44,57.27,4.0,lang_b,0,I0119 I0120 I0124 I0691 I0953 I0958 I0962 I0964 I0972 I0982,garden mobile_accessories
U029423,2026-06-01,west,25-34,2,basic,mid,android,60,60.17,2.0,lang_c,0,,learning local_experiences
U029424,2026-06-01,south,35-49,5,basic,mid,android,55,13.21,,lang_a,0,I0001 I0012 I0036 I0037,creative_hobbies streaming
U029425,2026-06-01,coastal,25-34,2,basic,premium,ios,77,78.7,2.0,lang_a,1,I0270,bags gaming
U029426,2026-06-01,south,25-34,4,basic,premium,android,38,49.55,1.0,lang_a,1,I0172,bags home_care
U029427,2026-06-01,north,50+,4,premium,unknown,ios,34,141.44,2.0,lang_b,0,,
U029428,2026-06-01,east,25-34,3,basic,premium,ios,42,107.89,2.0,lang_b,1,,creative_hobbies learning
U029429,2026-06-01,east,35-49,4,basic,premium,android,48,81.38,4.0,lang_b,0,I0657 I0679 I0697,
U029430,2026-06-01,east,50+,2,basic,mid,android,69,93.72,3.0,lang_a,1,I0556 I0666,
U029431,2026-06-01,south,35-49,5,plus,mid,ios,13,144.39,,lang_c,0,I0137 I0288,footwear learning
U029432,2026-06-01,coastal,18-24,4,basic,premium,android,2,20.81,3.0,lang_a,0,,audio delivery
U029433,2026-06-01,north,35-49,2,basic,mid,android,70,198.64,1.0,lang_b,0,I0239,kitchen learning
U029434,2026-06-01,west,35-49,4,basic,entry,ios,36,47.35,3.0,lang_b,0,I0552 I0566 I0577 I0942,
U029435,2026-06-01,east,25-34,5,plus,premium,ios,39,,,lang_b,1,,
U029436,2026-06-01,west,50+,1,basic,premium,android,20,21.68,3.0,lang_b,0,I0687 I0688,
U029437,2026-06-01,west,18-24,1,basic,mid,ios,33,72.73,3.0,lang_c,0,I0250 I0293 I0478 I0972 I0991,books connectivity
U029438,2026-06-01,north,35-49,5,basic,premium,android,74,75.92,4.0,lang_c,0,I0314 I0318 I0582,
U029439,2026-06-01,central,50+,4,basic,premium,ios,68,19.14,,lang_a,0,,creative_hobbies furnishings
U029440,2026-06-01,coastal,35-49,2,basic,entry,ios,33,37.13,4.0,lang_c,1,,
U029441,2026-06-01,south,25-34,1,basic,mid,ios,80,38.78,,lang_c,0,I0991,
U029442,2026-06-01,central,18-24,4,plus,premium,ios,36,74.77,4.0,lang_a,1,I0262 I0267 I0278 I0279 I0282,
U029443,2026-06-01,central,25-34,1,basic,mid,android,68,65.0,3.0,lang_c,0,I0244 I0301 I0952 I0977,
U029444,2026-06-01,west,18-24,2,plus,premium,android,30,88.35,3.0,lang_a,0,I0183,creative_hobbies garden
U029445,2026-06-01,coastal,35-49,5,basic,entry,android,55,42.13,1.0,lang_c,1,I0520 I0535 I0537 I0850,gaming home_care
U029446,2026-06-01,east,50+,1,basic,entry,ios,64,6.38,2.0,lang_c,0,I0939,
U029447,2026-06-01,west,50+,4,plus,entry,android,37,40.1,3.0,lang_b,0,,
U029448,2026-06-01,central,50+,2,basic,premium,ios,79,92.12,2.0,lang_b,1,I0023,clothing creative_hobbies
U029449,2026-06-01,central,25-34,3,premium,premium,android,5,29.15,3.0,lang_c,1,,local_experiences travel_accessories
U029450,2026-06-01,east,18-24,3,plus,premium,ios,60,,,lang_b,0,,accessories local_experiences
U029451,2026-06-01,coastal,35-49,3,basic,entry,ios,80,25.13,4.0,lang_c,1,I0008 I0018 I0027 I0267 I0576,learning smart_devices
U029452,2026-06-01,east,18-24,3,basic,entry,android,78,78.64,5.0,lang_c,0,,bags kitchen
U029453,2026-06-01,south,35-49,1,premium,premium,android,26,59.05,4.0,lang_a,1,,bags learning
U029454,2026-06-01,coastal,25-34,2,basic,entry,ios,55,53.19,,lang_a,1,,
U029455,2026-06-01,central,25-34,2,premium,mid,android,44,150.63,5.0,lang_a,0,,kitchen wellness
U029456,2026-06-01,south,35-49,4,basic,mid,ios,41,89.07,4.0,lang_c,1,I0518 I0557 I0974,home_care smart_devices
U029457,2026-06-01,central,25-34,2,basic,entry,android,16,28.0,3.0,lang_c,1,I0460,footwear wellness
U029458,2026-06-01,south,25-34,2,basic,premium,ios,53,108.19,4.0,lang_c,1,I0938,books travel_accessories
U029459,2026-06-01,north,25-34,3,basic,entry,android,35,53.49,4.0,lang_c,1,I0190 I0659 I0693,gaming home_care
U029460,2026-06-01,south,25-34,4,premium,premium,ios,73,55.8,2.0,lang_a,1,I0693 I0958 I0987,
U029461,2026-06-01,south,50+,1,basic,mid,ios,61,57.07,2.0,lang_a,1,I0903 I0911 I0920 I0924 I0933 I0940,home_care travel_accessories
U029462,2026-06-01,north,18-24,5,basic,premium,android,13,20.68,5.0,lang_c,0,,books delivery
U029463,2026-06-01,east,18-24,5,basic,mid,android,26,107.16,4.0,lang_b,1,I0203 I0223 I0236 I0975,
U029464,2026-06-01,north,35-49,2,plus,mid,android,6,153.57,1.0,lang_c,1,I0251 I0875 I0939,garden travel_accessories
U029465,2026-06-01,central,35-49,4,basic,mid,ios,44,17.05,3.0,lang_b,0,I0141 I0653 I0676 I0685 I0856 I0894,creative_hobbies home_care
U029466,2026-06-01,south,25-34,3,basic,entry,ios,78,33.31,4.0,lang_c,0,I0521 I0556 I0594 I0650 I0684,
U029467,2026-06-01,north,25-34,1,plus,mid,ios,27,27.71,3.0,lang_a,1,I0475,fitness outdoor
U029468,2026-06-01,west,18-24,1,basic,premium,ios,16,41.94,4.0,lang_a,0,I0207 I0501 I0504 I0514 I0526 I0538 I0544,
U029469,2026-06-01,coastal,35-49,1,basic,premium,android,40,159.83,2.0,lang_a,0,I0223 I0321 I0327 I0330 I0658 I0851 I0856 I0857 I0858 I0859,outdoor smart_devices
U029470,2026-06-01,east,18-24,2,basic,mid,android,39,247.97,3.0,lang_b,1,I0297 I0878,furnishings garden
U029471,2026-06-01,north,18-24,2,plus,entry,ios,42,58.1,3.0,lang_c,1,I0218 I0305 I0306 I0315 I0337 I0992,
U029472,2026-06-01,south,25-34,4,basic,mid,android,50,95.59,4.0,lang_a,1,I0478 I0481 I0964,computing footwear
U029473,2026-06-01,west,50+,2,basic,premium,ios,6,52.12,2.0,lang_a,0,,books wellness
U029474,2026-06-01,west,18-24,3,basic,premium,android,61,,4.0,lang_b,0,,
U029475,2026-06-01,coastal,25-34,3,basic,entry,android,23,185.21,3.0,lang_b,0,I0293 I0590 I0653 I0662 I0672,
U029476,2026-06-01,south,50+,3,basic,mid,ios,13,105.14,3.0,lang_c,1,I0479 I0912,
U029477,2026-06-01,north,18-24,2,plus,entry,android,28,74.02,,lang_a,1,,footwear outdoor
U029478,2026-06-01,south,50+,4,basic,premium,android,57,13.5,4.0,lang_c,1,I0473 I0960,
U029479,2026-06-01,east,18-24,3,basic,premium,android,59,59.24,1.0,lang_a,0,I0854,creative_hobbies gaming
U029480,2026-06-01,south,25-34,1,plus,mid,ios,12,99.28,4.0,lang_a,1,,books local_experiences
U029481,2026-06-01,east,50+,2,plus,entry,ios,51,74.33,4.0,lang_b,1,I0179,creative_hobbies smart_devices
U029482,2026-06-01,north,35-49,3,basic,mid,android,38,143.36,3.0,lang_b,1,I0014 I0667 I0859 I0861 I0867 I0868 I0869 I0872 I0876 I0883,garden outdoor
U029483,2026-06-01,east,50+,2,plus,entry,android,5,11.8,3.0,lang_a,1,,footwear learning
U029484,2026-06-01,central,50+,2,plus,premium,android,38,,3.0,lang_b,1,,
U029485,2026-06-01,east,50+,4,premium,mid,ios,50,,4.0,lang_b,0,I0903,
U029486,2026-06-01,west,50+,2,plus,premium,ios,43,71.89,3.0,lang_c,1,I0883,clothing outdoor
U029487,2026-06-01,north,18-24,5,plus,premium,android,16,93.59,3.0,lang_a,0,I0679 I0864,clothing gaming
U029488,2026-06-01,east,35-49,1,plus,mid,android,25,72.19,3.0,lang_b,0,I0111 I0322 I0502 I0542,bags clothing
U029489,2026-06-01,coastal,18-24,5,basic,mid,ios,72,12.37,1.0,lang_b,1,,learning local_experiences
U029490,2026-06-01,north,35-49,2,plus,entry,android,17,56.77,3.0,lang_a,1,I0903,delivery garden
U029491,2026-06-01,east,50+,3,premium,premium,android,74,56.84,4.0,lang_c,0,I0309 I0314 I0323 I0325,
U029492,2026-06-01,south,35-49,5,basic,mid,android,47,44.91,2.0,lang_b,1,,books footwear
U029493,2026-06-01,west,50+,4,basic,mid,ios,51,196.09,3.0,lang_b,1,I0956,bags connectivity
U029494,2026-06-01,south,35-49,4,basic,entry,ios,1,40.1,4.0,lang_c,1,I0036 I0259 I0523,audio books
U029495,2026-06-01,central,18-24,1,plus,mid,ios,75,45.1,4.0,lang_c,1,,footwear learning
U029496,2026-06-01,north,25-34,4,plus,premium,android,43,31.45,3.0,lang_a,1,,
U029497,2026-06-01,south,18-24,4,basic,mid,android,32,39.86,3.0,lang_b,1,I0196,
U029498,2026-06-01,east,18-24,4,basic,entry,android,35,92.05,3.0,lang_a,1,,delivery smart_devices
U029499,2026-06-01,north,18-24,2,basic,mid,ios,35,102.91,4.0,lang_b,1,I0853 I0854 I0875,
U029500,2026-06-01,west,25-34,5,basic,mid,android,80,69.21,4.0,lang_b,0,I0028 I0038,
U029501,2026-06-01,central,35-49,2,premium,mid,android,81,38.04,3.0,lang_b,1,,
U029502,2026-06-01,south,50+,4,basic,entry,android,84,40.16,3.0,lang_b,1,I0326 I0341 I0875,
U029503,2026-06-01,south,18-24,5,basic,premium,ios,73,,3.0,lang_a,0,,computing connectivity
U029504,2026-06-01,north,25-34,1,plus,entry,android,66,33.06,3.0,lang_c,0,I0481 I0483 I0867,
U029505,2026-06-01,south,18-24,4,basic,entry,android,24,70.02,2.0,lang_c,1,I0060 I0071 I0072 I0984,local_experiences mobile_accessories
U029506,2026-06-01,north,50+,1,plus,premium,android,4,,1.0,lang_c,1,I0051 I0076 I0085 I0300 I0319 I0325 I0488 I0573 I0593 I0875,garden wellness
U029507,2026-06-01,east,25-34,5,basic,entry,ios,42,36.92,,lang_c,1,,computing furnishings
U029508,2026-06-01,east,35-49,3,basic,entry,android,30,88.78,2.0,lang_b,0,,
U029509,2026-06-01,north,18-24,2,basic,mid,ios,78,129.24,2.0,lang_b,1,I0019 I0247 I0332 I0957 I0961 I0966 I0972 I0976,
U029510,2026-06-01,south,25-34,5,premium,premium,android,46,76.97,4.0,lang_a,0,I0256 I0517 I0654 I0682,delivery learning
U029511,2026-06-01,central,25-34,4,basic,entry,ios,28,120.62,3.0,lang_a,1,I0234 I0568 I0582 I0952,
U029512,2026-06-01,coastal,50+,4,basic,entry,ios,69,18.86,2.0,lang_b,0,I0515 I0535,accessories clothing
U029513,2026-06-01,coastal,18-24,2,basic,mid,android,39,,3.0,lang_a,1,,clothing creative_hobbies
U029514,2026-06-01,coastal,35-49,4,basic,mid,android,79,111.79,4.0,lang_c,1,I0203 I0222 I0224 I0582,delivery travel_accessories
U029515,2026-06-01,east,18-24,4,basic,entry,ios,74,,2.0,lang_b,0,I0687,delivery wellness
U029516,2026-06-01,east,50+,4,plus,entry,ios,55,143.41,3.0,lang_a,1,I0072 I0089 I0223,computing delivery
U029517,2026-06-01,central,35-49,1,basic,premium,android,43,100.46,2.0,lang_a,1,I0889 I0937,garden wellness
U029518,2026-06-01,south,50+,4,plus,mid,android,68,33.09,2.0,lang_b,1,I0241 I0950,creative_hobbies delivery
U029519,2026-06-01,east,18-24,4,basic,premium,ios,31,43.11,4.0,lang_a,0,,accessories wellness
U029520,2026-06-01,north,50+,2,premium,entry,android,2,101.49,3.0,lang_a,0,I0209 I0257 I0271 I0284 I0294 I0296 I0325 I0661 I0968,
U029521,2026-06-01,central,50+,1,plus,premium,android,25,156.8,,lang_a,0,I0153 I0174 I0979 I0988 I0991 I0994,connectivity creative_hobbies
U029522,2026-06-01,coastal,50+,1,basic,mid,android,53,67.09,4.0,lang_a,1,I0253 I0262 I0284 I0336 I0854,
U029523,2026-06-01,east,50+,2,basic,entry,ios,18,48.83,2.0,lang_b,1,I0476,footwear kitchen
U029524,2026-06-01,east,35-49,5,plus,premium,android,33,,1.0,lang_c,1,I0481 I0562 I0568 I0589 I0867,garden outdoor
U029525,2026-06-01,east,50+,3,plus,premium,ios,53,74.81,4.0,lang_a,0,,
U029526,2026-06-01,north,18-24,2,plus,premium,android,23,55.2,4.0,lang_a,1,,travel_accessories wellness
U029527,2026-06-01,coastal,25-34,5,plus,mid,ios,2,97.88,3.0,lang_c,0,I0263 I0511 I0512 I0652 I0659 I0667 I0691,
U029528,2026-06-01,coastal,25-34,1,basic,premium,ios,81,63.7,4.0,lang_c,1,I0103 I0682,
U029529,2026-06-01,south,18-24,5,basic,mid,ios,33,52.85,3.0,lang_b,1,I0232,books connectivity
U029530,2026-06-01,south,35-49,3,basic,mid,android,17,78.26,3.0,lang_c,1,,
U029531,2026-06-01,south,18-24,2,plus,premium,ios,53,67.41,3.0,lang_a,0,I0028 I0251 I0460,clothing computing
U029532,2026-06-01,coastal,25-34,5,plus,premium,ios,65,100.85,,lang_a,0,I0029 I0936,
U029533,2026-06-01,east,50+,5,basic,premium,android,78,84.6,4.0,lang_b,1,I0187 I0194 I0578,accessories home_care
U029534,2026-06-01,east,18-24,2,basic,premium,android,22,35.04,2.0,lang_a,1,I0131 I0573 I0583,accessories garden
U029535,2026-06-01,central,25-34,2,basic,mid,android,13,90.16,3.0,lang_b,1,I0864 I0889,
U029536,2026-06-01,north,25-34,1,basic,mid,android,51,52.17,1.0,lang_b,1,I0256 I0451 I0941,footwear home_care
U029537,2026-06-01,south,50+,4,basic,mid,ios,66,,3.0,lang_c,1,,smart_devices wellness
U029538,2026-06-01,east,35-49,3,premium,premium,ios,26,28.55,2.0,lang_c,1,I0066,books creative_hobbies
U029539,2026-06-01,south,25-34,2,plus,premium,ios,67,,4.0,lang_a,0,,furnishings local_experiences
U029540,2026-06-01,south,50+,4,premium,mid,android,52,29.69,2.0,lang_a,0,I0022 I0089 I0856,audio computing
U029541,2026-06-01,central,18-24,1,basic,entry,android,67,117.48,4.0,lang_a,0,I0033,home_care kitchen
U029542,2026-06-01,east,18-24,1,basic,mid,android,27,129.25,3.0,lang_a,1,I0033 I0987,accessories fitness
U029543,2026-06-01,north,50+,1,plus,mid,ios,22,95.36,4.0,lang_c,0,,clothing footwear
U029544,2026-06-01,coastal,35-49,2,basic,mid,ios,76,67.73,3.0,lang_b,1,,bags mobile_accessories
U029545,2026-06-01,north,25-34,5,basic,entry,android,10,172.51,4.0,lang_a,1,,delivery smart_devices
U029546,2026-06-01,central,35-49,1,plus,mid,ios,40,25.89,4.0,lang_c,1,I0931,bags computing
U029547,2026-06-01,south,18-24,2,basic,mid,android,57,58.66,3.0,lang_c,1,,audio bags
U029548,2026-06-01,north,35-49,5,basic,premium,android,28,31.68,4.0,lang_b,0,,
U029549,2026-06-01,central,50+,5,basic,mid,android,43,85.17,2.0,lang_a,1,I0042,
U029550,2026-06-01,west,35-49,2,basic,mid,ios,75,,,lang_c,1,I0040 I0112 I0136,
U029551,2026-06-01,east,25-34,5,plus,mid,android,63,38.57,3.0,lang_c,0,I0189 I0238 I0986,
U029552,2026-06-01,east,18-24,3,premium,mid,ios,7,67.53,4.0,lang_c,1,I0143,
U029553,2026-06-01,west,35-49,3,basic,premium,android,29,35.73,3.0,lang_c,0,,streaming wellness
U029554,2026-06-01,north,50+,4,basic,unknown,ios,3,,3.0,lang_a,0,I0490 I0505 I0517 I0531,
U029555,2026-06-01,coastal,35-49,3,plus,premium,android,36,35.42,2.0,lang_c,0,I0262 I0285 I0293,local_experiences outdoor
U029556,2026-06-01,coastal,25-34,1,basic,unknown,android,62,27.46,1.0,lang_c,1,,footwear furnishings
U029557,2026-06-01,west,25-34,4,plus,unknown,android,46,95.82,3.0,lang_b,1,,
U029558,2026-06-01,coastal,50+,3,basic,premium,ios,33,179.57,3.0,lang_b,1,,local_experiences mobile_accessories
U029559,2026-06-01,central,25-34,4,premium,entry,android,27,100.92,,lang_a,1,I0159 I0463 I0467 I0469 I0589,
U029560,2026-06-01,coastal,35-49,3,basic,mid,ios,11,40.03,5.0,lang_a,1,,
U029561,2026-06-01,south,50+,2,plus,mid,android,7,73.44,4.0,lang_b,1,I0181 I0196,
U029562,2026-06-01,east,18-24,4,plus,premium,ios,5,124.75,3.0,lang_a,1,I0204 I0208,
U029563,2026-06-01,central,18-24,1,basic,premium,android,42,123.9,,lang_b,1,I0051,
U029564,2026-06-01,east,50+,2,basic,entry,android,66,32.21,5.0,lang_a,0,I0167 I0853 I0858 I0886,home_care local_experiences
U029565,2026-06-01,south,50+,5,plus,mid,ios,35,117.96,,lang_a,1,I0466,
U029566,2026-06-01,north,35-49,1,basic,mid,ios,19,27.89,3.0,lang_b,1,I0485,clothing kitchen
U029567,2026-06-01,coastal,50+,4,basic,premium,android,11,78.47,3.0,lang_a,0,,creative_hobbies wellness
U029568,2026-06-01,south,35-49,4,basic,entry,ios,46,30.41,2.0,lang_a,0,I0131,
U029569,2026-06-01,coastal,50+,1,plus,premium,ios,74,53.57,,lang_b,1,I0107,
U029570,2026-06-01,south,35-49,1,basic,mid,ios,74,86.85,2.0,lang_c,1,I0043 I0109 I0307 I0314 I0325 I0337 I0535 I0875,
U029571,2026-06-01,central,25-34,5,basic,entry,ios,2,66.95,3.0,lang_c,1,,
U029572,2026-06-01,north,18-24,4,plus,entry,android,2,,5.0,lang_c,0,I0915,
U029573,2026-06-01,east,50+,5,basic,mid,android,49,98.19,3.0,lang_b,1,I0904 I0909 I0920 I0944,furnishings travel_accessories
U029574,2026-06-01,east,50+,4,basic,mid,android,60,54.9,3.0,lang_b,1,I0584 I0693,
U029575,2026-06-01,central,35-49,5,premium,entry,ios,21,142.62,,lang_a,0,I0308 I0311 I0509 I0527,accessories bags
U029576,2026-06-01,north,18-24,5,basic,premium,android,61,35.27,3.0,lang_c,1,I0267,
U029577,2026-06-01,north,18-24,3,premium,premium,android,11,32.29,3.0,lang_c,1,,books gaming
U029578,2026-06-01,north,25-34,4,premium,mid,android,69,100.73,3.0,lang_c,0,,
U029579,2026-06-01,south,35-49,1,basic,mid,ios,21,106.09,3.0,lang_a,1,I0039 I0253,home_care smart_devices
U029580,2026-06-01,south,18-24,3,plus,unknown,android,4,180.97,2.0,lang_a,1,I0113 I0986,accessories clothing
U029581,2026-06-01,east,35-49,5,plus,premium,android,54,181.74,2.0,lang_c,0,I0590,gaming learning
U029582,2026-06-01,east,35-49,3,basic,entry,ios,70,183.78,4.0,lang_c,1,I0001 I0103 I0104 I0129 I0137 I0142 I0938 I0984,audio mobile_accessories
U029583,2026-06-01,central,35-49,4,plus,premium,ios,11,95.44,3.0,lang_c,1,,computing footwear
U029584,2026-06-01,north,25-34,2,premium,entry,android,1,111.81,3.0,lang_b,1,,footwear home_care
U029585,2026-06-01,central,18-24,5,basic,mid,ios,60,44.16,3.0,lang_a,0,I0202 I0203 I0208 I0210 I0218 I0239 I0244 I0564,
U029586,2026-06-01,west,50+,4,basic,mid,ios,82,57.35,4.0,lang_b,0,I0081 I0530 I0677,
U029587,2026-06-01,south,25-34,2,plus,premium,android,3,69.63,4.0,lang_c,1,I0167 I0194 I0478 I0513 I0573 I0578 I0582 I0588 I0594,clothing furnishings
U029588,2026-06-01,east,50+,3,plus,premium,android,62,25.45,3.0,lang_b,1,I0330 I0341 I0479,
U029589,2026-06-01,central,18-24,5,basic,entry,android,6,11.07,1.0,lang_b,1,,fitness travel_accessories
U029590,2026-06-01,west,25-34,5,plus,entry,ios,71,60.64,4.0,lang_c,1,I0329,bags books
U029591,2026-06-01,east,25-34,2,basic,premium,android,44,86.79,4.0,lang_a,0,I0674 I0963,
U029592,2026-06-01,central,18-24,1,basic,entry,ios,10,,4.0,lang_a,0,,accessories fitness
U029593,2026-06-01,west,50+,5,basic,premium,android,26,29.62,4.0,lang_a,1,,
U029594,2026-06-01,north,50+,4,basic,mid,android,40,61.97,2.0,lang_b,1,I0118 I0467 I0520 I0951 I0964 I0978 I0984 I0988 I0995,fitness gaming
U029595,2026-06-01,south,50+,3,plus,entry,ios,52,176.99,4.0,lang_b,0,I0103 I0118 I0127 I0133 I0143,learning mobile_accessories
U029596,2026-06-01,east,50+,1,basic,entry,android,21,72.72,,lang_a,1,,local_experiences smart_devices
U029597,2026-06-01,south,50+,3,basic,entry,ios,13,51.15,3.0,lang_c,1,,books fitness
U029598,2026-06-01,west,50+,1,basic,mid,ios,6,85.82,,lang_a,0,,
U029599,2026-06-01,south,25-34,2,plus,mid,android,23,58.42,3.0,lang_a,1,I0569,computing learning
U029600,2026-06-01,north,50+,2,basic,entry,android,50,19.29,2.0,lang_a,1,,
U029601,2026-06-01,north,50+,5,premium,mid,android,2,64.54,4.0,lang_b,1,I0178 I0234,smart_devices wellness
U029602,2026-06-01,east,18-24,2,basic,entry,android,59,42.52,3.0,lang_b,1,I0502 I0505 I0537,kitchen smart_devices
U029603,2026-06-01,east,18-24,2,plus,entry,android,76,29.42,3.0,lang_c,1,I0159 I0182 I0265 I0590 I0688 I0850,furnishings learning
U029604,2026-06-01,coastal,18-24,3,basic,mid,ios,7,120.22,2.0,lang_c,0,,accessories gaming
U029605,2026-06-01,central,50+,5,basic,entry,android,44,197.15,5.0,lang_b,1,I0508 I0518,
U029606,2026-06-01,west,35-49,3,premium,premium,android,70,70.15,3.0,lang_c,0,I0043 I0100,
U029607,2026-06-01,central,25-34,1,premium,premium,ios,36,126.15,3.0,lang_c,1,,
U029608,2026-06-01,west,35-49,5,basic,mid,android,31,36.55,4.0,lang_c,1,,
U029609,2026-06-01,east,35-49,1,basic,entry,ios,38,101.34,3.0,lang_c,1,,
U029610,2026-06-01,south,25-34,2,basic,mid,android,78,26.6,3.0,lang_b,0,I0061 I0283 I0863 I0881 I0970 I0974,
U029611,2026-06-01,north,50+,5,basic,mid,android,76,71.8,4.0,lang_c,1,I0314 I0694,
U029612,2026-06-01,south,35-49,3,basic,premium,android,75,38.29,3.0,lang_a,1,I0066 I0190 I0301 I0558 I0566,creative_hobbies home_care
U029613,2026-06-01,south,25-34,4,basic,entry,android,5,36.28,3.0,lang_b,0,,audio clothing
U029614,2026-06-01,coastal,50+,4,basic,mid,android,37,52.43,2.0,lang_a,0,,creative_hobbies outdoor
U029615,2026-06-01,west,25-34,2,plus,entry,android,58,47.71,3.0,lang_b,1,I0251 I0260 I0263 I0271 I0460 I0467 I0475 I0693 I0967,furnishings outdoor
U029616,2026-06-01,coastal,50+,1,premium,premium,ios,21,,4.0,lang_c,1,I0200 I0262 I0276 I0288,furnishings garden
U029617,2026-06-01,west,35-49,3,premium,mid,android,5,47.4,,lang_b,0,I0022 I0332,clothing home_care
U029618,2026-06-01,west,25-34,4,basic,entry,android,73,54.07,4.0,lang_a,0,I0154 I0181 I0193,
U029619,2026-06-01,west,50+,2,basic,mid,ios,35,73.3,3.0,lang_b,0,,local_experiences streaming
U029620,2026-06-01,east,18-24,1,basic,entry,ios,82,36.75,3.0,lang_c,1,I0136 I0159 I0171 I0555 I0566 I0905,gaming mobile_accessories
U029621,2026-06-01,north,25-34,4,basic,premium,android,60,,3.0,lang_c,1,I0227 I0244,kitchen travel_accessories
U029622,2026-06-01,east,18-24,1,basic,mid,android,47,19.79,3.0,lang_b,1,I0650,fitness garden
U029623,2026-06-01,south,35-49,1,plus,entry,android,24,50.58,2.0,lang_c,0,,
U029624,2026-06-01,east,50+,5,basic,unknown,android,54,69.96,3.0,lang_a,1,I0013,audio connectivity
U029625,2026-06-01,south,35-49,5,basic,entry,android,72,56.12,3.0,lang_a,1,,
U029626,2026-06-01,central,35-49,2,premium,mid,android,11,77.1,4.0,lang_b,0,I0451,books footwear
U029627,2026-06-01,west,25-34,2,basic,entry,android,69,32.87,2.0,lang_b,1,,fitness gaming
U029628,2026-06-01,west,25-34,2,plus,mid,ios,5,73.7,4.0,lang_a,0,I0014 I0314 I0346,audio garden
U029629,2026-06-01,west,50+,3,basic,mid,android,68,128.08,4.0,lang_c,0,,connectivity learning
U029630,2026-06-01,central,18-24,3,basic,premium,ios,45,49.32,2.0,lang_a,0,I0943,
U029631,2026-06-01,south,35-49,4,basic,premium,ios,61,30.89,4.0,lang_c,0,I0193 I0294 I0557,clothing connectivity
U029632,2026-06-01,east,18-24,4,premium,unknown,android,79,49.03,2.0,lang_b,0,I0172,fitness home_care
U029633,2026-06-01,east,18-24,3,premium,premium,android,6,88.0,1.0,lang_c,0,,connectivity garden
U029634,2026-06-01,east,50+,3,basic,mid,ios,15,57.74,5.0,lang_b,0,,bags books
U029635,2026-06-01,west,35-49,5,basic,entry,ios,54,23.71,2.0,lang_c,0,,books kitchen
U029636,2026-06-01,central,18-24,3,basic,entry,android,43,,3.0,lang_c,1,I0008 I0027 I0041 I0520 I0915,
U029637,2026-06-01,central,50+,4,basic,premium,android,62,43.52,3.0,lang_c,1,I0004 I0074,audio fitness
U029638,2026-06-01,west,50+,1,plus,premium,android,40,,1.0,lang_c,0,I0917 I0935,gaming travel_accessories
U029639,2026-06-01,east,25-34,4,basic,mid,android,74,51.14,3.0,lang_a,1,I0116,bags gaming
U029640,2026-06-01,south,25-34,4,basic,mid,android,7,,3.0,lang_b,1,I0019 I0031 I0172 I0684,smart_devices wellness
U029641,2026-06-01,north,18-24,4,basic,mid,ios,19,142.58,2.0,lang_a,1,,bags delivery
U029642,2026-06-01,north,18-24,3,plus,mid,android,17,70.94,3.0,lang_c,1,,
U029643,2026-06-01,central,35-49,1,basic,unknown,ios,66,26.27,3.0,lang_b,1,I0062 I0097,computing travel_accessories
U029644,2026-06-01,south,18-24,4,basic,mid,ios,1,133.15,4.0,lang_a,1,I0188 I0474 I0554,
U029645,2026-06-01,coastal,50+,1,premium,mid,ios,67,95.51,3.0,lang_c,0,I0503 I0551 I0553 I0557 I0564 I0575 I0582 I0591,accessories connectivity
U029646,2026-06-01,central,35-49,1,basic,premium,android,44,37.57,2.0,lang_b,1,,footwear learning
U029647,2026-06-01,west,35-49,2,basic,mid,android,18,51.17,,lang_a,1,I0503 I0506 I0519 I0522 I0535 I0864,
U029648,2026-06-01,central,35-49,4,plus,unknown,ios,70,41.69,3.0,lang_b,0,I0563 I0679 I0682,gaming mobile_accessories
U029649,2026-06-01,north,50+,5,premium,premium,android,29,98.41,3.0,lang_b,0,,clothing garden
U029650,2026-06-01,west,35-49,2,plus,premium,android,9,115.12,3.0,lang_c,0,,clothing furnishings
U029651,2026-06-01,east,18-24,5,basic,premium,android,60,80.15,3.0,lang_c,1,I0474 I0482,connectivity travel_accessories
U029652,2026-06-01,central,35-49,4,premium,premium,android,47,44.12,,lang_a,0,,garden learning
U029653,2026-06-01,east,35-49,4,basic,entry,android,51,78.5,3.0,lang_a,0,,smart_devices travel_accessories
U029654,2026-06-01,coastal,50+,1,plus,premium,ios,76,34.0,4.0,lang_b,1,,
U029655,2026-06-01,central,18-24,2,plus,entry,android,13,,2.0,lang_c,1,I0182,bags local_experiences
U029656,2026-06-01,west,50+,5,basic,mid,ios,68,147.12,4.0,lang_c,1,,bags computing
U029657,2026-06-01,central,35-49,2,basic,mid,android,76,44.85,2.0,lang_b,1,I0550 I0561 I0592 I0597,accessories books
U029658,2026-06-01,north,35-49,5,premium,entry,ios,77,,4.0,lang_b,1,,bags home_care
U029659,2026-06-01,north,50+,3,basic,mid,android,21,26.37,4.0,lang_a,1,,
U029660,2026-06-01,central,50+,3,basic,mid,android,82,100.51,1.0,lang_a,0,I0126 I0142,books streaming
U029661,2026-06-01,coastal,18-24,2,plus,mid,android,60,174.26,4.0,lang_c,1,,
U029662,2026-06-01,coastal,50+,4,plus,mid,android,49,58.0,3.0,lang_a,1,,garden learning
U029663,2026-06-01,coastal,50+,4,basic,entry,android,62,91.6,3.0,lang_c,0,I0656,
U029664,2026-06-01,coastal,50+,5,plus,mid,ios,50,119.48,3.0,lang_a,1,,
U029665,2026-06-01,east,35-49,4,plus,premium,android,74,89.42,2.0,lang_a,1,,delivery local_experiences
U029666,2026-06-01,north,25-34,3,premium,mid,android,44,,4.0,lang_a,0,I0054 I0066 I0078 I0228 I0518 I0528 I0534,
U029667,2026-06-01,south,25-34,2,basic,premium,ios,35,19.83,4.0,lang_b,1,I0267 I0278 I0287,
U029668,2026-06-01,east,25-34,1,basic,mid,android,39,59.12,3.0,lang_c,1,,gaming kitchen
U029669,2026-06-01,east,50+,2,plus,premium,android,13,71.77,3.0,lang_b,1,,furnishings travel_accessories
U029670,2026-06-01,east,35-49,4,plus,entry,android,64,36.52,2.0,lang_b,1,I0025,gaming streaming
U029671,2026-06-01,central,25-34,5,premium,entry,android,8,56.63,4.0,lang_a,1,I0209 I0223 I0228 I0239,
U029672,2026-06-01,east,35-49,3,premium,premium,android,39,236.45,2.0,lang_a,0,,creative_hobbies learning
U029673,2026-06-01,central,18-24,2,plus,unknown,android,78,112.34,1.0,lang_a,1,I0008 I0485 I0556 I0567,creative_hobbies streaming
U029674,2026-06-01,coastal,18-24,4,basic,premium,android,39,42.62,4.0,lang_a,0,I0025,
U029675,2026-06-01,coastal,35-49,4,plus,premium,ios,65,78.76,4.0,lang_c,1,,creative_hobbies kitchen
U029676,2026-06-01,west,50+,2,basic,unknown,android,19,135.44,3.0,lang_b,0,I0484 I0889,outdoor smart_devices
U029677,2026-06-01,south,25-34,2,plus,mid,android,8,70.44,2.0,lang_a,1,I0654,
U029678,2026-06-01,south,25-34,3,basic,entry,ios,45,102.79,4.0,lang_b,1,,
U029679,2026-06-01,north,35-49,1,basic,entry,ios,29,68.78,3.0,lang_c,1,,computing gaming
U029680,2026-06-01,west,25-34,2,basic,mid,android,16,,4.0,lang_a,1,,travel_accessories wellness
U029681,2026-06-01,east,35-49,3,basic,unknown,ios,27,204.99,3.0,lang_a,1,I0013 I0156,home_care streaming
U029682,2026-06-01,south,50+,5,plus,entry,android,83,68.78,2.0,lang_a,0,I0861 I0884,home_care wellness
U029683,2026-06-01,coastal,18-24,4,basic,mid,android,76,238.34,4.0,lang_a,0,I0051,
U029684,2026-06-01,central,25-34,1,basic,mid,android,55,27.69,3.0,lang_a,1,I0466 I0471 I0489 I0490 I0492,accessories clothing
U029685,2026-06-01,east,25-34,1,basic,premium,android,71,63.85,5.0,lang_a,1,I0550 I0552 I0572 I0573 I0581,
U029686,2026-06-01,coastal,18-24,3,premium,entry,android,26,239.8,3.0,lang_c,1,I0114 I0210 I0226 I0270 I0887,mobile_accessories wellness
U029687,2026-06-01,north,25-34,4,basic,mid,ios,66,33.2,3.0,lang_a,1,I0465 I0468,footwear home_care
U029688,2026-06-01,west,50+,3,premium,premium,ios,82,,3.0,lang_b,0,,books gaming
U029689,2026-06-01,coastal,35-49,5,plus,unknown,android,47,43.45,2.0,lang_a,1,I0466 I0682 I0947,
U029690,2026-06-01,west,50+,1,premium,premium,ios,6,145.18,3.0,lang_a,1,,accessories wellness
U029691,2026-06-01,south,50+,3,premium,premium,ios,60,35.64,1.0,lang_c,1,I0140 I0331 I0917,accessories garden
U029692,2026-06-01,south,35-49,1,basic,entry,android,14,14.86,4.0,lang_b,1,I0659 I0662 I0663 I0677,gaming kitchen
U029693,2026-06-01,south,25-34,3,basic,entry,android,35,57.77,2.0,lang_b,0,,computing wellness
U029694,2026-06-01,central,35-49,1,premium,mid,android,31,33.11,3.0,lang_b,1,I0503 I0510 I0538 I0909 I0930 I0941,
U029695,2026-06-01,south,25-34,3,premium,premium,ios,51,74.79,3.0,lang_c,1,I0123,furnishings wellness
U029696,2026-06-01,north,50+,4,plus,entry,ios,32,29.7,2.0,lang_c,1,I0275,books furnishings
U029697,2026-06-01,south,50+,1,basic,premium,android,74,93.28,4.0,lang_a,1,I0909 I0922 I0931,outdoor travel_accessories
U029698,2026-06-01,central,35-49,5,premium,entry,ios,80,61.03,2.0,lang_c,1,,
U029699,2026-06-01,east,18-24,3,basic,unknown,ios,23,55.34,2.0,lang_a,0,I0956 I0975,fitness gaming
U029700,2026-06-01,north,18-24,5,basic,entry,android,22,,2.0,lang_b,1,I0086,
U029701,2026-06-01,coastal,25-34,1,premium,mid,android,38,51.17,3.0,lang_c,1,I0112,
U029702,2026-06-01,east,50+,4,basic,entry,android,61,37.16,4.0,lang_a,0,I0096 I0239,connectivity footwear
U029703,2026-06-01,north,35-49,3,plus,mid,android,21,28.34,2.0,lang_c,1,I0012 I0265 I0291 I0917,audio computing
U029704,2026-06-01,west,35-49,3,basic,mid,android,29,110.81,3.0,lang_c,0,I0458 I0459,
U029705,2026-06-01,south,35-49,3,plus,mid,ios,55,23.56,3.0,lang_a,0,I0257 I0472 I0666 I0677 I0959 I0974 I0980,
U029706,2026-06-01,coastal,50+,4,premium,mid,ios,44,151.93,3.0,lang_c,1,,
U029707,2026-06-01,east,25-34,1,premium,mid,android,37,,2.0,lang_b,0,,creative_hobbies learning
U029708,2026-06-01,north,18-24,1,basic,entry,android,3,43.1,,lang_c,1,I0851 I0852 I0857 I0867 I0872 I0891 I0897,
U029709,2026-06-01,coastal,50+,1,premium,entry,android,66,77.68,4.0,lang_a,0,,computing outdoor
U029710,2026-06-01,east,25-34,3,basic,entry,ios,52,33.36,3.0,lang_c,1,,
U029711,2026-06-01,central,50+,2,basic,entry,android,81,28.86,3.0,lang_c,0,I0670,
U029712,2026-06-01,west,50+,5,basic,entry,android,24,75.02,1.0,lang_a,0,I0172,computing mobile_accessories
U029713,2026-06-01,coastal,50+,3,basic,premium,ios,47,47.33,3.0,lang_a,1,,
U029714,2026-06-01,north,25-34,4,basic,entry,ios,39,33.71,2.0,lang_b,0,,delivery streaming
U029715,2026-06-01,south,35-49,5,basic,mid,ios,42,,3.0,lang_b,1,,
U029716,2026-06-01,west,50+,1,basic,mid,android,25,89.09,3.0,lang_c,0,,
U029717,2026-06-01,south,35-49,5,basic,mid,android,78,53.0,1.0,lang_b,1,,books local_experiences
U029718,2026-06-01,south,50+,4,basic,premium,android,50,86.04,,lang_b,0,I0320 I0339 I0954,connectivity fitness
U029719,2026-06-01,west,50+,2,basic,entry,android,11,33.81,1.0,lang_b,1,I0591,
U029720,2026-06-01,north,25-34,3,plus,mid,android,47,18.68,3.0,lang_c,0,,computing local_experiences
U029721,2026-06-01,south,18-24,4,basic,mid,android,44,164.34,4.0,lang_c,1,I0483,connectivity home_care
U029722,2026-06-01,east,50+,2,basic,mid,ios,76,82.14,,lang_c,0,,
U029723,2026-06-01,coastal,18-24,3,plus,mid,android,56,52.88,3.0,lang_a,1,,
U029724,2026-06-01,west,50+,3,basic,premium,android,6,25.29,2.0,lang_c,0,I0116 I0122 I0132,
U029725,2026-06-01,north,35-49,1,basic,premium,android,62,,3.0,lang_a,1,,connectivity gaming
U029726,2026-06-01,east,18-24,5,plus,premium,ios,81,48.8,,lang_c,1,I0251,creative_hobbies furnishings
U029727,2026-06-01,east,25-34,2,basic,entry,ios,23,58.03,4.0,lang_b,1,I0590 I0913 I0915,kitchen streaming
U029728,2026-06-01,west,35-49,4,basic,mid,android,76,247.11,2.0,lang_a,1,I0003 I0557 I0588,
U029729,2026-06-01,north,18-24,2,basic,entry,android,37,108.6,4.0,lang_c,0,I0168 I0178 I0194 I0953 I0961 I0973,
U029730,2026-06-01,west,35-49,5,plus,mid,android,16,80.65,3.0,lang_a,1,,bags streaming
U029731,2026-06-01,coastal,25-34,1,premium,entry,android,7,57.92,2.0,lang_a,1,I0242,
U029732,2026-06-01,central,50+,1,plus,mid,android,44,,4.0,lang_c,1,I0987,connectivity creative_hobbies
U029733,2026-06-01,coastal,50+,4,basic,entry,ios,37,,3.0,lang_c,0,I0966,home_care learning
U029734,2026-06-01,west,25-34,5,plus,unknown,ios,18,29.22,2.0,lang_b,0,I0090 I0575 I0951 I0960 I0963 I0967 I0980 I0981,
U029735,2026-06-01,central,35-49,2,premium,mid,android,37,56.18,4.0,lang_c,1,I0984 I0988,
U029736,2026-06-01,east,18-24,2,plus,entry,ios,60,46.76,2.0,lang_a,1,,
U029737,2026-06-01,north,25-34,2,basic,entry,android,71,19.51,4.0,lang_a,0,,
U029738,2026-06-01,central,50+,3,basic,entry,android,23,25.57,2.0,lang_b,0,,
U029739,2026-06-01,east,35-49,5,plus,entry,ios,26,32.31,2.0,lang_c,1,,kitchen travel_accessories
U029740,2026-06-01,coastal,18-24,5,basic,premium,android,11,,,lang_a,1,I0988,accessories local_experiences
U029741,2026-06-01,east,18-24,5,basic,premium,android,64,78.01,2.0,lang_a,1,I0676 I0689,
U029742,2026-06-01,central,35-49,1,premium,premium,android,39,33.73,2.0,lang_b,0,I0867 I0872 I0880,
U029743,2026-06-01,central,50+,4,basic,entry,android,33,138.44,,lang_a,0,,footwear mobile_accessories
U029744,2026-06-01,west,35-49,1,basic,premium,android,25,,2.0,lang_a,0,I0556 I0560 I0562 I0578,accessories connectivity
U029745,2026-06-01,north,50+,3,plus,premium,android,74,53.08,3.0,lang_b,1,,furnishings mobile_accessories
U029746,2026-06-01,north,25-34,1,basic,premium,android,46,52.25,2.0,lang_b,0,I0504 I0950 I0960 I0963 I0985,
U029747,2026-06-01,west,25-34,5,basic,entry,ios,76,14.71,3.0,lang_a,0,I0206,
U029748,2026-06-01,central,18-24,2,basic,entry,ios,79,33.96,4.0,lang_a,1,I0103 I0142 I0323 I0652 I0658 I0659 I0869 I0872 I0881,gaming outdoor
U029749,2026-06-01,east,50+,3,basic,mid,android,22,119.76,,lang_c,0,I0099 I0908 I0933,computing learning
U029750,2026-06-01,east,50+,1,premium,mid,ios,68,114.39,3.0,lang_c,0,I0957 I0974 I0979,
U029751,2026-06-01,central,18-24,1,plus,mid,android,18,33.78,,lang_a,1,I0007 I0008 I0035 I0036 I0111 I0244 I0912 I0965 I0967 I0978,clothing fitness
U029752,2026-06-01,east,18-24,1,plus,premium,android,9,61.53,3.0,lang_b,1,,footwear garden
U029753,2026-06-01,central,35-49,2,basic,entry,android,82,109.02,5.0,lang_a,0,I0267 I0273 I0279 I0288,furnishings home_care
U029754,2026-06-01,west,18-24,3,basic,entry,android,19,124.79,,lang_c,1,I0080 I0093 I0096 I0986,clothing computing
U029755,2026-06-01,north,18-24,3,premium,mid,android,54,110.76,2.0,lang_b,0,I0256,connectivity gaming
U029756,2026-06-01,central,50+,5,premium,mid,android,44,13.38,3.0,lang_b,0,I0025,audio travel_accessories
U029757,2026-06-01,west,50+,5,basic,mid,android,81,61.35,3.0,lang_c,1,I0868 I0974 I0980 I0982 I0991,home_care outdoor
U029758,2026-06-01,north,25-34,3,basic,mid,android,64,78.27,2.0,lang_a,1,,accessories kitchen
U029759,2026-06-01,west,25-34,3,basic,premium,android,57,25.37,4.0,lang_c,1,I0027,clothing connectivity
U029760,2026-06-01,east,35-49,2,basic,mid,ios,37,39.18,3.0,lang_a,0,I0941,
U029761,2026-06-01,south,35-49,1,basic,premium,android,79,51.3,2.0,lang_a,0,,
U029762,2026-06-01,west,35-49,1,plus,premium,android,34,161.04,4.0,lang_b,0,,fitness mobile_accessories
U029763,2026-06-01,north,18-24,1,premium,mid,android,84,31.12,2.0,lang_b,1,,
U029764,2026-06-01,coastal,50+,4,plus,mid,android,44,42.68,3.0,lang_c,1,,connectivity learning
U029765,2026-06-01,west,35-49,4,basic,mid,android,45,95.84,4.0,lang_a,0,,
U029766,2026-06-01,east,18-24,2,premium,premium,ios,20,67.36,,lang_b,0,I0317,garden learning
U029767,2026-06-01,west,18-24,1,basic,mid,android,81,30.85,3.0,lang_b,1,I0285 I0906 I0914 I0920 I0943 I0980,connectivity local_experiences
U029768,2026-06-01,south,35-49,1,plus,mid,android,17,88.13,2.0,lang_a,1,,footwear streaming
U029769,2026-06-01,coastal,50+,5,plus,mid,android,60,205.92,5.0,lang_c,0,,books mobile_accessories
U029770,2026-06-01,central,35-49,4,basic,entry,android,48,27.55,3.0,lang_c,0,I0058 I0183 I0535 I0865,outdoor travel_accessories
U029771,2026-06-01,west,25-34,2,plus,premium,android,1,28.27,4.0,lang_a,1,,audio footwear
U029772,2026-06-01,central,25-34,5,plus,mid,android,50,61.99,5.0,lang_b,1,I0337 I0913 I0916 I0922,
U029773,2026-06-01,central,35-49,5,plus,entry,android,62,150.79,3.0,lang_c,1,I0121 I0122 I0123,
U029774,2026-06-01,west,18-24,5,basic,entry,android,34,33.54,3.0,lang_c,1,I0070 I0490,
U029775,2026-06-01,south,18-24,5,plus,entry,ios,66,72.55,,lang_c,1,,audio learning
U029776,2026-06-01,north,18-24,1,premium,premium,ios,34,69.89,4.0,lang_b,1,,clothing mobile_accessories
U029777,2026-06-01,south,18-24,5,basic,premium,android,30,134.55,,lang_c,0,I0599 I0971,audio footwear
U029778,2026-06-01,central,18-24,3,premium,mid,android,79,168.68,5.0,lang_c,1,,audio furnishings
U029779,2026-06-01,west,50+,2,basic,entry,android,78,45.41,2.0,lang_b,1,,bags fitness
U029780,2026-06-01,south,18-24,1,basic,premium,android,28,67.67,5.0,lang_a,0,,computing garden
U029781,2026-06-01,south,35-49,5,basic,premium,android,83,,4.0,lang_b,1,I0657 I0658,garden home_care
U029782,2026-06-01,south,18-24,3,plus,premium,ios,52,25.1,4.0,lang_a,1,I0014 I0018,
U029783,2026-06-01,south,18-24,4,basic,premium,android,66,29.52,3.0,lang_c,0,I0022,audio footwear
U029784,2026-06-01,coastal,35-49,4,basic,premium,android,46,165.2,,lang_b,0,I0026 I0958 I0962 I0970,
U029785,2026-06-01,coastal,50+,3,plus,entry,android,40,93.77,,lang_c,1,,furnishings kitchen
U029786,2026-06-01,central,35-49,2,premium,premium,android,46,217.72,2.0,lang_b,1,I0303 I0307,garden wellness
U029787,2026-06-01,west,50+,2,basic,mid,ios,56,95.59,2.0,lang_a,1,I0101 I0911 I0913 I0930 I0933,computing travel_accessories
U029788,2026-06-01,east,25-34,3,basic,mid,android,6,115.16,1.0,lang_b,1,I0082 I0334 I0918,garden travel_accessories
U029789,2026-06-01,central,18-24,1,plus,premium,android,47,74.42,3.0,lang_c,0,I0218 I0233 I0237 I0463 I0540 I0958,
U029790,2026-06-01,coastal,25-34,5,plus,entry,android,11,181.53,2.0,lang_b,1,I0467 I0474 I0477 I0484 I0494 I0555 I0863 I0865 I0871 I0874,learning outdoor
U029791,2026-06-01,east,25-34,5,plus,entry,ios,78,29.13,4.0,lang_a,0,,
U029792,2026-06-01,west,18-24,3,basic,mid,android,23,24.37,2.0,lang_c,0,I0863,
U029793,2026-06-01,north,25-34,5,premium,entry,ios,73,29.86,4.0,lang_a,1,I0006 I0010 I0030 I0032 I0041 I0176 I0481 I0939,connectivity gaming
U029794,2026-06-01,east,25-34,3,plus,entry,ios,58,119.68,3.0,lang_b,1,I0113 I0916 I0941 I0947,bags travel_accessories
U029795,2026-06-01,coastal,25-34,1,plus,entry,android,9,90.86,3.0,lang_b,1,I0009 I0542,audio garden
U029796,2026-06-01,coastal,18-24,2,plus,entry,ios,66,80.87,3.0,lang_c,1,,delivery furnishings
U029797,2026-06-01,central,50+,1,basic,mid,android,49,,4.0,lang_b,1,I0194 I0267 I0293 I0941,
U029798,2026-06-01,west,18-24,2,plus,entry,ios,18,71.54,3.0,lang_a,1,I0881,
U029799,2026-06-01,west,35-49,4,basic,entry,android,65,40.85,4.0,lang_c,1,I0501 I0681,accessories clothing
U029800,2026-06-01,south,50+,1,basic,unknown,ios,83,22.2,3.0,lang_c,1,I0276,creative_hobbies footwear
U029801,2026-06-01,east,25-34,2,basic,mid,android,57,66.5,4.0,lang_b,0,,
U029802,2026-06-01,central,35-49,3,basic,premium,ios,12,29.83,5.0,lang_a,0,I0533,audio home_care
U029803,2026-06-01,west,50+,5,basic,premium,android,74,84.01,4.0,lang_b,0,,
U029804,2026-06-01,central,50+,2,basic,entry,android,1,49.42,3.0,lang_b,1,I0012,
U029805,2026-06-01,north,25-34,1,plus,premium,android,3,31.77,3.0,lang_c,1,I0274,kitchen mobile_accessories
U029806,2026-06-01,west,18-24,4,premium,premium,android,39,113.49,5.0,lang_b,0,I0193 I0883 I0979,footwear wellness
U029807,2026-06-01,east,50+,1,basic,entry,android,58,100.52,3.0,lang_a,1,,clothing delivery
U029808,2026-06-01,west,50+,3,basic,entry,android,79,55.01,3.0,lang_c,0,I0059 I0074 I0088 I0876 I0958 I0962 I0987,computing fitness
U029809,2026-06-01,coastal,25-34,4,basic,premium,android,76,102.48,3.0,lang_c,1,I0990,
U029810,2026-06-01,south,18-24,1,basic,mid,ios,17,44.43,2.0,lang_c,1,I0231 I0582,books mobile_accessories
U029811,2026-06-01,north,25-34,3,basic,entry,android,66,87.34,4.0,lang_b,1,I0039 I0531 I0854 I0868,clothing kitchen
U029812,2026-06-01,north,50+,4,basic,entry,ios,3,96.62,4.0,lang_a,1,I0084 I0163 I0172 I0177 I0222 I0223,gaming smart_devices
U029813,2026-06-01,west,25-34,3,plus,premium,ios,58,143.19,2.0,lang_a,0,I0061 I0153 I0159 I0187 I0562 I0676 I0694,computing smart_devices
U029814,2026-06-01,east,25-34,2,plus,mid,ios,54,85.24,3.0,lang_a,1,,connectivity home_care
U029815,2026-06-01,central,35-49,4,premium,mid,android,45,200.83,4.0,lang_a,1,,
U029816,2026-06-01,west,50+,2,basic,premium,android,1,23.87,2.0,lang_a,1,I0655,
U029817,2026-06-01,east,35-49,4,basic,entry,ios,67,96.3,3.0,lang_a,1,,connectivity delivery
U029818,2026-06-01,central,50+,2,plus,mid,android,26,138.86,2.0,lang_c,1,I0019 I0025 I0111 I0118,audio delivery
U029819,2026-06-01,east,25-34,2,basic,premium,android,21,26.3,3.0,lang_c,0,I0224 I0320 I0324 I0503 I0512 I0542 I0575 I0650 I0657 I0660 I0666 I0673 I0680 I0682 I0686,
U029820,2026-06-01,north,50+,1,basic,mid,ios,73,71.21,2.0,lang_a,1,,books mobile_accessories
U029821,2026-06-01,east,35-49,4,plus,premium,android,54,,3.0,lang_b,1,I0337 I0489,clothing kitchen
U029822,2026-06-01,central,25-34,1,plus,mid,android,68,150.06,3.0,lang_a,0,,creative_hobbies delivery
U029823,2026-06-01,south,50+,1,plus,entry,ios,27,104.3,4.0,lang_c,1,,garden local_experiences
U029824,2026-06-01,south,18-24,2,basic,entry,ios,68,46.78,4.0,lang_b,1,I0467 I0474 I0482 I0490,
U029825,2026-06-01,coastal,35-49,5,basic,premium,ios,28,,3.0,lang_b,0,,
U029826,2026-06-01,east,50+,1,basic,entry,android,19,61.31,4.0,lang_a,1,I0143,
U029827,2026-06-01,north,35-49,3,plus,mid,ios,75,84.13,2.0,lang_a,1,I0222 I0227,fitness kitchen
U029828,2026-06-01,west,25-34,3,basic,unknown,android,58,282.52,3.0,lang_b,0,I0476,
U029829,2026-06-01,coastal,18-24,4,basic,premium,ios,77,114.11,2.0,lang_b,1,I0262,
U029830,2026-06-01,west,35-49,3,basic,premium,android,22,18.09,4.0,lang_a,1,I0003 I0009 I0010 I0016 I0038 I0041 I0042 I0538 I0915,
U029831,2026-06-01,central,25-34,5,basic,mid,ios,57,173.32,4.0,lang_c,1,,books gaming
U029832,2026-06-01,north,18-24,2,plus,mid,ios,53,39.19,,lang_b,1,I0002 I0007 I0031 I0034 I0038 I0047,
U029833,2026-06-01,east,18-24,3,basic,entry,ios,41,57.76,3.0,lang_b,0,,connectivity wellness
U029834,2026-06-01,west,35-49,3,basic,mid,android,77,54.5,4.0,lang_a,1,I0132 I0232 I0688,
U029835,2026-06-01,south,50+,3,plus,mid,android,40,55.31,5.0,lang_a,0,I0039,audio travel_accessories
U029836,2026-06-01,north,18-24,4,premium,entry,android,5,60.54,3.0,lang_b,0,I0505 I0544,
U029837,2026-06-01,central,35-49,2,basic,premium,android,12,30.19,5.0,lang_b,0,I0519 I0524 I0534 I0544,
U029838,2026-06-01,north,35-49,2,plus,entry,android,11,170.5,4.0,lang_c,1,I0476,books smart_devices
U029839,2026-06-01,central,50+,2,basic,entry,android,7,220.22,3.0,lang_c,1,I0256 I0888 I0979 I0991,home_care mobile_accessories
U029840,2026-06-01,east,50+,2,basic,premium,ios,11,56.37,3.0,lang_c,1,I0552 I0555 I0562 I0581 I0594 I0650 I0912 I0955,accessories audio
U029841,2026-06-01,coastal,18-24,2,basic,mid,android,15,61.73,3.0,lang_c,1,I0564,accessories kitchen
U029842,2026-06-01,north,18-24,1,basic,unknown,android,21,,3.0,lang_c,1,I0558 I0578,
U029843,2026-06-01,north,35-49,2,basic,premium,ios,39,,5.0,lang_b,0,I0072 I0503,
U029844,2026-06-01,coastal,18-24,3,premium,entry,android,1,51.07,2.0,lang_b,0,I0256 I0901 I0912 I0916 I0923,garden smart_devices
U029845,2026-06-01,coastal,18-24,1,basic,mid,android,84,127.16,5.0,lang_a,1,,
U029846,2026-06-01,central,50+,2,basic,mid,android,27,54.22,2.0,lang_c,1,,
U029847,2026-06-01,central,25-34,4,plus,mid,android,69,103.59,3.0,lang_c,0,,bags gaming
U029848,2026-06-01,east,50+,4,basic,mid,ios,54,110.93,,lang_b,1,I0332 I0956 I0960 I0967 I0985 I0987,gaming garden
U029849,2026-06-01,north,35-49,2,basic,entry,android,20,108.55,,lang_a,1,,
U029850,2026-06-01,central,25-34,4,plus,premium,ios,7,60.67,2.0,lang_a,1,,kitchen mobile_accessories
U029851,2026-06-01,central,18-24,2,plus,unknown,ios,43,43.75,2.0,lang_a,1,I0280,bags books
U029852,2026-06-01,coastal,50+,4,basic,mid,android,4,7.79,3.0,lang_b,1,,
U029853,2026-06-01,north,25-34,4,basic,mid,android,37,63.47,2.0,lang_c,0,I0304 I0852 I0863,garden outdoor
U029854,2026-06-01,east,35-49,3,premium,entry,android,14,75.97,2.0,lang_b,1,I0213 I0222 I0226 I0232 I0234 I0235 I0238,creative_hobbies kitchen
U029855,2026-06-01,central,50+,5,basic,mid,ios,48,,2.0,lang_b,0,I0562 I0566,
U029856,2026-06-01,west,35-49,5,plus,mid,android,49,36.75,4.0,lang_b,0,I0062 I0069 I0091,local_experiences streaming
U029857,2026-06-01,coastal,18-24,1,basic,mid,android,44,16.41,4.0,lang_b,0,I0214 I0245 I0976,books connectivity
U029858,2026-06-01,south,35-49,3,premium,entry,android,32,45.61,3.0,lang_c,1,,home_care smart_devices
U029859,2026-06-01,east,35-49,3,basic,entry,android,68,50.55,3.0,lang_b,0,I0122 I0165 I0173 I0188,
U029860,2026-06-01,central,50+,5,basic,mid,ios,77,29.59,2.0,lang_b,1,I0032 I0036,
U029861,2026-06-01,south,18-24,5,basic,mid,android,78,72.77,3.0,lang_c,0,I0059 I0477 I0480 I0483,computing footwear
U029862,2026-06-01,coastal,18-24,3,premium,mid,ios,17,78.86,3.0,lang_c,1,I0129,gaming mobile_accessories
U029863,2026-06-01,north,35-49,4,plus,premium,android,54,43.72,3.0,lang_b,1,I0955 I0987,mobile_accessories streaming
U029864,2026-06-01,west,18-24,4,basic,premium,android,66,51.98,2.0,lang_a,0,I0001 I0005 I0025 I0043,audio learning
U029865,2026-06-01,central,50+,4,basic,entry,android,19,59.47,5.0,lang_a,1,,
U029866,2026-06-01,west,25-34,5,plus,premium,android,55,89.79,2.0,lang_b,1,I0595 I0597 I0850,
U029867,2026-06-01,south,35-49,3,basic,entry,android,70,53.64,2.0,lang_b,0,I0279 I0519,
U029868,2026-06-01,central,18-24,4,basic,mid,ios,53,52.65,4.0,lang_a,1,I0053 I0069 I0264 I0460 I0546,
U029869,2026-06-01,coastal,50+,1,basic,mid,android,1,72.98,2.0,lang_b,1,,fitness furnishings
U029870,2026-06-01,central,25-34,1,basic,mid,ios,59,50.33,5.0,lang_b,0,I0889 I0926,
U029871,2026-06-01,north,50+,5,basic,entry,android,59,107.01,3.0,lang_a,1,I0908,
U029872,2026-06-01,west,18-24,3,basic,mid,android,71,35.42,2.0,lang_a,1,I0341 I0345,
U029873,2026-06-01,south,25-34,2,premium,entry,ios,62,74.24,2.0,lang_a,1,,
U029874,2026-06-01,south,25-34,3,basic,mid,android,22,60.1,4.0,lang_c,0,,
U029875,2026-06-01,central,18-24,1,plus,premium,ios,83,86.57,2.0,lang_a,1,,gaming garden
U029876,2026-06-01,south,50+,5,basic,mid,android,21,101.01,2.0,lang_b,0,I0187 I0526,bags delivery
U029877,2026-06-01,east,18-24,2,basic,premium,ios,20,63.23,,lang_c,0,I0106 I0136 I0861,delivery mobile_accessories
U029878,2026-06-01,east,50+,5,premium,mid,ios,66,161.46,4.0,lang_b,1,,
U029879,2026-06-01,east,25-34,4,basic,entry,android,2,46.48,4.0,lang_c,0,I0980 I0981 I0987 I0991,
U029880,2026-06-01,east,35-49,1,basic,premium,android,67,39.2,3.0,lang_b,1,I0313 I0652 I0686 I0953,connectivity fitness
U029881,2026-06-01,west,25-34,4,basic,mid,android,57,,,lang_b,0,I0062 I0083 I0162 I0266 I0278 I0472 I0474 I0485,computing footwear
U029882,2026-06-01,east,18-24,4,basic,premium,ios,45,36.0,2.0,lang_b,0,I0915 I0921,fitness travel_accessories
U029883,2026-06-01,west,25-34,3,basic,premium,android,1,84.3,4.0,lang_c,1,I0874 I0889,
U029884,2026-06-01,west,35-49,4,plus,mid,android,47,86.24,4.0,lang_c,0,I0313 I0954,
U029885,2026-06-01,east,25-34,5,basic,entry,android,39,26.14,3.0,lang_c,1,,clothing garden
U029886,2026-06-01,east,35-49,1,basic,entry,android,83,138.11,3.0,lang_b,1,I0957,bags fitness
U029887,2026-06-01,coastal,18-24,5,plus,premium,android,80,80.07,3.0,lang_b,1,,
U029888,2026-06-01,east,18-24,5,basic,mid,ios,53,80.97,2.0,lang_c,1,I0112 I0177 I0187,delivery smart_devices
U029889,2026-06-01,south,18-24,1,basic,entry,ios,74,97.14,2.0,lang_a,1,,
U029890,2026-06-01,south,18-24,3,plus,entry,ios,9,30.71,4.0,lang_b,0,I0343 I0672 I0680,
U029891,2026-06-01,coastal,50+,2,basic,entry,android,60,88.27,1.0,lang_a,1,,
U029892,2026-06-01,south,25-34,5,basic,entry,android,53,84.21,2.0,lang_b,0,I0670,gaming wellness
U029893,2026-06-01,north,18-24,2,plus,premium,android,22,73.02,2.0,lang_b,1,I0229,local_experiences travel_accessories
U029894,2026-06-01,east,35-49,4,premium,mid,android,36,64.79,4.0,lang_c,1,,accessories audio
U029895,2026-06-01,central,50+,5,plus,premium,android,72,50.28,3.0,lang_a,1,,books learning
U029896,2026-06-01,east,18-24,5,basic,premium,android,39,226.25,3.0,lang_c,0,I0026,computing kitchen
U029897,2026-06-01,north,25-34,5,basic,entry,android,49,60.14,3.0,lang_b,0,I0901,learning travel_accessories
U029898,2026-06-01,south,50+,5,basic,unknown,android,27,,3.0,lang_c,1,I0038 I0322 I0334 I0338 I0456 I0462 I0463 I0464 I0494 I0537 I0866 I0872 I0880 I0884 I0913,audio footwear
U029899,2026-06-01,west,25-34,4,basic,mid,ios,62,48.18,3.0,lang_b,1,,furnishings kitchen
U029900,2026-06-01,central,25-34,2,plus,mid,ios,1,99.2,3.0,lang_b,1,I0906 I0918 I0943,audio clothing
U029901,2026-06-01,south,25-34,1,plus,premium,android,5,31.28,,lang_b,0,I0671 I0692,audio gaming
U029902,2026-06-01,east,35-49,2,plus,entry,android,1,68.48,3.0,lang_c,1,I0018,audio bags
U029903,2026-06-01,south,25-34,4,basic,premium,android,19,28.08,2.0,lang_c,1,I0552 I0582,furnishings streaming
U029904,2026-06-01,central,18-24,2,plus,entry,android,24,115.77,2.0,lang_b,0,I0004,books connectivity
U029905,2026-06-01,west,25-34,4,premium,mid,android,50,26.29,,lang_c,1,I0082 I0480 I0912 I0931 I0936 I0937 I0938,
U029906,2026-06-01,east,50+,2,basic,mid,ios,22,128.15,4.0,lang_b,0,I0307,clothing fitness
U029907,2026-06-01,east,35-49,1,basic,mid,android,26,65.23,2.0,lang_a,1,I0506 I0530 I0538 I0550 I0955,
U029908,2026-06-01,west,18-24,3,basic,premium,ios,70,81.58,3.0,lang_b,0,I0037,
U029909,2026-06-01,south,35-49,1,premium,mid,android,48,46.76,3.0,lang_a,1,,
U029910,2026-06-01,north,25-34,4,plus,premium,ios,75,71.09,4.0,lang_a,0,I0277 I0476 I0510 I0518 I0519 I0532 I0548 I0958 I0964 I0980,
U029911,2026-06-01,central,18-24,2,basic,mid,android,33,136.6,,lang_a,0,I0472 I0864 I0881,home_care streaming
U029912,2026-06-01,central,18-24,3,premium,mid,ios,29,55.42,3.0,lang_a,0,I0033 I0652 I0672 I0686 I0694,gaming mobile_accessories
U029913,2026-06-01,central,18-24,3,plus,mid,ios,59,91.04,2.0,lang_b,1,I0050 I0072 I0106 I0281 I0316,computing kitchen
U029914,2026-06-01,central,50+,2,basic,mid,android,69,27.74,,lang_b,1,I0345 I0977,computing home_care
U029915,2026-06-01,east,18-24,2,basic,unknown,ios,69,55.76,3.0,lang_a,1,I0188,creative_hobbies furnishings
U029916,2026-06-01,west,18-24,5,basic,unknown,android,1,32.14,1.0,lang_c,0,I0183 I0577 I0987,bags learning
U029917,2026-06-01,west,25-34,4,basic,mid,android,5,40.07,2.0,lang_b,0,I0866 I0916,bags local_experiences
U029918,2026-06-01,south,50+,3,basic,premium,android,33,163.51,3.0,lang_b,0,I0131,computing fitness
U029919,2026-06-01,central,18-24,3,basic,entry,android,59,22.08,4.0,lang_b,1,I0206 I0307 I0342 I0517 I0583,
U029920,2026-06-01,central,50+,2,basic,entry,android,17,64.81,3.0,lang_a,0,I0240 I0520,
U029921,2026-06-01,east,18-24,2,premium,entry,android,28,64.24,1.0,lang_a,0,,
U029922,2026-06-01,coastal,35-49,5,basic,entry,android,25,129.36,2.0,lang_b,1,I0902 I0905 I0906 I0907 I0911 I0927,connectivity mobile_accessories
U029923,2026-06-01,east,18-24,3,plus,premium,android,31,88.01,4.0,lang_a,1,I0024,
U029924,2026-06-01,coastal,35-49,4,basic,mid,android,73,55.0,2.0,lang_a,1,I0671,computing gaming
U029925,2026-06-01,south,18-24,1,basic,premium,android,66,83.08,3.0,lang_b,0,I0872 I0874,kitchen outdoor
U029926,2026-06-01,west,18-24,4,plus,mid,ios,74,61.62,,lang_c,1,I0012,outdoor wellness
U029927,2026-06-01,east,25-34,5,plus,mid,ios,33,44.7,4.0,lang_b,1,,home_care smart_devices
U029928,2026-06-01,north,35-49,2,basic,mid,ios,55,,4.0,lang_c,0,I0219 I0243 I0513 I0594,books kitchen
U029929,2026-06-01,central,35-49,2,basic,mid,android,59,110.13,2.0,lang_c,1,I0088 I0660,bags home_care
U029930,2026-06-01,coastal,18-24,5,basic,premium,android,18,69.09,,lang_b,1,I0203 I0216,smart_devices streaming
U029931,2026-06-01,central,35-49,3,basic,entry,ios,40,82.15,4.0,lang_a,0,I0200,mobile_accessories streaming
U029932,2026-06-01,east,18-24,4,basic,mid,android,15,38.9,4.0,lang_a,1,,books wellness
U029933,2026-06-01,east,50+,3,plus,mid,ios,62,33.84,4.0,lang_c,1,I0502,
U029934,2026-06-01,east,18-24,3,basic,mid,ios,56,41.09,3.0,lang_a,0,I0189 I0311 I0337,bags smart_devices
U029935,2026-06-01,coastal,25-34,4,basic,premium,ios,83,,,lang_a,0,I0515,
U029936,2026-06-01,north,25-34,4,premium,entry,android,66,105.95,,lang_c,1,,
U029937,2026-06-01,north,25-34,1,basic,entry,ios,70,42.87,4.0,lang_c,1,I0904,
U029938,2026-06-01,coastal,35-49,5,basic,unknown,ios,9,77.68,,lang_c,0,I0033 I0501 I0543,audio wellness
U029939,2026-06-01,south,50+,2,plus,mid,ios,62,137.84,,lang_a,1,I0931 I0938,
U029940,2026-06-01,east,50+,5,basic,mid,android,84,206.8,3.0,lang_b,1,,
U029941,2026-06-01,west,35-49,4,plus,entry,android,72,271.41,2.0,lang_c,0,,
U029942,2026-06-01,west,25-34,1,basic,mid,ios,63,63.94,3.0,lang_b,0,I0003 I0012,
U029943,2026-06-01,south,50+,5,plus,premium,android,39,,4.0,lang_b,1,I0504,
U029944,2026-06-01,coastal,25-34,5,plus,mid,ios,60,77.84,4.0,lang_b,1,,computing home_care
U029945,2026-06-01,east,35-49,4,premium,premium,android,29,92.96,3.0,lang_a,1,I0100 I0466,mobile_accessories wellness
U029946,2026-06-01,west,25-34,2,plus,entry,ios,39,,3.0,lang_c,0,I0260 I0278 I0901,
U029947,2026-06-01,north,18-24,2,basic,premium,ios,14,127.98,4.0,lang_b,1,I0128 I0142 I0143,
U029948,2026-06-01,north,50+,5,basic,mid,android,61,93.36,,lang_c,0,,
U029949,2026-06-01,north,18-24,3,basic,mid,android,19,68.37,3.0,lang_b,1,,
U029950,2026-06-01,coastal,25-34,1,basic,mid,ios,60,68.25,3.0,lang_b,1,I0129 I0291 I0569 I0583,accessories creative_hobbies
U029951,2026-06-01,east,50+,5,basic,mid,android,68,70.46,5.0,lang_c,1,I0460 I0893,
U029952,2026-06-01,east,25-34,3,basic,mid,ios,22,75.97,3.0,lang_b,1,I0307,audio garden
U029953,2026-06-01,west,18-24,1,plus,mid,ios,43,22.65,2.0,lang_a,1,,audio footwear
U029954,2026-06-01,central,18-24,3,premium,premium,ios,78,29.21,,lang_c,1,I0229 I0241 I0258 I0862 I0884,
U029955,2026-06-01,west,35-49,3,basic,mid,android,69,,4.0,lang_c,1,I0167,computing local_experiences
U029956,2026-06-01,south,25-34,1,plus,mid,android,8,,4.0,lang_a,0,I0692,computing garden
U029957,2026-06-01,south,35-49,2,basic,entry,android,57,19.45,2.0,lang_b,0,,bags kitchen
U029958,2026-06-01,south,18-24,3,plus,mid,ios,48,25.19,4.0,lang_b,1,I0652 I0681 I0939,
U029959,2026-06-01,south,25-34,2,basic,premium,android,28,88.47,1.0,lang_b,1,I0465 I0955,
U029960,2026-06-01,east,50+,2,basic,premium,android,57,47.58,3.0,lang_b,0,I0127,kitchen streaming
U029961,2026-06-01,north,25-34,1,plus,mid,android,76,89.94,,lang_a,1,,
U029962,2026-06-01,south,50+,3,premium,entry,ios,3,71.25,4.0,lang_b,1,,
U029963,2026-06-01,east,35-49,2,basic,mid,ios,57,151.3,4.0,lang_c,1,I0058 I0072 I0074,
U029964,2026-06-01,west,25-34,3,plus,premium,android,23,22.24,5.0,lang_a,0,,gaming outdoor
U029965,2026-06-01,west,25-34,2,basic,entry,ios,68,236.94,3.0,lang_c,0,,
U029966,2026-06-01,coastal,35-49,3,plus,entry,android,25,17.01,2.0,lang_a,0,I0023 I0112 I0194 I0925,
U029967,2026-06-01,coastal,25-34,3,plus,premium,android,75,60.36,,lang_b,1,I0669 I0693,gaming home_care
U029968,2026-06-01,north,25-34,4,basic,mid,ios,84,,3.0,lang_b,1,,connectivity kitchen
U029969,2026-06-01,south,50+,4,plus,premium,android,55,25.54,4.0,lang_a,0,I0593 I0869 I0898 I0963,
U029970,2026-06-01,west,35-49,3,basic,entry,android,38,70.6,3.0,lang_c,1,I0676 I0906,
U029971,2026-06-01,north,35-49,5,basic,mid,ios,78,52.77,3.0,lang_c,1,I0681,
U029972,2026-06-01,west,25-34,3,basic,mid,ios,49,48.46,4.0,lang_b,0,,
U029973,2026-06-01,central,50+,1,basic,entry,ios,23,,,lang_a,1,I0035,bags streaming
U029974,2026-06-01,coastal,25-34,1,premium,entry,ios,60,80.82,2.0,lang_b,0,,
U029975,2026-06-01,west,35-49,3,basic,premium,ios,52,73.88,3.0,lang_a,1,I0018 I0250 I0277 I0295 I0572,
U029976,2026-06-01,west,50+,2,premium,premium,ios,5,35.11,2.0,lang_c,1,I0876,
U029977,2026-06-01,west,35-49,4,premium,mid,ios,44,208.89,4.0,lang_a,1,I0251 I0284,delivery smart_devices
U029978,2026-06-01,coastal,50+,4,plus,entry,android,68,92.06,2.0,lang_a,1,I0122 I0594 I0942,
U029979,2026-06-01,east,35-49,2,plus,mid,ios,3,55.18,3.0,lang_b,1,I0457 I0490,footwear garden
U029980,2026-06-01,west,35-49,3,basic,mid,android,46,154.99,2.0,lang_b,1,,audio furnishings
U029981,2026-06-01,east,50+,4,basic,entry,android,49,27.45,4.0,lang_a,1,I0913,
U029982,2026-06-01,north,25-34,4,basic,mid,ios,50,108.5,3.0,lang_b,0,I0016 I0543 I0557 I0591,garden kitchen
U029983,2026-06-01,east,50+,3,plus,entry,android,47,37.94,5.0,lang_a,1,I0069 I0084 I0088 I0324,
U029984,2026-06-01,east,35-49,1,plus,entry,android,10,106.48,2.0,lang_c,0,I0218 I0234,furnishings local_experiences
U029985,2026-06-01,coastal,25-34,3,basic,entry,android,66,108.4,3.0,lang_a,1,I0892,audio books
U029986,2026-06-01,east,35-49,1,basic,mid,android,13,107.72,3.0,lang_a,1,,
U029987,2026-06-01,west,50+,2,plus,premium,android,19,32.47,,lang_c,0,I0860 I0884 I0887,computing smart_devices
U029988,2026-06-01,coastal,25-34,2,plus,premium,ios,41,49.44,2.0,lang_c,1,I0319,learning streaming
U029989,2026-06-01,west,35-49,4,basic,mid,android,57,52.4,3.0,lang_a,1,,gaming garden
U029990,2026-06-01,south,35-49,3,basic,mid,android,56,110.42,,lang_c,1,I0254 I0273 I0450,
U029991,2026-06-01,coastal,35-49,1,plus,premium,android,41,106.86,2.0,lang_b,1,I0523 I0538 I0918,fitness furnishings
U029992,2026-06-01,coastal,18-24,3,basic,mid,android,54,42.31,2.0,lang_c,1,,
U029993,2026-06-01,west,18-24,2,plus,premium,ios,17,106.62,2.0,lang_c,1,,delivery smart_devices
U029994,2026-06-01,south,18-24,4,basic,mid,android,8,38.31,2.0,lang_a,1,I0100 I0138 I0145 I0906 I0932,creative_hobbies kitchen
U029995,2026-06-01,east,18-24,5,basic,entry,android,34,38.26,3.0,lang_c,1,I0188,delivery fitness
U029996,2026-06-01,west,50+,4,plus,mid,ios,41,70.9,4.0,lang_a,1,,
U029997,2026-06-01,central,18-24,2,basic,mid,android,43,130.42,1.0,lang_a,1,,home_care learning
U029998,2026-06-01,east,18-24,3,basic,unknown,android,44,36.92,2.0,lang_a,0,I0016,
U029999,2026-06-01,central,35-49,4,basic,premium,android,53,65.54,4.0,lang_b,1,,
